2025-06-24 00:31:44 [http-nio-8080-exec-1] INFO  o.a.c.c.C.[.[localhost].[/culinary] - Initializing Spring DispatcherServlet 'dispatcherServlet'
2025-06-24 00:31:44 [http-nio-8080-exec-1] DEBUG o.s.security.web.FilterChainProxy - Securing GET /recipe/4
2025-06-24 00:31:44 [http-nio-8080-exec-1] DEBUG o.s.security.web.FilterChainProxy - Secured GET /recipe/4
2025-06-24 00:31:44 [http-nio-8080-exec-1] DEBUG o.s.s.w.a.AnonymousAuthenticationFilter - Set SecurityContextHolder to anonymous SecurityContext
2025-06-24 00:31:44 [http-nio-8080-exec-1] DEBUG o.s.security.web.FilterChainProxy - Securing GET /WEB-INF/views/showRecipe.jsp
2025-06-24 00:31:44 [http-nio-8080-exec-1] DEBUG o.s.security.web.FilterChainProxy - Secured GET /WEB-INF/views/showRecipe.jsp
2025-06-24 00:31:44 [http-nio-8080-exec-2] DEBUG o.s.security.web.FilterChainProxy - Securing GET /styles/normalize.8.0.1.css
2025-06-24 00:31:44 [http-nio-8080-exec-2] DEBUG o.s.security.web.FilterChainProxy - Secured GET /styles/normalize.8.0.1.css
2025-06-24 00:31:44 [http-nio-8080-exec-5] DEBUG o.s.security.web.FilterChainProxy - Securing GET /styles/footer.css
2025-06-24 00:31:44 [http-nio-8080-exec-5] DEBUG o.s.security.web.FilterChainProxy - Secured GET /styles/footer.css
2025-06-24 00:31:44 [http-nio-8080-exec-6] DEBUG o.s.security.web.FilterChainProxy - Securing GET /styles/header.css
2025-06-24 00:31:44 [http-nio-8080-exec-6] DEBUG o.s.security.web.FilterChainProxy - Secured GET /styles/header.css
2025-06-24 00:31:44 [http-nio-8080-exec-7] DEBUG o.s.security.web.FilterChainProxy - Securing GET /styles/global.css
2025-06-24 00:31:44 [http-nio-8080-exec-7] DEBUG o.s.security.web.FilterChainProxy - Secured GET /styles/global.css
2025-06-24 00:31:44 [http-nio-8080-exec-5] DEBUG o.s.s.w.a.AnonymousAuthenticationFilter - Set SecurityContextHolder to anonymous SecurityContext
2025-06-24 00:31:44 [http-nio-8080-exec-4] DEBUG o.s.security.web.FilterChainProxy - Securing GET /styles/showRecipe.css
2025-06-24 00:31:44 [http-nio-8080-exec-2] DEBUG o.s.s.w.a.AnonymousAuthenticationFilter - Set SecurityContextHolder to anonymous SecurityContext
2025-06-24 00:31:44 [http-nio-8080-exec-4] DEBUG o.s.security.web.FilterChainProxy - Secured GET /styles/showRecipe.css
2025-06-24 00:31:44 [http-nio-8080-exec-7] DEBUG o.s.s.w.a.AnonymousAuthenticationFilter - Set SecurityContextHolder to anonymous SecurityContext
2025-06-24 00:31:44 [http-nio-8080-exec-3] DEBUG o.s.security.web.FilterChainProxy - Securing GET /styles/reset.css
2025-06-24 00:31:44 [http-nio-8080-exec-3] DEBUG o.s.security.web.FilterChainProxy - Secured GET /styles/reset.css
2025-06-24 00:31:44 [http-nio-8080-exec-6] DEBUG o.s.s.w.a.AnonymousAuthenticationFilter - Set SecurityContextHolder to anonymous SecurityContext
2025-06-24 00:31:44 [http-nio-8080-exec-4] DEBUG o.s.s.w.a.AnonymousAuthenticationFilter - Set SecurityContextHolder to anonymous SecurityContext
2025-06-24 00:31:44 [http-nio-8080-exec-3] DEBUG o.s.s.w.a.AnonymousAuthenticationFilter - Set SecurityContextHolder to anonymous SecurityContext
2025-06-24 00:31:44 [http-nio-8080-exec-8] DEBUG o.s.security.web.FilterChainProxy - Securing GET /image?file=1750635278979_%D0%A1%D0%BD%D0%B8%D0%BC%D0%BE%D0%BA%20%D1%8D%D0%BA%D1%80%D0%B0%D0%BD%D0%B0%202025-02-20%20%D0%B2%2015.38.15.png
2025-06-24 00:31:44 [http-nio-8080-exec-8] DEBUG o.s.security.web.FilterChainProxy - Secured GET /image?file=1750635278979_%D0%A1%D0%BD%D0%B8%D0%BC%D0%BE%D0%BA%20%D1%8D%D0%BA%D1%80%D0%B0%D0%BD%D0%B0%202025-02-20%20%D0%B2%2015.38.15.png
2025-06-24 00:31:44 [http-nio-8080-exec-8] DEBUG o.s.s.w.a.AnonymousAuthenticationFilter - Set SecurityContextHolder to anonymous SecurityContext
2025-06-24 00:34:31 [http-nio-8080-exec-6] DEBUG o.s.security.web.FilterChainProxy - Securing GET /
2025-06-24 00:34:31 [http-nio-8080-exec-6] DEBUG o.s.security.web.FilterChainProxy - Secured GET /
2025-06-24 00:34:31 [http-nio-8080-exec-6] DEBUG o.s.security.web.FilterChainProxy - Securing GET /WEB-INF/views/mainPage.jsp
2025-06-24 00:34:31 [http-nio-8080-exec-6] DEBUG o.s.security.web.FilterChainProxy - Secured GET /WEB-INF/views/mainPage.jsp
2025-06-24 00:34:31 [http-nio-8080-exec-6] DEBUG o.s.s.w.a.AnonymousAuthenticationFilter - Set SecurityContextHolder to anonymous SecurityContext
2025-06-24 00:34:31 [http-nio-8080-exec-4] DEBUG o.s.security.web.FilterChainProxy - Securing GET /styles/normalize.8.0.1.css
2025-06-24 00:34:31 [http-nio-8080-exec-4] DEBUG o.s.security.web.FilterChainProxy - Secured GET /styles/normalize.8.0.1.css
2025-06-24 00:34:31 [http-nio-8080-exec-4] DEBUG o.s.s.w.a.AnonymousAuthenticationFilter - Set SecurityContextHolder to anonymous SecurityContext
2025-06-24 00:34:31 [http-nio-8080-exec-8] DEBUG o.s.security.web.FilterChainProxy - Securing GET /styles/mainPage.css
2025-06-24 00:34:31 [http-nio-8080-exec-3] DEBUG o.s.security.web.FilterChainProxy - Securing GET /styles/reset.css
2025-06-24 00:34:31 [http-nio-8080-exec-8] DEBUG o.s.security.web.FilterChainProxy - Secured GET /styles/mainPage.css
2025-06-24 00:34:31 [http-nio-8080-exec-1] DEBUG o.s.security.web.FilterChainProxy - Securing GET /styles/global.css
2025-06-24 00:34:31 [http-nio-8080-exec-4] DEBUG o.s.security.web.FilterChainProxy - Securing GET /styles/header.css
2025-06-24 00:34:31 [http-nio-8080-exec-1] DEBUG o.s.security.web.FilterChainProxy - Secured GET /styles/global.css
2025-06-24 00:34:31 [http-nio-8080-exec-4] DEBUG o.s.security.web.FilterChainProxy - Secured GET /styles/header.css
2025-06-24 00:34:31 [http-nio-8080-exec-3] DEBUG o.s.security.web.FilterChainProxy - Secured GET /styles/reset.css
2025-06-24 00:34:31 [http-nio-8080-exec-4] DEBUG o.s.s.w.a.AnonymousAuthenticationFilter - Set SecurityContextHolder to anonymous SecurityContext
2025-06-24 00:34:31 [http-nio-8080-exec-8] DEBUG o.s.s.w.a.AnonymousAuthenticationFilter - Set SecurityContextHolder to anonymous SecurityContext
2025-06-24 00:34:31 [http-nio-8080-exec-1] DEBUG o.s.s.w.a.AnonymousAuthenticationFilter - Set SecurityContextHolder to anonymous SecurityContext
2025-06-24 00:34:31 [http-nio-8080-exec-3] DEBUG o.s.s.w.a.AnonymousAuthenticationFilter - Set SecurityContextHolder to anonymous SecurityContext
2025-06-24 00:34:31 [http-nio-8080-exec-7] DEBUG o.s.security.web.FilterChainProxy - Securing GET /styles/footer.css
2025-06-24 00:34:31 [http-nio-8080-exec-7] DEBUG o.s.security.web.FilterChainProxy - Secured GET /styles/footer.css
2025-06-24 00:34:31 [http-nio-8080-exec-7] DEBUG o.s.s.w.a.AnonymousAuthenticationFilter - Set SecurityContextHolder to anonymous SecurityContext
2025-06-24 00:34:31 [http-nio-8080-exec-10] DEBUG o.s.security.web.FilterChainProxy - Securing GET /image?file=1750635976463_%D0%A1%D0%BD%D0%B8%D0%BC%D0%BE%D0%BA%20%D1%8D%D0%BA%D1%80%D0%B0%D0%BD%D0%B0%202025-03-16%20%D0%B2%2011.03.50.png
2025-06-24 00:34:31 [http-nio-8080-exec-5] DEBUG o.s.security.web.FilterChainProxy - Securing GET /image?file=1750635278979_%D0%A1%D0%BD%D0%B8%D0%BC%D0%BE%D0%BA%20%D1%8D%D0%BA%D1%80%D0%B0%D0%BD%D0%B0%202025-02-20%20%D0%B2%2015.38.15.png
2025-06-24 00:34:31 [http-nio-8080-exec-10] DEBUG o.s.security.web.FilterChainProxy - Secured GET /image?file=1750635976463_%D0%A1%D0%BD%D0%B8%D0%BC%D0%BE%D0%BA%20%D1%8D%D0%BA%D1%80%D0%B0%D0%BD%D0%B0%202025-03-16%20%D0%B2%2011.03.50.png
2025-06-24 00:34:31 [http-nio-8080-exec-5] DEBUG o.s.security.web.FilterChainProxy - Secured GET /image?file=1750635278979_%D0%A1%D0%BD%D0%B8%D0%BC%D0%BE%D0%BA%20%D1%8D%D0%BA%D1%80%D0%B0%D0%BD%D0%B0%202025-02-20%20%D0%B2%2015.38.15.png
2025-06-24 00:34:31 [http-nio-8080-exec-2] DEBUG o.s.security.web.FilterChainProxy - Securing GET /image?file=1750687597303_%D0%A1%D0%BD%D0%B8%D0%BC%D0%BE%D0%BA%20%D1%8D%D0%BA%D1%80%D0%B0%D0%BD%D0%B0%202025-03-16%20%D0%B2%2019.33.55.png
2025-06-24 00:34:31 [http-nio-8080-exec-2] DEBUG o.s.security.web.FilterChainProxy - Secured GET /image?file=1750687597303_%D0%A1%D0%BD%D0%B8%D0%BC%D0%BE%D0%BA%20%D1%8D%D0%BA%D1%80%D0%B0%D0%BD%D0%B0%202025-03-16%20%D0%B2%2019.33.55.png
2025-06-24 00:34:31 [http-nio-8080-exec-10] DEBUG o.s.s.w.a.AnonymousAuthenticationFilter - Set SecurityContextHolder to anonymous SecurityContext
2025-06-24 00:34:31 [http-nio-8080-exec-2] DEBUG o.s.s.w.a.AnonymousAuthenticationFilter - Set SecurityContextHolder to anonymous SecurityContext
2025-06-24 00:34:31 [http-nio-8080-exec-5] DEBUG o.s.s.w.a.AnonymousAuthenticationFilter - Set SecurityContextHolder to anonymous SecurityContext
2025-06-24 00:34:32 [http-nio-8080-exec-6] DEBUG o.s.security.web.FilterChainProxy - Securing GET /recipe/4
2025-06-24 00:34:32 [http-nio-8080-exec-6] DEBUG o.s.security.web.FilterChainProxy - Secured GET /recipe/4
2025-06-24 00:34:32 [http-nio-8080-exec-6] DEBUG o.s.s.w.a.AnonymousAuthenticationFilter - Set SecurityContextHolder to anonymous SecurityContext
2025-06-24 00:34:32 [http-nio-8080-exec-6] DEBUG o.s.security.web.FilterChainProxy - Securing GET /WEB-INF/views/showRecipe.jsp
2025-06-24 00:34:32 [http-nio-8080-exec-6] DEBUG o.s.security.web.FilterChainProxy - Secured GET /WEB-INF/views/showRecipe.jsp
2025-06-24 00:34:32 [http-nio-8080-exec-4] DEBUG o.s.security.web.FilterChainProxy - Securing GET /styles/reset.css
2025-06-24 00:34:32 [http-nio-8080-exec-1] DEBUG o.s.security.web.FilterChainProxy - Securing GET /styles/global.css
2025-06-24 00:34:32 [http-nio-8080-exec-9] DEBUG o.s.security.web.FilterChainProxy - Securing GET /styles/normalize.8.0.1.css
2025-06-24 00:34:32 [http-nio-8080-exec-4] DEBUG o.s.security.web.FilterChainProxy - Secured GET /styles/reset.css
2025-06-24 00:34:32 [http-nio-8080-exec-1] DEBUG o.s.security.web.FilterChainProxy - Secured GET /styles/global.css
2025-06-24 00:34:32 [http-nio-8080-exec-9] DEBUG o.s.security.web.FilterChainProxy - Secured GET /styles/normalize.8.0.1.css
2025-06-24 00:34:32 [http-nio-8080-exec-8] DEBUG o.s.security.web.FilterChainProxy - Securing GET /styles/showRecipe.css
2025-06-24 00:34:32 [http-nio-8080-exec-8] DEBUG o.s.security.web.FilterChainProxy - Secured GET /styles/showRecipe.css
2025-06-24 00:34:32 [http-nio-8080-exec-3] DEBUG o.s.security.web.FilterChainProxy - Securing GET /styles/header.css
2025-06-24 00:34:32 [http-nio-8080-exec-3] DEBUG o.s.security.web.FilterChainProxy - Secured GET /styles/header.css
2025-06-24 00:34:32 [http-nio-8080-exec-9] DEBUG o.s.s.w.a.AnonymousAuthenticationFilter - Set SecurityContextHolder to anonymous SecurityContext
2025-06-24 00:34:32 [http-nio-8080-exec-8] DEBUG o.s.s.w.a.AnonymousAuthenticationFilter - Set SecurityContextHolder to anonymous SecurityContext
2025-06-24 00:34:32 [http-nio-8080-exec-3] DEBUG o.s.s.w.a.AnonymousAuthenticationFilter - Set SecurityContextHolder to anonymous SecurityContext
2025-06-24 00:34:32 [http-nio-8080-exec-4] DEBUG o.s.s.w.a.AnonymousAuthenticationFilter - Set SecurityContextHolder to anonymous SecurityContext
2025-06-24 00:34:32 [http-nio-8080-exec-9] DEBUG o.s.security.web.FilterChainProxy - Securing GET /styles/footer.css
2025-06-24 00:34:32 [http-nio-8080-exec-9] DEBUG o.s.security.web.FilterChainProxy - Secured GET /styles/footer.css
2025-06-24 00:34:32 [http-nio-8080-exec-1] DEBUG o.s.s.w.a.AnonymousAuthenticationFilter - Set SecurityContextHolder to anonymous SecurityContext
2025-06-24 00:34:32 [http-nio-8080-exec-10] DEBUG o.s.security.web.FilterChainProxy - Securing GET /image?file=1750635278979_%D0%A1%D0%BD%D0%B8%D0%BC%D0%BE%D0%BA%20%D1%8D%D0%BA%D1%80%D0%B0%D0%BD%D0%B0%202025-02-20%20%D0%B2%2015.38.15.png
2025-06-24 00:34:32 [http-nio-8080-exec-9] DEBUG o.s.s.w.a.AnonymousAuthenticationFilter - Set SecurityContextHolder to anonymous SecurityContext
2025-06-24 00:34:32 [http-nio-8080-exec-10] DEBUG o.s.security.web.FilterChainProxy - Secured GET /image?file=1750635278979_%D0%A1%D0%BD%D0%B8%D0%BC%D0%BE%D0%BA%20%D1%8D%D0%BA%D1%80%D0%B0%D0%BD%D0%B0%202025-02-20%20%D0%B2%2015.38.15.png
2025-06-24 00:34:32 [http-nio-8080-exec-10] DEBUG o.s.s.w.a.AnonymousAuthenticationFilter - Set SecurityContextHolder to anonymous SecurityContext
2025-06-24 00:57:31 [http-nio-8080-exec-1] DEBUG o.s.security.web.FilterChainProxy - Securing GET /recipe/4
2025-06-24 00:57:31 [http-nio-8080-exec-1] DEBUG o.s.security.web.FilterChainProxy - Secured GET /recipe/4
2025-06-24 00:57:31 [http-nio-8080-exec-1] DEBUG o.s.s.w.a.AnonymousAuthenticationFilter - Set SecurityContextHolder to anonymous SecurityContext
2025-06-24 00:57:31 [http-nio-8080-exec-1] DEBUG o.s.security.web.FilterChainProxy - Securing GET /WEB-INF/views/showRecipe.jsp
2025-06-24 00:57:31 [http-nio-8080-exec-1] DEBUG o.s.security.web.FilterChainProxy - Secured GET /WEB-INF/views/showRecipe.jsp
2025-06-24 00:57:31 [http-nio-8080-exec-10] DEBUG o.s.security.web.FilterChainProxy - Securing GET /styles/reset.css
2025-06-24 00:57:31 [http-nio-8080-exec-9] DEBUG o.s.security.web.FilterChainProxy - Securing GET /styles/normalize.8.0.1.css
2025-06-24 00:57:31 [http-nio-8080-exec-9] DEBUG o.s.security.web.FilterChainProxy - Secured GET /styles/normalize.8.0.1.css
2025-06-24 00:57:31 [http-nio-8080-exec-10] DEBUG o.s.security.web.FilterChainProxy - Secured GET /styles/reset.css
2025-06-24 00:57:31 [http-nio-8080-exec-8] DEBUG o.s.security.web.FilterChainProxy - Securing GET /styles/showRecipe.css
2025-06-24 00:57:31 [http-nio-8080-exec-8] DEBUG o.s.security.web.FilterChainProxy - Secured GET /styles/showRecipe.css
2025-06-24 00:57:31 [http-nio-8080-exec-9] DEBUG o.s.s.w.a.AnonymousAuthenticationFilter - Set SecurityContextHolder to anonymous SecurityContext
2025-06-24 00:57:31 [http-nio-8080-exec-10] DEBUG o.s.s.w.a.AnonymousAuthenticationFilter - Set SecurityContextHolder to anonymous SecurityContext
2025-06-24 00:57:31 [http-nio-8080-exec-7] DEBUG o.s.security.web.FilterChainProxy - Securing GET /styles/header.css
2025-06-24 00:57:31 [http-nio-8080-exec-7] DEBUG o.s.security.web.FilterChainProxy - Secured GET /styles/header.css
2025-06-24 00:57:31 [http-nio-8080-exec-8] DEBUG o.s.s.w.a.AnonymousAuthenticationFilter - Set SecurityContextHolder to anonymous SecurityContext
2025-06-24 00:57:31 [http-nio-8080-exec-6] DEBUG o.s.security.web.FilterChainProxy - Securing GET /styles/footer.css
2025-06-24 00:57:31 [http-nio-8080-exec-9] DEBUG o.s.security.web.FilterChainProxy - Securing GET /styles/global.css
2025-06-24 00:57:31 [http-nio-8080-exec-6] DEBUG o.s.security.web.FilterChainProxy - Secured GET /styles/footer.css
2025-06-24 00:57:31 [http-nio-8080-exec-9] DEBUG o.s.security.web.FilterChainProxy - Secured GET /styles/global.css
2025-06-24 00:57:31 [http-nio-8080-exec-7] DEBUG o.s.s.w.a.AnonymousAuthenticationFilter - Set SecurityContextHolder to anonymous SecurityContext
2025-06-24 00:57:31 [http-nio-8080-exec-9] DEBUG o.s.s.w.a.AnonymousAuthenticationFilter - Set SecurityContextHolder to anonymous SecurityContext
2025-06-24 00:57:31 [http-nio-8080-exec-6] DEBUG o.s.s.w.a.AnonymousAuthenticationFilter - Set SecurityContextHolder to anonymous SecurityContext
2025-06-24 00:57:31 [http-nio-8080-exec-2] DEBUG o.s.security.web.FilterChainProxy - Securing GET /image?file=1750635278979_%D0%A1%D0%BD%D0%B8%D0%BC%D0%BE%D0%BA%20%D1%8D%D0%BA%D1%80%D0%B0%D0%BD%D0%B0%202025-02-20%20%D0%B2%2015.38.15.png
2025-06-24 00:57:31 [http-nio-8080-exec-2] DEBUG o.s.security.web.FilterChainProxy - Secured GET /image?file=1750635278979_%D0%A1%D0%BD%D0%B8%D0%BC%D0%BE%D0%BA%20%D1%8D%D0%BA%D1%80%D0%B0%D0%BD%D0%B0%202025-02-20%20%D0%B2%2015.38.15.png
2025-06-24 00:57:31 [http-nio-8080-exec-2] DEBUG o.s.s.w.a.AnonymousAuthenticationFilter - Set SecurityContextHolder to anonymous SecurityContext
2025-06-24 00:57:33 [http-nio-8080-exec-5] DEBUG o.s.security.web.FilterChainProxy - Securing POST /recipe/4/pdf
2025-06-24 00:57:33 [http-nio-8080-exec-5] DEBUG o.s.security.web.FilterChainProxy - Secured POST /recipe/4/pdf
2025-06-24 00:57:33 [http-nio-8080-exec-5] ERROR o.e.e.GlobalExceptionHandler - Unhandled exception: 403 Forbidden: [no body]
org.springframework.web.client.HttpClientErrorException$Forbidden: 403 Forbidden: [no body]
	at org.springframework.web.client.HttpClientErrorException.create(HttpClientErrorException.java:109) ~[spring-web-6.1.8.jar:6.1.8]
	at org.springframework.web.client.DefaultResponseErrorHandler.handleError(DefaultResponseErrorHandler.java:183) ~[spring-web-6.1.8.jar:6.1.8]
	at org.springframework.web.client.DefaultResponseErrorHandler.handleError(DefaultResponseErrorHandler.java:137) ~[spring-web-6.1.8.jar:6.1.8]
	at org.springframework.web.client.ResponseErrorHandler.handleError(ResponseErrorHandler.java:63) ~[spring-web-6.1.8.jar:6.1.8]
	at org.springframework.web.client.RestTemplate.handleResponse(RestTemplate.java:942) ~[spring-web-6.1.8.jar:6.1.8]
	at org.springframework.web.client.RestTemplate.doExecute(RestTemplate.java:891) ~[spring-web-6.1.8.jar:6.1.8]
	at org.springframework.web.client.RestTemplate.execute(RestTemplate.java:790) ~[spring-web-6.1.8.jar:6.1.8]
	at org.springframework.web.client.RestTemplate.postForObject(RestTemplate.java:507) ~[spring-web-6.1.8.jar:6.1.8]
	at org.example.controllers.ShowRecipeController.generatePdf(ShowRecipeController.java:118) ~[classes/:na]
	at java.base/jdk.internal.reflect.DirectMethodHandleAccessor.invoke(DirectMethodHandleAccessor.java:103) ~[na:na]
	at java.base/java.lang.reflect.Method.invoke(Method.java:580) ~[na:na]
	at org.springframework.web.method.support.InvocableHandlerMethod.doInvoke(InvocableHandlerMethod.java:255) ~[spring-web-6.1.8.jar:6.1.8]
	at org.springframework.web.method.support.InvocableHandlerMethod.invokeForRequest(InvocableHandlerMethod.java:188) ~[spring-web-6.1.8.jar:6.1.8]
	at org.springframework.web.servlet.mvc.method.annotation.ServletInvocableHandlerMethod.invokeAndHandle(ServletInvocableHandlerMethod.java:118) ~[spring-webmvc-6.1.8.jar:6.1.8]
	at org.springframework.web.servlet.mvc.method.annotation.RequestMappingHandlerAdapter.invokeHandlerMethod(RequestMappingHandlerAdapter.java:926) ~[spring-webmvc-6.1.8.jar:6.1.8]
	at org.springframework.web.servlet.mvc.method.annotation.RequestMappingHandlerAdapter.handleInternal(RequestMappingHandlerAdapter.java:831) ~[spring-webmvc-6.1.8.jar:6.1.8]
	at org.springframework.web.servlet.mvc.method.AbstractHandlerMethodAdapter.handle(AbstractHandlerMethodAdapter.java:87) ~[spring-webmvc-6.1.8.jar:6.1.8]
	at org.springframework.web.servlet.DispatcherServlet.doDispatch(DispatcherServlet.java:1089) ~[spring-webmvc-6.1.8.jar:6.1.8]
	at org.springframework.web.servlet.DispatcherServlet.doService(DispatcherServlet.java:979) ~[spring-webmvc-6.1.8.jar:6.1.8]
	at org.springframework.web.servlet.FrameworkServlet.processRequest(FrameworkServlet.java:1014) ~[spring-webmvc-6.1.8.jar:6.1.8]
	at org.springframework.web.servlet.FrameworkServlet.doPost(FrameworkServlet.java:914) ~[spring-webmvc-6.1.8.jar:6.1.8]
	at jakarta.servlet.http.HttpServlet.service(HttpServlet.java:590) ~[tomcat-embed-core-10.1.24.jar:6.0]
	at org.springframework.web.servlet.FrameworkServlet.service(FrameworkServlet.java:885) ~[spring-webmvc-6.1.8.jar:6.1.8]
	at jakarta.servlet.http.HttpServlet.service(HttpServlet.java:658) ~[tomcat-embed-core-10.1.24.jar:6.0]
	at org.apache.catalina.core.ApplicationFilterChain.internalDoFilter(ApplicationFilterChain.java:195) ~[tomcat-embed-core-10.1.24.jar:10.1.24]
	at org.apache.catalina.core.ApplicationFilterChain.doFilter(ApplicationFilterChain.java:140) ~[tomcat-embed-core-10.1.24.jar:10.1.24]
	at org.apache.tomcat.websocket.server.WsFilter.doFilter(WsFilter.java:51) ~[tomcat-embed-websocket-10.1.24.jar:10.1.24]
	at org.apache.catalina.core.ApplicationFilterChain.internalDoFilter(ApplicationFilterChain.java:164) ~[tomcat-embed-core-10.1.24.jar:10.1.24]
	at org.apache.catalina.core.ApplicationFilterChain.doFilter(ApplicationFilterChain.java:140) ~[tomcat-embed-core-10.1.24.jar:10.1.24]
	at org.springframework.web.filter.CompositeFilter$VirtualFilterChain.doFilter(CompositeFilter.java:108) ~[spring-web-6.1.8.jar:6.1.8]
	at org.springframework.security.web.FilterChainProxy.lambda$doFilterInternal$3(FilterChainProxy.java:231) ~[spring-security-web-6.3.0.jar:6.3.0]
	at org.springframework.security.web.FilterChainProxy$VirtualFilterChain.doFilter(FilterChainProxy.java:365) ~[spring-security-web-6.3.0.jar:6.3.0]
	at org.springframework.security.web.access.intercept.AuthorizationFilter.doFilter(AuthorizationFilter.java:100) ~[spring-security-web-6.3.0.jar:6.3.0]
	at org.springframework.security.web.FilterChainProxy$VirtualFilterChain.doFilter(FilterChainProxy.java:374) ~[spring-security-web-6.3.0.jar:6.3.0]
	at org.springframework.security.web.access.ExceptionTranslationFilter.doFilter(ExceptionTranslationFilter.java:126) ~[spring-security-web-6.3.0.jar:6.3.0]
	at org.springframework.security.web.access.ExceptionTranslationFilter.doFilter(ExceptionTranslationFilter.java:120) ~[spring-security-web-6.3.0.jar:6.3.0]
	at org.springframework.security.web.FilterChainProxy$VirtualFilterChain.doFilter(FilterChainProxy.java:374) ~[spring-security-web-6.3.0.jar:6.3.0]
	at org.springframework.security.web.authentication.AnonymousAuthenticationFilter.doFilter(AnonymousAuthenticationFilter.java:100) ~[spring-security-web-6.3.0.jar:6.3.0]
	at org.springframework.security.web.FilterChainProxy$VirtualFilterChain.doFilter(FilterChainProxy.java:374) ~[spring-security-web-6.3.0.jar:6.3.0]
	at org.springframework.security.web.servletapi.SecurityContextHolderAwareRequestFilter.doFilter(SecurityContextHolderAwareRequestFilter.java:179) ~[spring-security-web-6.3.0.jar:6.3.0]
	at org.springframework.security.web.FilterChainProxy$VirtualFilterChain.doFilter(FilterChainProxy.java:374) ~[spring-security-web-6.3.0.jar:6.3.0]
	at org.springframework.security.web.savedrequest.RequestCacheAwareFilter.doFilter(RequestCacheAwareFilter.java:63) ~[spring-security-web-6.3.0.jar:6.3.0]
	at org.springframework.security.web.FilterChainProxy$VirtualFilterChain.doFilter(FilterChainProxy.java:374) ~[spring-security-web-6.3.0.jar:6.3.0]
	at org.springframework.security.web.authentication.AbstractAuthenticationProcessingFilter.doFilter(AbstractAuthenticationProcessingFilter.java:227) ~[spring-security-web-6.3.0.jar:6.3.0]
	at org.springframework.security.web.authentication.AbstractAuthenticationProcessingFilter.doFilter(AbstractAuthenticationProcessingFilter.java:221) ~[spring-security-web-6.3.0.jar:6.3.0]
	at org.springframework.security.web.FilterChainProxy$VirtualFilterChain.doFilter(FilterChainProxy.java:374) ~[spring-security-web-6.3.0.jar:6.3.0]
	at org.springframework.security.web.authentication.logout.LogoutFilter.doFilter(LogoutFilter.java:107) ~[spring-security-web-6.3.0.jar:6.3.0]
	at org.springframework.security.web.authentication.logout.LogoutFilter.doFilter(LogoutFilter.java:93) ~[spring-security-web-6.3.0.jar:6.3.0]
	at org.springframework.security.web.FilterChainProxy$VirtualFilterChain.doFilter(FilterChainProxy.java:374) ~[spring-security-web-6.3.0.jar:6.3.0]
	at org.springframework.security.web.csrf.CsrfFilter.doFilterInternal(CsrfFilter.java:131) ~[spring-security-web-6.3.0.jar:6.3.0]
	at org.springframework.web.filter.OncePerRequestFilter.doFilter(OncePerRequestFilter.java:116) ~[spring-web-6.1.8.jar:6.1.8]
	at org.springframework.security.web.FilterChainProxy$VirtualFilterChain.doFilter(FilterChainProxy.java:374) ~[spring-security-web-6.3.0.jar:6.3.0]
	at org.springframework.web.filter.CorsFilter.doFilterInternal(CorsFilter.java:91) ~[spring-web-6.1.8.jar:6.1.8]
	at org.springframework.web.filter.OncePerRequestFilter.doFilter(OncePerRequestFilter.java:116) ~[spring-web-6.1.8.jar:6.1.8]
	at org.springframework.security.web.FilterChainProxy$VirtualFilterChain.doFilter(FilterChainProxy.java:374) ~[spring-security-web-6.3.0.jar:6.3.0]
	at org.springframework.security.web.header.HeaderWriterFilter.doHeadersAfter(HeaderWriterFilter.java:90) ~[spring-security-web-6.3.0.jar:6.3.0]
	at org.springframework.security.web.header.HeaderWriterFilter.doFilterInternal(HeaderWriterFilter.java:75) ~[spring-security-web-6.3.0.jar:6.3.0]
	at org.springframework.web.filter.OncePerRequestFilter.doFilter(OncePerRequestFilter.java:116) ~[spring-web-6.1.8.jar:6.1.8]
	at org.springframework.security.web.FilterChainProxy$VirtualFilterChain.doFilter(FilterChainProxy.java:374) ~[spring-security-web-6.3.0.jar:6.3.0]
	at org.springframework.security.web.context.SecurityContextHolderFilter.doFilter(SecurityContextHolderFilter.java:82) ~[spring-security-web-6.3.0.jar:6.3.0]
	at org.springframework.security.web.context.SecurityContextHolderFilter.doFilter(SecurityContextHolderFilter.java:69) ~[spring-security-web-6.3.0.jar:6.3.0]
	at org.springframework.security.web.FilterChainProxy$VirtualFilterChain.doFilter(FilterChainProxy.java:374) ~[spring-security-web-6.3.0.jar:6.3.0]
	at org.springframework.security.web.context.request.async.WebAsyncManagerIntegrationFilter.doFilterInternal(WebAsyncManagerIntegrationFilter.java:62) ~[spring-security-web-6.3.0.jar:6.3.0]
	at org.springframework.web.filter.OncePerRequestFilter.doFilter(OncePerRequestFilter.java:116) ~[spring-web-6.1.8.jar:6.1.8]
	at org.springframework.security.web.FilterChainProxy$VirtualFilterChain.doFilter(FilterChainProxy.java:374) ~[spring-security-web-6.3.0.jar:6.3.0]
	at org.springframework.security.web.session.DisableEncodeUrlFilter.doFilterInternal(DisableEncodeUrlFilter.java:42) ~[spring-security-web-6.3.0.jar:6.3.0]
	at org.springframework.web.filter.OncePerRequestFilter.doFilter(OncePerRequestFilter.java:116) ~[spring-web-6.1.8.jar:6.1.8]
	at org.springframework.security.web.FilterChainProxy$VirtualFilterChain.doFilter(FilterChainProxy.java:374) ~[spring-security-web-6.3.0.jar:6.3.0]
	at org.springframework.security.web.FilterChainProxy.doFilterInternal(FilterChainProxy.java:233) ~[spring-security-web-6.3.0.jar:6.3.0]
	at org.springframework.security.web.FilterChainProxy.doFilter(FilterChainProxy.java:191) ~[spring-security-web-6.3.0.jar:6.3.0]
	at org.springframework.web.filter.CompositeFilter$VirtualFilterChain.doFilter(CompositeFilter.java:113) ~[spring-web-6.1.8.jar:6.1.8]
	at org.springframework.web.servlet.handler.HandlerMappingIntrospector.lambda$createCacheFilter$3(HandlerMappingIntrospector.java:195) ~[spring-webmvc-6.1.8.jar:6.1.8]
	at org.springframework.web.filter.CompositeFilter$VirtualFilterChain.doFilter(CompositeFilter.java:113) ~[spring-web-6.1.8.jar:6.1.8]
	at org.springframework.web.filter.CompositeFilter.doFilter(CompositeFilter.java:74) ~[spring-web-6.1.8.jar:6.1.8]
	at org.springframework.security.config.annotation.web.configuration.WebMvcSecurityConfiguration$CompositeFilterChainProxy.doFilter(WebMvcSecurityConfiguration.java:230) ~[spring-security-config-6.3.0.jar:6.3.0]
	at org.springframework.web.filter.DelegatingFilterProxy.invokeDelegate(DelegatingFilterProxy.java:352) ~[spring-web-6.1.8.jar:6.1.8]
	at org.springframework.web.filter.DelegatingFilterProxy.doFilter(DelegatingFilterProxy.java:268) ~[spring-web-6.1.8.jar:6.1.8]
	at org.apache.catalina.core.ApplicationFilterChain.internalDoFilter(ApplicationFilterChain.java:164) ~[tomcat-embed-core-10.1.24.jar:10.1.24]
	at org.apache.catalina.core.ApplicationFilterChain.doFilter(ApplicationFilterChain.java:140) ~[tomcat-embed-core-10.1.24.jar:10.1.24]
	at org.springframework.web.filter.RequestContextFilter.doFilterInternal(RequestContextFilter.java:100) ~[spring-web-6.1.8.jar:6.1.8]
	at org.springframework.web.filter.OncePerRequestFilter.doFilter(OncePerRequestFilter.java:116) ~[spring-web-6.1.8.jar:6.1.8]
	at org.apache.catalina.core.ApplicationFilterChain.internalDoFilter(ApplicationFilterChain.java:164) ~[tomcat-embed-core-10.1.24.jar:10.1.24]
	at org.apache.catalina.core.ApplicationFilterChain.doFilter(ApplicationFilterChain.java:140) ~[tomcat-embed-core-10.1.24.jar:10.1.24]
	at org.springframework.web.filter.FormContentFilter.doFilterInternal(FormContentFilter.java:93) ~[spring-web-6.1.8.jar:6.1.8]
	at org.springframework.web.filter.OncePerRequestFilter.doFilter(OncePerRequestFilter.java:116) ~[spring-web-6.1.8.jar:6.1.8]
	at org.apache.catalina.core.ApplicationFilterChain.internalDoFilter(ApplicationFilterChain.java:164) ~[tomcat-embed-core-10.1.24.jar:10.1.24]
	at org.apache.catalina.core.ApplicationFilterChain.doFilter(ApplicationFilterChain.java:140) ~[tomcat-embed-core-10.1.24.jar:10.1.24]
	at org.springframework.web.filter.CharacterEncodingFilter.doFilterInternal(CharacterEncodingFilter.java:201) ~[spring-web-6.1.8.jar:6.1.8]
	at org.springframework.web.filter.OncePerRequestFilter.doFilter(OncePerRequestFilter.java:116) ~[spring-web-6.1.8.jar:6.1.8]
	at org.apache.catalina.core.ApplicationFilterChain.internalDoFilter(ApplicationFilterChain.java:164) ~[tomcat-embed-core-10.1.24.jar:10.1.24]
	at org.apache.catalina.core.ApplicationFilterChain.doFilter(ApplicationFilterChain.java:140) ~[tomcat-embed-core-10.1.24.jar:10.1.24]
	at org.apache.catalina.core.StandardWrapperValve.invoke(StandardWrapperValve.java:167) ~[tomcat-embed-core-10.1.24.jar:10.1.24]
	at org.apache.catalina.core.StandardContextValve.invoke(StandardContextValve.java:90) ~[tomcat-embed-core-10.1.24.jar:10.1.24]
	at org.apache.catalina.authenticator.AuthenticatorBase.invoke(AuthenticatorBase.java:482) ~[tomcat-embed-core-10.1.24.jar:10.1.24]
	at org.apache.catalina.core.StandardHostValve.invoke(StandardHostValve.java:115) ~[tomcat-embed-core-10.1.24.jar:10.1.24]
	at org.apache.catalina.valves.ErrorReportValve.invoke(ErrorReportValve.java:93) ~[tomcat-embed-core-10.1.24.jar:10.1.24]
	at org.apache.catalina.core.StandardEngineValve.invoke(StandardEngineValve.java:74) ~[tomcat-embed-core-10.1.24.jar:10.1.24]
	at org.apache.catalina.connector.CoyoteAdapter.service(CoyoteAdapter.java:344) ~[tomcat-embed-core-10.1.24.jar:10.1.24]
	at org.apache.coyote.http11.Http11Processor.service(Http11Processor.java:389) ~[tomcat-embed-core-10.1.24.jar:10.1.24]
	at org.apache.coyote.AbstractProcessorLight.process(AbstractProcessorLight.java:63) ~[tomcat-embed-core-10.1.24.jar:10.1.24]
	at org.apache.coyote.AbstractProtocol$ConnectionHandler.process(AbstractProtocol.java:896) ~[tomcat-embed-core-10.1.24.jar:10.1.24]
	at org.apache.tomcat.util.net.NioEndpoint$SocketProcessor.doRun(NioEndpoint.java:1741) ~[tomcat-embed-core-10.1.24.jar:10.1.24]
	at org.apache.tomcat.util.net.SocketProcessorBase.run(SocketProcessorBase.java:52) ~[tomcat-embed-core-10.1.24.jar:10.1.24]
	at org.apache.tomcat.util.threads.ThreadPoolExecutor.runWorker(ThreadPoolExecutor.java:1190) ~[tomcat-embed-core-10.1.24.jar:10.1.24]
	at org.apache.tomcat.util.threads.ThreadPoolExecutor$Worker.run(ThreadPoolExecutor.java:659) ~[tomcat-embed-core-10.1.24.jar:10.1.24]
	at org.apache.tomcat.util.threads.TaskThread$WrappingRunnable.run(TaskThread.java:63) ~[tomcat-embed-core-10.1.24.jar:10.1.24]
	at java.base/java.lang.Thread.run(Thread.java:1583) ~[na:na]
2025-06-24 00:57:33 [http-nio-8080-exec-5] WARN  o.s.w.s.m.m.a.ExceptionHandlerExceptionResolver - Resolved [org.springframework.web.client.HttpClientErrorException$Forbidden: 403 Forbidden: [no body]]
2025-06-24 00:57:33 [http-nio-8080-exec-5] DEBUG o.s.s.w.a.AnonymousAuthenticationFilter - Set SecurityContextHolder to anonymous SecurityContext
2025-06-24 01:05:13 [http-nio-8080-exec-9] DEBUG o.s.security.web.FilterChainProxy - Securing GET /recipe/4
2025-06-24 01:05:13 [http-nio-8080-exec-9] DEBUG o.s.security.web.FilterChainProxy - Secured GET /recipe/4
2025-06-24 01:05:13 [http-nio-8080-exec-9] DEBUG o.s.s.w.a.AnonymousAuthenticationFilter - Set SecurityContextHolder to anonymous SecurityContext
2025-06-24 01:05:13 [http-nio-8080-exec-9] DEBUG o.s.security.web.FilterChainProxy - Securing GET /WEB-INF/views/showRecipe.jsp
2025-06-24 01:05:13 [http-nio-8080-exec-9] DEBUG o.s.security.web.FilterChainProxy - Secured GET /WEB-INF/views/showRecipe.jsp
2025-06-24 01:05:13 [http-nio-8080-exec-2] DEBUG o.s.security.web.FilterChainProxy - Securing GET /styles/reset.css
2025-06-24 01:05:13 [http-nio-8080-exec-6] DEBUG o.s.security.web.FilterChainProxy - Securing GET /styles/normalize.8.0.1.css
2025-06-24 01:05:13 [http-nio-8080-exec-2] DEBUG o.s.security.web.FilterChainProxy - Secured GET /styles/reset.css
2025-06-24 01:05:13 [http-nio-8080-exec-6] DEBUG o.s.security.web.FilterChainProxy - Secured GET /styles/normalize.8.0.1.css
2025-06-24 01:05:13 [http-nio-8080-exec-3] DEBUG o.s.security.web.FilterChainProxy - Securing GET /styles/header.css
2025-06-24 01:05:13 [http-nio-8080-exec-1] DEBUG o.s.security.web.FilterChainProxy - Securing GET /styles/global.css
2025-06-24 01:05:13 [http-nio-8080-exec-3] DEBUG o.s.security.web.FilterChainProxy - Secured GET /styles/header.css
2025-06-24 01:05:13 [http-nio-8080-exec-10] DEBUG o.s.security.web.FilterChainProxy - Securing GET /styles/footer.css
2025-06-24 01:05:13 [http-nio-8080-exec-5] DEBUG o.s.security.web.FilterChainProxy - Securing GET /styles/showRecipe.css
2025-06-24 01:05:13 [http-nio-8080-exec-1] DEBUG o.s.security.web.FilterChainProxy - Secured GET /styles/global.css
2025-06-24 01:05:13 [http-nio-8080-exec-5] DEBUG o.s.security.web.FilterChainProxy - Secured GET /styles/showRecipe.css
2025-06-24 01:05:13 [http-nio-8080-exec-10] DEBUG o.s.security.web.FilterChainProxy - Secured GET /styles/footer.css
2025-06-24 01:05:13 [http-nio-8080-exec-5] DEBUG o.s.s.w.a.AnonymousAuthenticationFilter - Set SecurityContextHolder to anonymous SecurityContext
2025-06-24 01:05:13 [http-nio-8080-exec-6] DEBUG o.s.s.w.a.AnonymousAuthenticationFilter - Set SecurityContextHolder to anonymous SecurityContext
2025-06-24 01:05:13 [http-nio-8080-exec-2] DEBUG o.s.s.w.a.AnonymousAuthenticationFilter - Set SecurityContextHolder to anonymous SecurityContext
2025-06-24 01:05:13 [http-nio-8080-exec-1] DEBUG o.s.s.w.a.AnonymousAuthenticationFilter - Set SecurityContextHolder to anonymous SecurityContext
2025-06-24 01:05:13 [http-nio-8080-exec-10] DEBUG o.s.s.w.a.AnonymousAuthenticationFilter - Set SecurityContextHolder to anonymous SecurityContext
2025-06-24 01:05:13 [http-nio-8080-exec-3] DEBUG o.s.s.w.a.AnonymousAuthenticationFilter - Set SecurityContextHolder to anonymous SecurityContext
2025-06-24 01:05:13 [http-nio-8080-exec-4] DEBUG o.s.security.web.FilterChainProxy - Securing GET /image?file=1750635278979_%D0%A1%D0%BD%D0%B8%D0%BC%D0%BE%D0%BA%20%D1%8D%D0%BA%D1%80%D0%B0%D0%BD%D0%B0%202025-02-20%20%D0%B2%2015.38.15.png
2025-06-24 01:05:13 [http-nio-8080-exec-4] DEBUG o.s.security.web.FilterChainProxy - Secured GET /image?file=1750635278979_%D0%A1%D0%BD%D0%B8%D0%BC%D0%BE%D0%BA%20%D1%8D%D0%BA%D1%80%D0%B0%D0%BD%D0%B0%202025-02-20%20%D0%B2%2015.38.15.png
2025-06-24 01:05:13 [http-nio-8080-exec-4] DEBUG o.s.s.w.a.AnonymousAuthenticationFilter - Set SecurityContextHolder to anonymous SecurityContext
2025-06-24 01:05:14 [http-nio-8080-exec-8] DEBUG o.s.security.web.FilterChainProxy - Securing POST /recipe/4/pdf
2025-06-24 01:05:14 [http-nio-8080-exec-8] DEBUG o.s.security.web.FilterChainProxy - Secured POST /recipe/4/pdf
2025-06-24 01:05:14 [http-nio-8080-exec-8] ERROR o.e.e.GlobalExceptionHandler - Unhandled exception: 403 Forbidden: [no body]
org.springframework.web.client.HttpClientErrorException$Forbidden: 403 Forbidden: [no body]
	at org.springframework.web.client.HttpClientErrorException.create(HttpClientErrorException.java:109) ~[spring-web-6.1.8.jar:6.1.8]
	at org.springframework.web.client.DefaultResponseErrorHandler.handleError(DefaultResponseErrorHandler.java:183) ~[spring-web-6.1.8.jar:6.1.8]
	at org.springframework.web.client.DefaultResponseErrorHandler.handleError(DefaultResponseErrorHandler.java:137) ~[spring-web-6.1.8.jar:6.1.8]
	at org.springframework.web.client.ResponseErrorHandler.handleError(ResponseErrorHandler.java:63) ~[spring-web-6.1.8.jar:6.1.8]
	at org.springframework.web.client.RestTemplate.handleResponse(RestTemplate.java:942) ~[spring-web-6.1.8.jar:6.1.8]
	at org.springframework.web.client.RestTemplate.doExecute(RestTemplate.java:891) ~[spring-web-6.1.8.jar:6.1.8]
	at org.springframework.web.client.RestTemplate.execute(RestTemplate.java:790) ~[spring-web-6.1.8.jar:6.1.8]
	at org.springframework.web.client.RestTemplate.postForObject(RestTemplate.java:507) ~[spring-web-6.1.8.jar:6.1.8]
	at org.example.controllers.ShowRecipeController.generatePdf(ShowRecipeController.java:118) ~[classes/:na]
	at java.base/jdk.internal.reflect.DirectMethodHandleAccessor.invoke(DirectMethodHandleAccessor.java:103) ~[na:na]
	at java.base/java.lang.reflect.Method.invoke(Method.java:580) ~[na:na]
	at org.springframework.web.method.support.InvocableHandlerMethod.doInvoke(InvocableHandlerMethod.java:255) ~[spring-web-6.1.8.jar:6.1.8]
	at org.springframework.web.method.support.InvocableHandlerMethod.invokeForRequest(InvocableHandlerMethod.java:188) ~[spring-web-6.1.8.jar:6.1.8]
	at org.springframework.web.servlet.mvc.method.annotation.ServletInvocableHandlerMethod.invokeAndHandle(ServletInvocableHandlerMethod.java:118) ~[spring-webmvc-6.1.8.jar:6.1.8]
	at org.springframework.web.servlet.mvc.method.annotation.RequestMappingHandlerAdapter.invokeHandlerMethod(RequestMappingHandlerAdapter.java:926) ~[spring-webmvc-6.1.8.jar:6.1.8]
	at org.springframework.web.servlet.mvc.method.annotation.RequestMappingHandlerAdapter.handleInternal(RequestMappingHandlerAdapter.java:831) ~[spring-webmvc-6.1.8.jar:6.1.8]
	at org.springframework.web.servlet.mvc.method.AbstractHandlerMethodAdapter.handle(AbstractHandlerMethodAdapter.java:87) ~[spring-webmvc-6.1.8.jar:6.1.8]
	at org.springframework.web.servlet.DispatcherServlet.doDispatch(DispatcherServlet.java:1089) ~[spring-webmvc-6.1.8.jar:6.1.8]
	at org.springframework.web.servlet.DispatcherServlet.doService(DispatcherServlet.java:979) ~[spring-webmvc-6.1.8.jar:6.1.8]
	at org.springframework.web.servlet.FrameworkServlet.processRequest(FrameworkServlet.java:1014) ~[spring-webmvc-6.1.8.jar:6.1.8]
	at org.springframework.web.servlet.FrameworkServlet.doPost(FrameworkServlet.java:914) ~[spring-webmvc-6.1.8.jar:6.1.8]
	at jakarta.servlet.http.HttpServlet.service(HttpServlet.java:590) ~[tomcat-embed-core-10.1.24.jar:6.0]
	at org.springframework.web.servlet.FrameworkServlet.service(FrameworkServlet.java:885) ~[spring-webmvc-6.1.8.jar:6.1.8]
	at jakarta.servlet.http.HttpServlet.service(HttpServlet.java:658) ~[tomcat-embed-core-10.1.24.jar:6.0]
	at org.apache.catalina.core.ApplicationFilterChain.internalDoFilter(ApplicationFilterChain.java:195) ~[tomcat-embed-core-10.1.24.jar:10.1.24]
	at org.apache.catalina.core.ApplicationFilterChain.doFilter(ApplicationFilterChain.java:140) ~[tomcat-embed-core-10.1.24.jar:10.1.24]
	at org.apache.tomcat.websocket.server.WsFilter.doFilter(WsFilter.java:51) ~[tomcat-embed-websocket-10.1.24.jar:10.1.24]
	at org.apache.catalina.core.ApplicationFilterChain.internalDoFilter(ApplicationFilterChain.java:164) ~[tomcat-embed-core-10.1.24.jar:10.1.24]
	at org.apache.catalina.core.ApplicationFilterChain.doFilter(ApplicationFilterChain.java:140) ~[tomcat-embed-core-10.1.24.jar:10.1.24]
	at org.springframework.web.filter.CompositeFilter$VirtualFilterChain.doFilter(CompositeFilter.java:108) ~[spring-web-6.1.8.jar:6.1.8]
	at org.springframework.security.web.FilterChainProxy.lambda$doFilterInternal$3(FilterChainProxy.java:231) ~[spring-security-web-6.3.0.jar:6.3.0]
	at org.springframework.security.web.FilterChainProxy$VirtualFilterChain.doFilter(FilterChainProxy.java:365) ~[spring-security-web-6.3.0.jar:6.3.0]
	at org.springframework.security.web.access.intercept.AuthorizationFilter.doFilter(AuthorizationFilter.java:100) ~[spring-security-web-6.3.0.jar:6.3.0]
	at org.springframework.security.web.FilterChainProxy$VirtualFilterChain.doFilter(FilterChainProxy.java:374) ~[spring-security-web-6.3.0.jar:6.3.0]
	at org.springframework.security.web.access.ExceptionTranslationFilter.doFilter(ExceptionTranslationFilter.java:126) ~[spring-security-web-6.3.0.jar:6.3.0]
	at org.springframework.security.web.access.ExceptionTranslationFilter.doFilter(ExceptionTranslationFilter.java:120) ~[spring-security-web-6.3.0.jar:6.3.0]
	at org.springframework.security.web.FilterChainProxy$VirtualFilterChain.doFilter(FilterChainProxy.java:374) ~[spring-security-web-6.3.0.jar:6.3.0]
	at org.springframework.security.web.authentication.AnonymousAuthenticationFilter.doFilter(AnonymousAuthenticationFilter.java:100) ~[spring-security-web-6.3.0.jar:6.3.0]
	at org.springframework.security.web.FilterChainProxy$VirtualFilterChain.doFilter(FilterChainProxy.java:374) ~[spring-security-web-6.3.0.jar:6.3.0]
	at org.springframework.security.web.servletapi.SecurityContextHolderAwareRequestFilter.doFilter(SecurityContextHolderAwareRequestFilter.java:179) ~[spring-security-web-6.3.0.jar:6.3.0]
	at org.springframework.security.web.FilterChainProxy$VirtualFilterChain.doFilter(FilterChainProxy.java:374) ~[spring-security-web-6.3.0.jar:6.3.0]
	at org.springframework.security.web.savedrequest.RequestCacheAwareFilter.doFilter(RequestCacheAwareFilter.java:63) ~[spring-security-web-6.3.0.jar:6.3.0]
	at org.springframework.security.web.FilterChainProxy$VirtualFilterChain.doFilter(FilterChainProxy.java:374) ~[spring-security-web-6.3.0.jar:6.3.0]
	at org.springframework.security.web.authentication.AbstractAuthenticationProcessingFilter.doFilter(AbstractAuthenticationProcessingFilter.java:227) ~[spring-security-web-6.3.0.jar:6.3.0]
	at org.springframework.security.web.authentication.AbstractAuthenticationProcessingFilter.doFilter(AbstractAuthenticationProcessingFilter.java:221) ~[spring-security-web-6.3.0.jar:6.3.0]
	at org.springframework.security.web.FilterChainProxy$VirtualFilterChain.doFilter(FilterChainProxy.java:374) ~[spring-security-web-6.3.0.jar:6.3.0]
	at org.springframework.security.web.authentication.logout.LogoutFilter.doFilter(LogoutFilter.java:107) ~[spring-security-web-6.3.0.jar:6.3.0]
	at org.springframework.security.web.authentication.logout.LogoutFilter.doFilter(LogoutFilter.java:93) ~[spring-security-web-6.3.0.jar:6.3.0]
	at org.springframework.security.web.FilterChainProxy$VirtualFilterChain.doFilter(FilterChainProxy.java:374) ~[spring-security-web-6.3.0.jar:6.3.0]
	at org.springframework.security.web.csrf.CsrfFilter.doFilterInternal(CsrfFilter.java:131) ~[spring-security-web-6.3.0.jar:6.3.0]
	at org.springframework.web.filter.OncePerRequestFilter.doFilter(OncePerRequestFilter.java:116) ~[spring-web-6.1.8.jar:6.1.8]
	at org.springframework.security.web.FilterChainProxy$VirtualFilterChain.doFilter(FilterChainProxy.java:374) ~[spring-security-web-6.3.0.jar:6.3.0]
	at org.springframework.web.filter.CorsFilter.doFilterInternal(CorsFilter.java:91) ~[spring-web-6.1.8.jar:6.1.8]
	at org.springframework.web.filter.OncePerRequestFilter.doFilter(OncePerRequestFilter.java:116) ~[spring-web-6.1.8.jar:6.1.8]
	at org.springframework.security.web.FilterChainProxy$VirtualFilterChain.doFilter(FilterChainProxy.java:374) ~[spring-security-web-6.3.0.jar:6.3.0]
	at org.springframework.security.web.header.HeaderWriterFilter.doHeadersAfter(HeaderWriterFilter.java:90) ~[spring-security-web-6.3.0.jar:6.3.0]
	at org.springframework.security.web.header.HeaderWriterFilter.doFilterInternal(HeaderWriterFilter.java:75) ~[spring-security-web-6.3.0.jar:6.3.0]
	at org.springframework.web.filter.OncePerRequestFilter.doFilter(OncePerRequestFilter.java:116) ~[spring-web-6.1.8.jar:6.1.8]
	at org.springframework.security.web.FilterChainProxy$VirtualFilterChain.doFilter(FilterChainProxy.java:374) ~[spring-security-web-6.3.0.jar:6.3.0]
	at org.springframework.security.web.context.SecurityContextHolderFilter.doFilter(SecurityContextHolderFilter.java:82) ~[spring-security-web-6.3.0.jar:6.3.0]
	at org.springframework.security.web.context.SecurityContextHolderFilter.doFilter(SecurityContextHolderFilter.java:69) ~[spring-security-web-6.3.0.jar:6.3.0]
	at org.springframework.security.web.FilterChainProxy$VirtualFilterChain.doFilter(FilterChainProxy.java:374) ~[spring-security-web-6.3.0.jar:6.3.0]
	at org.springframework.security.web.context.request.async.WebAsyncManagerIntegrationFilter.doFilterInternal(WebAsyncManagerIntegrationFilter.java:62) ~[spring-security-web-6.3.0.jar:6.3.0]
	at org.springframework.web.filter.OncePerRequestFilter.doFilter(OncePerRequestFilter.java:116) ~[spring-web-6.1.8.jar:6.1.8]
	at org.springframework.security.web.FilterChainProxy$VirtualFilterChain.doFilter(FilterChainProxy.java:374) ~[spring-security-web-6.3.0.jar:6.3.0]
	at org.springframework.security.web.session.DisableEncodeUrlFilter.doFilterInternal(DisableEncodeUrlFilter.java:42) ~[spring-security-web-6.3.0.jar:6.3.0]
	at org.springframework.web.filter.OncePerRequestFilter.doFilter(OncePerRequestFilter.java:116) ~[spring-web-6.1.8.jar:6.1.8]
	at org.springframework.security.web.FilterChainProxy$VirtualFilterChain.doFilter(FilterChainProxy.java:374) ~[spring-security-web-6.3.0.jar:6.3.0]
	at org.springframework.security.web.FilterChainProxy.doFilterInternal(FilterChainProxy.java:233) ~[spring-security-web-6.3.0.jar:6.3.0]
	at org.springframework.security.web.FilterChainProxy.doFilter(FilterChainProxy.java:191) ~[spring-security-web-6.3.0.jar:6.3.0]
	at org.springframework.web.filter.CompositeFilter$VirtualFilterChain.doFilter(CompositeFilter.java:113) ~[spring-web-6.1.8.jar:6.1.8]
	at org.springframework.web.servlet.handler.HandlerMappingIntrospector.lambda$createCacheFilter$3(HandlerMappingIntrospector.java:195) ~[spring-webmvc-6.1.8.jar:6.1.8]
	at org.springframework.web.filter.CompositeFilter$VirtualFilterChain.doFilter(CompositeFilter.java:113) ~[spring-web-6.1.8.jar:6.1.8]
	at org.springframework.web.filter.CompositeFilter.doFilter(CompositeFilter.java:74) ~[spring-web-6.1.8.jar:6.1.8]
	at org.springframework.security.config.annotation.web.configuration.WebMvcSecurityConfiguration$CompositeFilterChainProxy.doFilter(WebMvcSecurityConfiguration.java:230) ~[spring-security-config-6.3.0.jar:6.3.0]
	at org.springframework.web.filter.DelegatingFilterProxy.invokeDelegate(DelegatingFilterProxy.java:352) ~[spring-web-6.1.8.jar:6.1.8]
	at org.springframework.web.filter.DelegatingFilterProxy.doFilter(DelegatingFilterProxy.java:268) ~[spring-web-6.1.8.jar:6.1.8]
	at org.apache.catalina.core.ApplicationFilterChain.internalDoFilter(ApplicationFilterChain.java:164) ~[tomcat-embed-core-10.1.24.jar:10.1.24]
	at org.apache.catalina.core.ApplicationFilterChain.doFilter(ApplicationFilterChain.java:140) ~[tomcat-embed-core-10.1.24.jar:10.1.24]
	at org.springframework.web.filter.RequestContextFilter.doFilterInternal(RequestContextFilter.java:100) ~[spring-web-6.1.8.jar:6.1.8]
	at org.springframework.web.filter.OncePerRequestFilter.doFilter(OncePerRequestFilter.java:116) ~[spring-web-6.1.8.jar:6.1.8]
	at org.apache.catalina.core.ApplicationFilterChain.internalDoFilter(ApplicationFilterChain.java:164) ~[tomcat-embed-core-10.1.24.jar:10.1.24]
	at org.apache.catalina.core.ApplicationFilterChain.doFilter(ApplicationFilterChain.java:140) ~[tomcat-embed-core-10.1.24.jar:10.1.24]
	at org.springframework.web.filter.FormContentFilter.doFilterInternal(FormContentFilter.java:93) ~[spring-web-6.1.8.jar:6.1.8]
	at org.springframework.web.filter.OncePerRequestFilter.doFilter(OncePerRequestFilter.java:116) ~[spring-web-6.1.8.jar:6.1.8]
	at org.apache.catalina.core.ApplicationFilterChain.internalDoFilter(ApplicationFilterChain.java:164) ~[tomcat-embed-core-10.1.24.jar:10.1.24]
	at org.apache.catalina.core.ApplicationFilterChain.doFilter(ApplicationFilterChain.java:140) ~[tomcat-embed-core-10.1.24.jar:10.1.24]
	at org.springframework.web.filter.CharacterEncodingFilter.doFilterInternal(CharacterEncodingFilter.java:201) ~[spring-web-6.1.8.jar:6.1.8]
	at org.springframework.web.filter.OncePerRequestFilter.doFilter(OncePerRequestFilter.java:116) ~[spring-web-6.1.8.jar:6.1.8]
	at org.apache.catalina.core.ApplicationFilterChain.internalDoFilter(ApplicationFilterChain.java:164) ~[tomcat-embed-core-10.1.24.jar:10.1.24]
	at org.apache.catalina.core.ApplicationFilterChain.doFilter(ApplicationFilterChain.java:140) ~[tomcat-embed-core-10.1.24.jar:10.1.24]
	at org.apache.catalina.core.StandardWrapperValve.invoke(StandardWrapperValve.java:167) ~[tomcat-embed-core-10.1.24.jar:10.1.24]
	at org.apache.catalina.core.StandardContextValve.invoke(StandardContextValve.java:90) ~[tomcat-embed-core-10.1.24.jar:10.1.24]
	at org.apache.catalina.authenticator.AuthenticatorBase.invoke(AuthenticatorBase.java:482) ~[tomcat-embed-core-10.1.24.jar:10.1.24]
	at org.apache.catalina.core.StandardHostValve.invoke(StandardHostValve.java:115) ~[tomcat-embed-core-10.1.24.jar:10.1.24]
	at org.apache.catalina.valves.ErrorReportValve.invoke(ErrorReportValve.java:93) ~[tomcat-embed-core-10.1.24.jar:10.1.24]
	at org.apache.catalina.core.StandardEngineValve.invoke(StandardEngineValve.java:74) ~[tomcat-embed-core-10.1.24.jar:10.1.24]
	at org.apache.catalina.connector.CoyoteAdapter.service(CoyoteAdapter.java:344) ~[tomcat-embed-core-10.1.24.jar:10.1.24]
	at org.apache.coyote.http11.Http11Processor.service(Http11Processor.java:389) ~[tomcat-embed-core-10.1.24.jar:10.1.24]
	at org.apache.coyote.AbstractProcessorLight.process(AbstractProcessorLight.java:63) ~[tomcat-embed-core-10.1.24.jar:10.1.24]
	at org.apache.coyote.AbstractProtocol$ConnectionHandler.process(AbstractProtocol.java:896) ~[tomcat-embed-core-10.1.24.jar:10.1.24]
	at org.apache.tomcat.util.net.NioEndpoint$SocketProcessor.doRun(NioEndpoint.java:1741) ~[tomcat-embed-core-10.1.24.jar:10.1.24]
	at org.apache.tomcat.util.net.SocketProcessorBase.run(SocketProcessorBase.java:52) ~[tomcat-embed-core-10.1.24.jar:10.1.24]
	at org.apache.tomcat.util.threads.ThreadPoolExecutor.runWorker(ThreadPoolExecutor.java:1190) ~[tomcat-embed-core-10.1.24.jar:10.1.24]
	at org.apache.tomcat.util.threads.ThreadPoolExecutor$Worker.run(ThreadPoolExecutor.java:659) ~[tomcat-embed-core-10.1.24.jar:10.1.24]
	at org.apache.tomcat.util.threads.TaskThread$WrappingRunnable.run(TaskThread.java:63) ~[tomcat-embed-core-10.1.24.jar:10.1.24]
	at java.base/java.lang.Thread.run(Thread.java:1583) ~[na:na]
2025-06-24 01:05:14 [http-nio-8080-exec-8] WARN  o.s.w.s.m.m.a.ExceptionHandlerExceptionResolver - Resolved [org.springframework.web.client.HttpClientErrorException$Forbidden: 403 Forbidden: [no body]]
2025-06-24 01:05:14 [http-nio-8080-exec-8] DEBUG o.s.s.w.a.AnonymousAuthenticationFilter - Set SecurityContextHolder to anonymous SecurityContext
2025-06-24 01:24:25 [http-nio-8080-exec-10] DEBUG o.s.security.web.FilterChainProxy - Securing GET /recipe/4
2025-06-24 01:24:25 [http-nio-8080-exec-10] DEBUG o.s.security.web.FilterChainProxy - Secured GET /recipe/4
2025-06-24 01:24:25 [http-nio-8080-exec-10] DEBUG o.s.s.w.a.AnonymousAuthenticationFilter - Set SecurityContextHolder to anonymous SecurityContext
2025-06-24 01:24:25 [http-nio-8080-exec-10] DEBUG o.s.security.web.FilterChainProxy - Securing GET /WEB-INF/views/showRecipe.jsp
2025-06-24 01:24:25 [http-nio-8080-exec-10] DEBUG o.s.security.web.FilterChainProxy - Secured GET /WEB-INF/views/showRecipe.jsp
2025-06-24 01:24:25 [http-nio-8080-exec-3] DEBUG o.s.security.web.FilterChainProxy - Securing GET /styles/normalize.8.0.1.css
2025-06-24 01:24:25 [http-nio-8080-exec-4] DEBUG o.s.security.web.FilterChainProxy - Securing GET /styles/reset.css
2025-06-24 01:24:25 [http-nio-8080-exec-8] DEBUG o.s.security.web.FilterChainProxy - Securing GET /styles/showRecipe.css
2025-06-24 01:24:25 [http-nio-8080-exec-4] DEBUG o.s.security.web.FilterChainProxy - Secured GET /styles/reset.css
2025-06-24 01:24:25 [http-nio-8080-exec-3] DEBUG o.s.security.web.FilterChainProxy - Secured GET /styles/normalize.8.0.1.css
2025-06-24 01:24:25 [http-nio-8080-exec-8] DEBUG o.s.security.web.FilterChainProxy - Secured GET /styles/showRecipe.css
2025-06-24 01:24:25 [http-nio-8080-exec-6] DEBUG o.s.security.web.FilterChainProxy - Securing GET /styles/header.css
2025-06-24 01:24:25 [http-nio-8080-exec-5] DEBUG o.s.security.web.FilterChainProxy - Securing GET /styles/footer.css
2025-06-24 01:24:25 [http-nio-8080-exec-5] DEBUG o.s.security.web.FilterChainProxy - Secured GET /styles/footer.css
2025-06-24 01:24:25 [http-nio-8080-exec-6] DEBUG o.s.security.web.FilterChainProxy - Secured GET /styles/header.css
2025-06-24 01:24:25 [http-nio-8080-exec-2] DEBUG o.s.security.web.FilterChainProxy - Securing GET /styles/global.css
2025-06-24 01:24:25 [http-nio-8080-exec-2] DEBUG o.s.security.web.FilterChainProxy - Secured GET /styles/global.css
2025-06-24 01:24:25 [http-nio-8080-exec-6] DEBUG o.s.s.w.a.AnonymousAuthenticationFilter - Set SecurityContextHolder to anonymous SecurityContext
2025-06-24 01:24:25 [http-nio-8080-exec-2] DEBUG o.s.s.w.a.AnonymousAuthenticationFilter - Set SecurityContextHolder to anonymous SecurityContext
2025-06-24 01:24:25 [http-nio-8080-exec-3] DEBUG o.s.s.w.a.AnonymousAuthenticationFilter - Set SecurityContextHolder to anonymous SecurityContext
2025-06-24 01:24:25 [http-nio-8080-exec-4] DEBUG o.s.s.w.a.AnonymousAuthenticationFilter - Set SecurityContextHolder to anonymous SecurityContext
2025-06-24 01:24:25 [http-nio-8080-exec-5] DEBUG o.s.s.w.a.AnonymousAuthenticationFilter - Set SecurityContextHolder to anonymous SecurityContext
2025-06-24 01:24:25 [http-nio-8080-exec-8] DEBUG o.s.s.w.a.AnonymousAuthenticationFilter - Set SecurityContextHolder to anonymous SecurityContext
2025-06-24 01:24:25 [http-nio-8080-exec-7] DEBUG o.s.security.web.FilterChainProxy - Securing GET /image?file=1750635278979_%D0%A1%D0%BD%D0%B8%D0%BC%D0%BE%D0%BA%20%D1%8D%D0%BA%D1%80%D0%B0%D0%BD%D0%B0%202025-02-20%20%D0%B2%2015.38.15.png
2025-06-24 01:24:25 [http-nio-8080-exec-7] DEBUG o.s.security.web.FilterChainProxy - Secured GET /image?file=1750635278979_%D0%A1%D0%BD%D0%B8%D0%BC%D0%BE%D0%BA%20%D1%8D%D0%BA%D1%80%D0%B0%D0%BD%D0%B0%202025-02-20%20%D0%B2%2015.38.15.png
2025-06-24 01:24:25 [http-nio-8080-exec-7] DEBUG o.s.s.w.a.AnonymousAuthenticationFilter - Set SecurityContextHolder to anonymous SecurityContext
2025-06-24 01:24:26 [http-nio-8080-exec-3] DEBUG o.s.security.web.FilterChainProxy - Securing POST /recipe/4/pdf
2025-06-24 01:24:26 [http-nio-8080-exec-3] DEBUG o.s.security.web.FilterChainProxy - Secured POST /recipe/4/pdf
2025-06-24 01:24:26 [http-nio-8080-exec-3] ERROR o.e.e.GlobalExceptionHandler - Unhandled exception: 403 Forbidden: [no body]
org.springframework.web.client.HttpClientErrorException$Forbidden: 403 Forbidden: [no body]
	at org.springframework.web.client.HttpClientErrorException.create(HttpClientErrorException.java:109) ~[spring-web-6.1.8.jar:6.1.8]
	at org.springframework.web.client.DefaultResponseErrorHandler.handleError(DefaultResponseErrorHandler.java:183) ~[spring-web-6.1.8.jar:6.1.8]
	at org.springframework.web.client.DefaultResponseErrorHandler.handleError(DefaultResponseErrorHandler.java:137) ~[spring-web-6.1.8.jar:6.1.8]
	at org.springframework.web.client.ResponseErrorHandler.handleError(ResponseErrorHandler.java:63) ~[spring-web-6.1.8.jar:6.1.8]
	at org.springframework.web.client.RestTemplate.handleResponse(RestTemplate.java:942) ~[spring-web-6.1.8.jar:6.1.8]
	at org.springframework.web.client.RestTemplate.doExecute(RestTemplate.java:891) ~[spring-web-6.1.8.jar:6.1.8]
	at org.springframework.web.client.RestTemplate.execute(RestTemplate.java:790) ~[spring-web-6.1.8.jar:6.1.8]
	at org.springframework.web.client.RestTemplate.postForObject(RestTemplate.java:507) ~[spring-web-6.1.8.jar:6.1.8]
	at org.example.controllers.ShowRecipeController.generatePdf(ShowRecipeController.java:118) ~[classes/:na]
	at java.base/jdk.internal.reflect.DirectMethodHandleAccessor.invoke(DirectMethodHandleAccessor.java:103) ~[na:na]
	at java.base/java.lang.reflect.Method.invoke(Method.java:580) ~[na:na]
	at org.springframework.web.method.support.InvocableHandlerMethod.doInvoke(InvocableHandlerMethod.java:255) ~[spring-web-6.1.8.jar:6.1.8]
	at org.springframework.web.method.support.InvocableHandlerMethod.invokeForRequest(InvocableHandlerMethod.java:188) ~[spring-web-6.1.8.jar:6.1.8]
	at org.springframework.web.servlet.mvc.method.annotation.ServletInvocableHandlerMethod.invokeAndHandle(ServletInvocableHandlerMethod.java:118) ~[spring-webmvc-6.1.8.jar:6.1.8]
	at org.springframework.web.servlet.mvc.method.annotation.RequestMappingHandlerAdapter.invokeHandlerMethod(RequestMappingHandlerAdapter.java:926) ~[spring-webmvc-6.1.8.jar:6.1.8]
	at org.springframework.web.servlet.mvc.method.annotation.RequestMappingHandlerAdapter.handleInternal(RequestMappingHandlerAdapter.java:831) ~[spring-webmvc-6.1.8.jar:6.1.8]
	at org.springframework.web.servlet.mvc.method.AbstractHandlerMethodAdapter.handle(AbstractHandlerMethodAdapter.java:87) ~[spring-webmvc-6.1.8.jar:6.1.8]
	at org.springframework.web.servlet.DispatcherServlet.doDispatch(DispatcherServlet.java:1089) ~[spring-webmvc-6.1.8.jar:6.1.8]
	at org.springframework.web.servlet.DispatcherServlet.doService(DispatcherServlet.java:979) ~[spring-webmvc-6.1.8.jar:6.1.8]
	at org.springframework.web.servlet.FrameworkServlet.processRequest(FrameworkServlet.java:1014) ~[spring-webmvc-6.1.8.jar:6.1.8]
	at org.springframework.web.servlet.FrameworkServlet.doPost(FrameworkServlet.java:914) ~[spring-webmvc-6.1.8.jar:6.1.8]
	at jakarta.servlet.http.HttpServlet.service(HttpServlet.java:590) ~[tomcat-embed-core-10.1.24.jar:6.0]
	at org.springframework.web.servlet.FrameworkServlet.service(FrameworkServlet.java:885) ~[spring-webmvc-6.1.8.jar:6.1.8]
	at jakarta.servlet.http.HttpServlet.service(HttpServlet.java:658) ~[tomcat-embed-core-10.1.24.jar:6.0]
	at org.apache.catalina.core.ApplicationFilterChain.internalDoFilter(ApplicationFilterChain.java:195) ~[tomcat-embed-core-10.1.24.jar:10.1.24]
	at org.apache.catalina.core.ApplicationFilterChain.doFilter(ApplicationFilterChain.java:140) ~[tomcat-embed-core-10.1.24.jar:10.1.24]
	at org.apache.tomcat.websocket.server.WsFilter.doFilter(WsFilter.java:51) ~[tomcat-embed-websocket-10.1.24.jar:10.1.24]
	at org.apache.catalina.core.ApplicationFilterChain.internalDoFilter(ApplicationFilterChain.java:164) ~[tomcat-embed-core-10.1.24.jar:10.1.24]
	at org.apache.catalina.core.ApplicationFilterChain.doFilter(ApplicationFilterChain.java:140) ~[tomcat-embed-core-10.1.24.jar:10.1.24]
	at org.springframework.web.filter.CompositeFilter$VirtualFilterChain.doFilter(CompositeFilter.java:108) ~[spring-web-6.1.8.jar:6.1.8]
	at org.springframework.security.web.FilterChainProxy.lambda$doFilterInternal$3(FilterChainProxy.java:231) ~[spring-security-web-6.3.0.jar:6.3.0]
	at org.springframework.security.web.FilterChainProxy$VirtualFilterChain.doFilter(FilterChainProxy.java:365) ~[spring-security-web-6.3.0.jar:6.3.0]
	at org.springframework.security.web.access.intercept.AuthorizationFilter.doFilter(AuthorizationFilter.java:100) ~[spring-security-web-6.3.0.jar:6.3.0]
	at org.springframework.security.web.FilterChainProxy$VirtualFilterChain.doFilter(FilterChainProxy.java:374) ~[spring-security-web-6.3.0.jar:6.3.0]
	at org.springframework.security.web.access.ExceptionTranslationFilter.doFilter(ExceptionTranslationFilter.java:126) ~[spring-security-web-6.3.0.jar:6.3.0]
	at org.springframework.security.web.access.ExceptionTranslationFilter.doFilter(ExceptionTranslationFilter.java:120) ~[spring-security-web-6.3.0.jar:6.3.0]
	at org.springframework.security.web.FilterChainProxy$VirtualFilterChain.doFilter(FilterChainProxy.java:374) ~[spring-security-web-6.3.0.jar:6.3.0]
	at org.springframework.security.web.authentication.AnonymousAuthenticationFilter.doFilter(AnonymousAuthenticationFilter.java:100) ~[spring-security-web-6.3.0.jar:6.3.0]
	at org.springframework.security.web.FilterChainProxy$VirtualFilterChain.doFilter(FilterChainProxy.java:374) ~[spring-security-web-6.3.0.jar:6.3.0]
	at org.springframework.security.web.servletapi.SecurityContextHolderAwareRequestFilter.doFilter(SecurityContextHolderAwareRequestFilter.java:179) ~[spring-security-web-6.3.0.jar:6.3.0]
	at org.springframework.security.web.FilterChainProxy$VirtualFilterChain.doFilter(FilterChainProxy.java:374) ~[spring-security-web-6.3.0.jar:6.3.0]
	at org.springframework.security.web.savedrequest.RequestCacheAwareFilter.doFilter(RequestCacheAwareFilter.java:63) ~[spring-security-web-6.3.0.jar:6.3.0]
	at org.springframework.security.web.FilterChainProxy$VirtualFilterChain.doFilter(FilterChainProxy.java:374) ~[spring-security-web-6.3.0.jar:6.3.0]
	at org.springframework.security.web.authentication.AbstractAuthenticationProcessingFilter.doFilter(AbstractAuthenticationProcessingFilter.java:227) ~[spring-security-web-6.3.0.jar:6.3.0]
	at org.springframework.security.web.authentication.AbstractAuthenticationProcessingFilter.doFilter(AbstractAuthenticationProcessingFilter.java:221) ~[spring-security-web-6.3.0.jar:6.3.0]
	at org.springframework.security.web.FilterChainProxy$VirtualFilterChain.doFilter(FilterChainProxy.java:374) ~[spring-security-web-6.3.0.jar:6.3.0]
	at org.springframework.security.web.authentication.logout.LogoutFilter.doFilter(LogoutFilter.java:107) ~[spring-security-web-6.3.0.jar:6.3.0]
	at org.springframework.security.web.authentication.logout.LogoutFilter.doFilter(LogoutFilter.java:93) ~[spring-security-web-6.3.0.jar:6.3.0]
	at org.springframework.security.web.FilterChainProxy$VirtualFilterChain.doFilter(FilterChainProxy.java:374) ~[spring-security-web-6.3.0.jar:6.3.0]
	at org.springframework.security.web.csrf.CsrfFilter.doFilterInternal(CsrfFilter.java:131) ~[spring-security-web-6.3.0.jar:6.3.0]
	at org.springframework.web.filter.OncePerRequestFilter.doFilter(OncePerRequestFilter.java:116) ~[spring-web-6.1.8.jar:6.1.8]
	at org.springframework.security.web.FilterChainProxy$VirtualFilterChain.doFilter(FilterChainProxy.java:374) ~[spring-security-web-6.3.0.jar:6.3.0]
	at org.springframework.web.filter.CorsFilter.doFilterInternal(CorsFilter.java:91) ~[spring-web-6.1.8.jar:6.1.8]
	at org.springframework.web.filter.OncePerRequestFilter.doFilter(OncePerRequestFilter.java:116) ~[spring-web-6.1.8.jar:6.1.8]
	at org.springframework.security.web.FilterChainProxy$VirtualFilterChain.doFilter(FilterChainProxy.java:374) ~[spring-security-web-6.3.0.jar:6.3.0]
	at org.springframework.security.web.header.HeaderWriterFilter.doHeadersAfter(HeaderWriterFilter.java:90) ~[spring-security-web-6.3.0.jar:6.3.0]
	at org.springframework.security.web.header.HeaderWriterFilter.doFilterInternal(HeaderWriterFilter.java:75) ~[spring-security-web-6.3.0.jar:6.3.0]
	at org.springframework.web.filter.OncePerRequestFilter.doFilter(OncePerRequestFilter.java:116) ~[spring-web-6.1.8.jar:6.1.8]
	at org.springframework.security.web.FilterChainProxy$VirtualFilterChain.doFilter(FilterChainProxy.java:374) ~[spring-security-web-6.3.0.jar:6.3.0]
	at org.springframework.security.web.context.SecurityContextHolderFilter.doFilter(SecurityContextHolderFilter.java:82) ~[spring-security-web-6.3.0.jar:6.3.0]
	at org.springframework.security.web.context.SecurityContextHolderFilter.doFilter(SecurityContextHolderFilter.java:69) ~[spring-security-web-6.3.0.jar:6.3.0]
	at org.springframework.security.web.FilterChainProxy$VirtualFilterChain.doFilter(FilterChainProxy.java:374) ~[spring-security-web-6.3.0.jar:6.3.0]
	at org.springframework.security.web.context.request.async.WebAsyncManagerIntegrationFilter.doFilterInternal(WebAsyncManagerIntegrationFilter.java:62) ~[spring-security-web-6.3.0.jar:6.3.0]
	at org.springframework.web.filter.OncePerRequestFilter.doFilter(OncePerRequestFilter.java:116) ~[spring-web-6.1.8.jar:6.1.8]
	at org.springframework.security.web.FilterChainProxy$VirtualFilterChain.doFilter(FilterChainProxy.java:374) ~[spring-security-web-6.3.0.jar:6.3.0]
	at org.springframework.security.web.session.DisableEncodeUrlFilter.doFilterInternal(DisableEncodeUrlFilter.java:42) ~[spring-security-web-6.3.0.jar:6.3.0]
	at org.springframework.web.filter.OncePerRequestFilter.doFilter(OncePerRequestFilter.java:116) ~[spring-web-6.1.8.jar:6.1.8]
	at org.springframework.security.web.FilterChainProxy$VirtualFilterChain.doFilter(FilterChainProxy.java:374) ~[spring-security-web-6.3.0.jar:6.3.0]
	at org.springframework.security.web.FilterChainProxy.doFilterInternal(FilterChainProxy.java:233) ~[spring-security-web-6.3.0.jar:6.3.0]
	at org.springframework.security.web.FilterChainProxy.doFilter(FilterChainProxy.java:191) ~[spring-security-web-6.3.0.jar:6.3.0]
	at org.springframework.web.filter.CompositeFilter$VirtualFilterChain.doFilter(CompositeFilter.java:113) ~[spring-web-6.1.8.jar:6.1.8]
	at org.springframework.web.servlet.handler.HandlerMappingIntrospector.lambda$createCacheFilter$3(HandlerMappingIntrospector.java:195) ~[spring-webmvc-6.1.8.jar:6.1.8]
	at org.springframework.web.filter.CompositeFilter$VirtualFilterChain.doFilter(CompositeFilter.java:113) ~[spring-web-6.1.8.jar:6.1.8]
	at org.springframework.web.filter.CompositeFilter.doFilter(CompositeFilter.java:74) ~[spring-web-6.1.8.jar:6.1.8]
	at org.springframework.security.config.annotation.web.configuration.WebMvcSecurityConfiguration$CompositeFilterChainProxy.doFilter(WebMvcSecurityConfiguration.java:230) ~[spring-security-config-6.3.0.jar:6.3.0]
	at org.springframework.web.filter.DelegatingFilterProxy.invokeDelegate(DelegatingFilterProxy.java:352) ~[spring-web-6.1.8.jar:6.1.8]
	at org.springframework.web.filter.DelegatingFilterProxy.doFilter(DelegatingFilterProxy.java:268) ~[spring-web-6.1.8.jar:6.1.8]
	at org.apache.catalina.core.ApplicationFilterChain.internalDoFilter(ApplicationFilterChain.java:164) ~[tomcat-embed-core-10.1.24.jar:10.1.24]
	at org.apache.catalina.core.ApplicationFilterChain.doFilter(ApplicationFilterChain.java:140) ~[tomcat-embed-core-10.1.24.jar:10.1.24]
	at org.springframework.web.filter.RequestContextFilter.doFilterInternal(RequestContextFilter.java:100) ~[spring-web-6.1.8.jar:6.1.8]
	at org.springframework.web.filter.OncePerRequestFilter.doFilter(OncePerRequestFilter.java:116) ~[spring-web-6.1.8.jar:6.1.8]
	at org.apache.catalina.core.ApplicationFilterChain.internalDoFilter(ApplicationFilterChain.java:164) ~[tomcat-embed-core-10.1.24.jar:10.1.24]
	at org.apache.catalina.core.ApplicationFilterChain.doFilter(ApplicationFilterChain.java:140) ~[tomcat-embed-core-10.1.24.jar:10.1.24]
	at org.springframework.web.filter.FormContentFilter.doFilterInternal(FormContentFilter.java:93) ~[spring-web-6.1.8.jar:6.1.8]
	at org.springframework.web.filter.OncePerRequestFilter.doFilter(OncePerRequestFilter.java:116) ~[spring-web-6.1.8.jar:6.1.8]
	at org.apache.catalina.core.ApplicationFilterChain.internalDoFilter(ApplicationFilterChain.java:164) ~[tomcat-embed-core-10.1.24.jar:10.1.24]
	at org.apache.catalina.core.ApplicationFilterChain.doFilter(ApplicationFilterChain.java:140) ~[tomcat-embed-core-10.1.24.jar:10.1.24]
	at org.springframework.web.filter.CharacterEncodingFilter.doFilterInternal(CharacterEncodingFilter.java:201) ~[spring-web-6.1.8.jar:6.1.8]
	at org.springframework.web.filter.OncePerRequestFilter.doFilter(OncePerRequestFilter.java:116) ~[spring-web-6.1.8.jar:6.1.8]
	at org.apache.catalina.core.ApplicationFilterChain.internalDoFilter(ApplicationFilterChain.java:164) ~[tomcat-embed-core-10.1.24.jar:10.1.24]
	at org.apache.catalina.core.ApplicationFilterChain.doFilter(ApplicationFilterChain.java:140) ~[tomcat-embed-core-10.1.24.jar:10.1.24]
	at org.apache.catalina.core.StandardWrapperValve.invoke(StandardWrapperValve.java:167) ~[tomcat-embed-core-10.1.24.jar:10.1.24]
	at org.apache.catalina.core.StandardContextValve.invoke(StandardContextValve.java:90) ~[tomcat-embed-core-10.1.24.jar:10.1.24]
	at org.apache.catalina.authenticator.AuthenticatorBase.invoke(AuthenticatorBase.java:482) ~[tomcat-embed-core-10.1.24.jar:10.1.24]
	at org.apache.catalina.core.StandardHostValve.invoke(StandardHostValve.java:115) ~[tomcat-embed-core-10.1.24.jar:10.1.24]
	at org.apache.catalina.valves.ErrorReportValve.invoke(ErrorReportValve.java:93) ~[tomcat-embed-core-10.1.24.jar:10.1.24]
	at org.apache.catalina.core.StandardEngineValve.invoke(StandardEngineValve.java:74) ~[tomcat-embed-core-10.1.24.jar:10.1.24]
	at org.apache.catalina.connector.CoyoteAdapter.service(CoyoteAdapter.java:344) ~[tomcat-embed-core-10.1.24.jar:10.1.24]
	at org.apache.coyote.http11.Http11Processor.service(Http11Processor.java:389) ~[tomcat-embed-core-10.1.24.jar:10.1.24]
	at org.apache.coyote.AbstractProcessorLight.process(AbstractProcessorLight.java:63) ~[tomcat-embed-core-10.1.24.jar:10.1.24]
	at org.apache.coyote.AbstractProtocol$ConnectionHandler.process(AbstractProtocol.java:896) ~[tomcat-embed-core-10.1.24.jar:10.1.24]
	at org.apache.tomcat.util.net.NioEndpoint$SocketProcessor.doRun(NioEndpoint.java:1741) ~[tomcat-embed-core-10.1.24.jar:10.1.24]
	at org.apache.tomcat.util.net.SocketProcessorBase.run(SocketProcessorBase.java:52) ~[tomcat-embed-core-10.1.24.jar:10.1.24]
	at org.apache.tomcat.util.threads.ThreadPoolExecutor.runWorker(ThreadPoolExecutor.java:1190) ~[tomcat-embed-core-10.1.24.jar:10.1.24]
	at org.apache.tomcat.util.threads.ThreadPoolExecutor$Worker.run(ThreadPoolExecutor.java:659) ~[tomcat-embed-core-10.1.24.jar:10.1.24]
	at org.apache.tomcat.util.threads.TaskThread$WrappingRunnable.run(TaskThread.java:63) ~[tomcat-embed-core-10.1.24.jar:10.1.24]
	at java.base/java.lang.Thread.run(Thread.java:1583) ~[na:na]
2025-06-24 01:24:26 [http-nio-8080-exec-3] WARN  o.s.w.s.m.m.a.ExceptionHandlerExceptionResolver - Resolved [org.springframework.web.client.HttpClientErrorException$Forbidden: 403 Forbidden: [no body]]
2025-06-24 01:24:26 [http-nio-8080-exec-3] DEBUG o.s.s.w.a.AnonymousAuthenticationFilter - Set SecurityContextHolder to anonymous SecurityContext
2025-06-24 01:59:46 [SpringApplicationShutdownHook] INFO  com.zaxxer.hikari.HikariDataSource - HikariPool-7 - Shutdown initiated...
2025-06-24 01:59:46 [SpringApplicationShutdownHook] INFO  com.zaxxer.hikari.HikariDataSource - HikariPool-7 - Shutdown completed.
2025-06-24 06:29:31 [restartedMain] INFO  o.e.CulinaryExchangeApplication - Starting CulinaryExchangeApplication using Java 21.0.7 with PID 68901 (/Users/pro/IdeaProjects/culinaryExchangeS2/target/classes started by pro in /Users/pro/IdeaProjects/culinaryExchangeS2)
2025-06-24 06:29:31 [restartedMain] DEBUG o.e.CulinaryExchangeApplication - Running with Spring Boot v3.3.0, Spring v6.1.8
2025-06-24 06:29:31 [restartedMain] INFO  o.e.CulinaryExchangeApplication - No active profile set, falling back to 1 default profile: "default"
2025-06-24 06:29:32 [restartedMain] INFO  o.a.catalina.core.StandardService - Starting service [Tomcat]
2025-06-24 06:29:32 [restartedMain] INFO  o.a.catalina.core.StandardEngine - Starting Servlet engine: [Apache Tomcat/10.1.24]
2025-06-24 06:29:32 [restartedMain] INFO  o.apache.jasper.servlet.TldScanner - At least one JAR was scanned for TLDs yet contained no TLDs. Enable debug logging for this logger for a complete list of JARs that were scanned but no TLDs were found in them. Skipping unneeded JARs during scanning can improve startup time and JSP compilation time.
2025-06-24 06:29:32 [restartedMain] INFO  o.a.c.c.C.[.[localhost].[/culinary] - Initializing Spring embedded WebApplicationContext
2025-06-24 06:29:32 [restartedMain] INFO  com.zaxxer.hikari.HikariDataSource - HikariPool-1 - Starting...
2025-06-24 06:29:32 [restartedMain] INFO  com.zaxxer.hikari.pool.HikariPool - HikariPool-1 - Added connection org.postgresql.jdbc.PgConnection@74e3e414
2025-06-24 06:29:32 [restartedMain] INFO  com.zaxxer.hikari.HikariDataSource - HikariPool-1 - Start completed.
2025-06-24 06:29:32 [restartedMain] INFO  org.flywaydb.core.FlywayExecutor - Database: jdbc:postgresql://localhost:5432/culinaryExchangeS2 (PostgreSQL 17.1)
2025-06-24 06:29:32 [restartedMain] WARN  o.f.c.i.database.base.Database - Flyway upgrade recommended: PostgreSQL 17.1 is newer than this version of Flyway and support has not been tested. The latest supported version of PostgreSQL is 16.
2025-06-24 06:29:32 [restartedMain] INFO  o.f.core.internal.command.DbValidate - Successfully validated 1 migration (execution time 00:00.011s)
2025-06-24 06:29:32 [restartedMain] INFO  o.f.core.internal.command.DbMigrate - Current version of schema "public": 1
2025-06-24 06:29:32 [restartedMain] INFO  o.f.core.internal.command.DbMigrate - Schema "public" is up to date. No migration necessary.
2025-06-24 06:29:32 [restartedMain] INFO  o.h.jpa.internal.util.LogHelper - HHH000204: Processing PersistenceUnitInfo [name: default]
2025-06-24 06:29:32 [restartedMain] INFO  org.hibernate.Version - HHH000412: Hibernate ORM core version 6.5.2.Final
2025-06-24 06:29:32 [restartedMain] INFO  o.h.c.i.RegionFactoryInitiator - HHH000026: Second-level cache disabled
2025-06-24 06:29:32 [restartedMain] WARN  org.hibernate.orm.deprecation - HHH90000025: PostgreSQLDialect does not need to be specified explicitly using 'hibernate.dialect' (remove the property setting and it will be selected by default)
2025-06-24 06:29:33 [restartedMain] INFO  o.h.e.t.j.p.i.JtaPlatformInitiator - HHH000489: No JTA platform available (set 'hibernate.transaction.jta.platform' to enable JTA platform integration)
2025-06-24 06:29:33 [restartedMain] WARN  o.s.b.a.o.j.JpaBaseConfiguration$JpaWebConfiguration - spring.jpa.open-in-view is enabled by default. Therefore, database queries may be performed during view rendering. Explicitly configure spring.jpa.open-in-view to disable this warning
2025-06-24 06:29:33 [restartedMain] INFO  o.s.s.c.a.a.c.InitializeUserDetailsBeanManagerConfigurer$InitializeUserDetailsManagerConfigurer - Global AuthenticationManager configured with UserDetailsService bean with name customUserDetailsService
2025-06-24 06:29:33 [restartedMain] INFO  o.s.s.web.DefaultSecurityFilterChain - Will secure any request with [org.springframework.security.web.session.DisableEncodeUrlFilter@5b0816f2, org.springframework.security.web.context.request.async.WebAsyncManagerIntegrationFilter@19e87967, org.springframework.security.web.context.SecurityContextHolderFilter@63bf2da8, org.springframework.security.web.header.HeaderWriterFilter@61ec1774, org.springframework.web.filter.CorsFilter@7a3cab36, org.springframework.security.web.csrf.CsrfFilter@5a07360a, org.springframework.security.web.authentication.logout.LogoutFilter@b3864e7, org.springframework.security.web.authentication.UsernamePasswordAuthenticationFilter@baa576a, org.springframework.security.web.savedrequest.RequestCacheAwareFilter@4cb5a0c6, org.springframework.security.web.servletapi.SecurityContextHolderAwareRequestFilter@41996bc6, org.springframework.security.web.authentication.AnonymousAuthenticationFilter@3fc68483, org.springframework.security.web.access.ExceptionTranslationFilter@80219dc, org.springframework.security.web.access.intercept.AuthorizationFilter@62d28839]
2025-06-24 06:29:33 [restartedMain] INFO  o.e.CulinaryExchangeApplication - Started CulinaryExchangeApplication in 2.202 seconds (process running for 2.46)
2025-06-24 06:29:40 [http-nio-8080-exec-1] INFO  o.a.c.c.C.[.[localhost].[/culinary] - Initializing Spring DispatcherServlet 'dispatcherServlet'
2025-06-24 06:29:40 [http-nio-8080-exec-1] DEBUG o.s.security.web.FilterChainProxy - Securing GET /
2025-06-24 06:29:40 [http-nio-8080-exec-1] DEBUG o.s.security.web.FilterChainProxy - Secured GET /
2025-06-24 06:29:40 [http-nio-8080-exec-1] DEBUG o.s.security.web.FilterChainProxy - Securing GET /WEB-INF/views/mainPage.jsp
2025-06-24 06:29:40 [http-nio-8080-exec-1] DEBUG o.s.security.web.FilterChainProxy - Secured GET /WEB-INF/views/mainPage.jsp
2025-06-24 06:29:41 [http-nio-8080-exec-1] DEBUG o.s.s.w.a.AnonymousAuthenticationFilter - Set SecurityContextHolder to anonymous SecurityContext
2025-06-24 06:29:41 [http-nio-8080-exec-2] DEBUG o.s.security.web.FilterChainProxy - Securing GET /styles/normalize.8.0.1.css
2025-06-24 06:29:41 [http-nio-8080-exec-2] DEBUG o.s.security.web.FilterChainProxy - Secured GET /styles/normalize.8.0.1.css
2025-06-24 06:29:41 [http-nio-8080-exec-4] DEBUG o.s.security.web.FilterChainProxy - Securing GET /styles/footer.css
2025-06-24 06:29:41 [http-nio-8080-exec-4] DEBUG o.s.security.web.FilterChainProxy - Secured GET /styles/footer.css
2025-06-24 06:29:41 [http-nio-8080-exec-6] DEBUG o.s.security.web.FilterChainProxy - Securing GET /styles/header.css
2025-06-24 06:29:41 [http-nio-8080-exec-5] DEBUG o.s.security.web.FilterChainProxy - Securing GET /styles/mainPage.css
2025-06-24 06:29:41 [http-nio-8080-exec-6] DEBUG o.s.security.web.FilterChainProxy - Secured GET /styles/header.css
2025-06-24 06:29:41 [http-nio-8080-exec-3] DEBUG o.s.security.web.FilterChainProxy - Securing GET /styles/reset.css
2025-06-24 06:29:41 [http-nio-8080-exec-5] DEBUG o.s.security.web.FilterChainProxy - Secured GET /styles/mainPage.css
2025-06-24 06:29:41 [http-nio-8080-exec-7] DEBUG o.s.security.web.FilterChainProxy - Securing GET /styles/global.css
2025-06-24 06:29:41 [http-nio-8080-exec-7] DEBUG o.s.security.web.FilterChainProxy - Secured GET /styles/global.css
2025-06-24 06:29:41 [http-nio-8080-exec-3] DEBUG o.s.security.web.FilterChainProxy - Secured GET /styles/reset.css
2025-06-24 06:29:41 [http-nio-8080-exec-6] DEBUG o.s.s.w.a.AnonymousAuthenticationFilter - Set SecurityContextHolder to anonymous SecurityContext
2025-06-24 06:29:41 [http-nio-8080-exec-7] DEBUG o.s.s.w.a.AnonymousAuthenticationFilter - Set SecurityContextHolder to anonymous SecurityContext
2025-06-24 06:29:41 [http-nio-8080-exec-2] DEBUG o.s.s.w.a.AnonymousAuthenticationFilter - Set SecurityContextHolder to anonymous SecurityContext
2025-06-24 06:29:41 [http-nio-8080-exec-5] DEBUG o.s.s.w.a.AnonymousAuthenticationFilter - Set SecurityContextHolder to anonymous SecurityContext
2025-06-24 06:29:41 [http-nio-8080-exec-4] DEBUG o.s.s.w.a.AnonymousAuthenticationFilter - Set SecurityContextHolder to anonymous SecurityContext
2025-06-24 06:29:41 [http-nio-8080-exec-3] DEBUG o.s.s.w.a.AnonymousAuthenticationFilter - Set SecurityContextHolder to anonymous SecurityContext
2025-06-24 06:29:41 [http-nio-8080-exec-9] DEBUG o.s.security.web.FilterChainProxy - Securing GET /image?file=1750635976463_%D0%A1%D0%BD%D0%B8%D0%BC%D0%BE%D0%BA%20%D1%8D%D0%BA%D1%80%D0%B0%D0%BD%D0%B0%202025-03-16%20%D0%B2%2011.03.50.png
2025-06-24 06:29:41 [http-nio-8080-exec-8] DEBUG o.s.security.web.FilterChainProxy - Securing GET /image?file=1750635278979_%D0%A1%D0%BD%D0%B8%D0%BC%D0%BE%D0%BA%20%D1%8D%D0%BA%D1%80%D0%B0%D0%BD%D0%B0%202025-02-20%20%D0%B2%2015.38.15.png
2025-06-24 06:29:41 [http-nio-8080-exec-10] DEBUG o.s.security.web.FilterChainProxy - Securing GET /image?file=1750687597303_%D0%A1%D0%BD%D0%B8%D0%BC%D0%BE%D0%BA%20%D1%8D%D0%BA%D1%80%D0%B0%D0%BD%D0%B0%202025-03-16%20%D0%B2%2019.33.55.png
2025-06-24 06:29:41 [http-nio-8080-exec-10] DEBUG o.s.security.web.FilterChainProxy - Secured GET /image?file=1750687597303_%D0%A1%D0%BD%D0%B8%D0%BC%D0%BE%D0%BA%20%D1%8D%D0%BA%D1%80%D0%B0%D0%BD%D0%B0%202025-03-16%20%D0%B2%2019.33.55.png
2025-06-24 06:29:41 [http-nio-8080-exec-9] DEBUG o.s.security.web.FilterChainProxy - Secured GET /image?file=1750635976463_%D0%A1%D0%BD%D0%B8%D0%BC%D0%BE%D0%BA%20%D1%8D%D0%BA%D1%80%D0%B0%D0%BD%D0%B0%202025-03-16%20%D0%B2%2011.03.50.png
2025-06-24 06:29:41 [http-nio-8080-exec-8] DEBUG o.s.security.web.FilterChainProxy - Secured GET /image?file=1750635278979_%D0%A1%D0%BD%D0%B8%D0%BC%D0%BE%D0%BA%20%D1%8D%D0%BA%D1%80%D0%B0%D0%BD%D0%B0%202025-02-20%20%D0%B2%2015.38.15.png
2025-06-24 06:29:41 [http-nio-8080-exec-9] DEBUG o.s.s.w.a.AnonymousAuthenticationFilter - Set SecurityContextHolder to anonymous SecurityContext
2025-06-24 06:29:41 [http-nio-8080-exec-10] DEBUG o.s.s.w.a.AnonymousAuthenticationFilter - Set SecurityContextHolder to anonymous SecurityContext
2025-06-24 06:29:41 [http-nio-8080-exec-8] DEBUG o.s.s.w.a.AnonymousAuthenticationFilter - Set SecurityContextHolder to anonymous SecurityContext
2025-06-24 06:29:43 [http-nio-8080-exec-1] DEBUG o.s.security.web.FilterChainProxy - Securing GET /recipe/4
2025-06-24 06:29:43 [http-nio-8080-exec-1] DEBUG o.s.security.web.FilterChainProxy - Secured GET /recipe/4
2025-06-24 06:29:43 [http-nio-8080-exec-1] DEBUG o.s.s.w.a.AnonymousAuthenticationFilter - Set SecurityContextHolder to anonymous SecurityContext
2025-06-24 06:29:43 [http-nio-8080-exec-1] DEBUG o.s.security.web.FilterChainProxy - Securing GET /WEB-INF/views/showRecipe.jsp
2025-06-24 06:29:43 [http-nio-8080-exec-1] DEBUG o.s.security.web.FilterChainProxy - Secured GET /WEB-INF/views/showRecipe.jsp
2025-06-24 06:29:43 [http-nio-8080-exec-6] DEBUG o.s.security.web.FilterChainProxy - Securing GET /styles/normalize.8.0.1.css
2025-06-24 06:29:43 [http-nio-8080-exec-5] DEBUG o.s.security.web.FilterChainProxy - Securing GET /styles/reset.css
2025-06-24 06:29:43 [http-nio-8080-exec-4] DEBUG o.s.security.web.FilterChainProxy - Securing GET /styles/showRecipe.css
2025-06-24 06:29:43 [http-nio-8080-exec-3] DEBUG o.s.security.web.FilterChainProxy - Securing GET /styles/footer.css
2025-06-24 06:29:43 [http-nio-8080-exec-6] DEBUG o.s.security.web.FilterChainProxy - Secured GET /styles/normalize.8.0.1.css
2025-06-24 06:29:43 [http-nio-8080-exec-3] DEBUG o.s.security.web.FilterChainProxy - Secured GET /styles/footer.css
2025-06-24 06:29:43 [http-nio-8080-exec-4] DEBUG o.s.security.web.FilterChainProxy - Secured GET /styles/showRecipe.css
2025-06-24 06:29:43 [http-nio-8080-exec-2] DEBUG o.s.security.web.FilterChainProxy - Securing GET /styles/header.css
2025-06-24 06:29:43 [http-nio-8080-exec-5] DEBUG o.s.security.web.FilterChainProxy - Secured GET /styles/reset.css
2025-06-24 06:29:43 [http-nio-8080-exec-2] DEBUG o.s.security.web.FilterChainProxy - Secured GET /styles/header.css
2025-06-24 06:29:43 [http-nio-8080-exec-7] DEBUG o.s.security.web.FilterChainProxy - Securing GET /styles/global.css
2025-06-24 06:29:43 [http-nio-8080-exec-7] DEBUG o.s.security.web.FilterChainProxy - Secured GET /styles/global.css
2025-06-24 06:29:43 [http-nio-8080-exec-6] DEBUG o.s.s.w.a.AnonymousAuthenticationFilter - Set SecurityContextHolder to anonymous SecurityContext
2025-06-24 06:29:43 [http-nio-8080-exec-3] DEBUG o.s.s.w.a.AnonymousAuthenticationFilter - Set SecurityContextHolder to anonymous SecurityContext
2025-06-24 06:29:43 [http-nio-8080-exec-2] DEBUG o.s.s.w.a.AnonymousAuthenticationFilter - Set SecurityContextHolder to anonymous SecurityContext
2025-06-24 06:29:43 [http-nio-8080-exec-5] DEBUG o.s.s.w.a.AnonymousAuthenticationFilter - Set SecurityContextHolder to anonymous SecurityContext
2025-06-24 06:29:43 [http-nio-8080-exec-7] DEBUG o.s.s.w.a.AnonymousAuthenticationFilter - Set SecurityContextHolder to anonymous SecurityContext
2025-06-24 06:29:43 [http-nio-8080-exec-4] DEBUG o.s.s.w.a.AnonymousAuthenticationFilter - Set SecurityContextHolder to anonymous SecurityContext
2025-06-24 06:29:43 [http-nio-8080-exec-9] DEBUG o.s.security.web.FilterChainProxy - Securing GET /image?file=1750635278979_%D0%A1%D0%BD%D0%B8%D0%BC%D0%BE%D0%BA%20%D1%8D%D0%BA%D1%80%D0%B0%D0%BD%D0%B0%202025-02-20%20%D0%B2%2015.38.15.png
2025-06-24 06:29:43 [http-nio-8080-exec-9] DEBUG o.s.security.web.FilterChainProxy - Secured GET /image?file=1750635278979_%D0%A1%D0%BD%D0%B8%D0%BC%D0%BE%D0%BA%20%D1%8D%D0%BA%D1%80%D0%B0%D0%BD%D0%B0%202025-02-20%20%D0%B2%2015.38.15.png
2025-06-24 06:29:43 [http-nio-8080-exec-9] DEBUG o.s.s.w.a.AnonymousAuthenticationFilter - Set SecurityContextHolder to anonymous SecurityContext
2025-06-24 06:29:45 [http-nio-8080-exec-10] DEBUG o.s.security.web.FilterChainProxy - Securing POST /recipe/4/pdf
2025-06-24 06:29:45 [http-nio-8080-exec-10] DEBUG o.s.security.web.FilterChainProxy - Secured POST /recipe/4/pdf
2025-06-24 06:29:45 [http-nio-8080-exec-10] ERROR o.e.e.GlobalExceptionHandler - Unhandled exception: 403 Forbidden: [no body]
org.springframework.web.client.HttpClientErrorException$Forbidden: 403 Forbidden: [no body]
	at org.springframework.web.client.HttpClientErrorException.create(HttpClientErrorException.java:109)
	at org.springframework.web.client.DefaultResponseErrorHandler.handleError(DefaultResponseErrorHandler.java:183)
	at org.springframework.web.client.DefaultResponseErrorHandler.handleError(DefaultResponseErrorHandler.java:137)
	at org.springframework.web.client.ResponseErrorHandler.handleError(ResponseErrorHandler.java:63)
	at org.springframework.web.client.RestTemplate.handleResponse(RestTemplate.java:942)
	at org.springframework.web.client.RestTemplate.doExecute(RestTemplate.java:891)
	at org.springframework.web.client.RestTemplate.execute(RestTemplate.java:790)
	at org.springframework.web.client.RestTemplate.postForObject(RestTemplate.java:507)
	at org.example.controllers.ShowRecipeController.generatePdf(ShowRecipeController.java:116)
	at java.base/jdk.internal.reflect.DirectMethodHandleAccessor.invoke(DirectMethodHandleAccessor.java:103)
	at java.base/java.lang.reflect.Method.invoke(Method.java:580)
	at org.springframework.web.method.support.InvocableHandlerMethod.doInvoke(InvocableHandlerMethod.java:255)
	at org.springframework.web.method.support.InvocableHandlerMethod.invokeForRequest(InvocableHandlerMethod.java:188)
	at org.springframework.web.servlet.mvc.method.annotation.ServletInvocableHandlerMethod.invokeAndHandle(ServletInvocableHandlerMethod.java:118)
	at org.springframework.web.servlet.mvc.method.annotation.RequestMappingHandlerAdapter.invokeHandlerMethod(RequestMappingHandlerAdapter.java:926)
	at org.springframework.web.servlet.mvc.method.annotation.RequestMappingHandlerAdapter.handleInternal(RequestMappingHandlerAdapter.java:831)
	at org.springframework.web.servlet.mvc.method.AbstractHandlerMethodAdapter.handle(AbstractHandlerMethodAdapter.java:87)
	at org.springframework.web.servlet.DispatcherServlet.doDispatch(DispatcherServlet.java:1089)
	at org.springframework.web.servlet.DispatcherServlet.doService(DispatcherServlet.java:979)
	at org.springframework.web.servlet.FrameworkServlet.processRequest(FrameworkServlet.java:1014)
	at org.springframework.web.servlet.FrameworkServlet.doPost(FrameworkServlet.java:914)
	at jakarta.servlet.http.HttpServlet.service(HttpServlet.java:590)
	at org.springframework.web.servlet.FrameworkServlet.service(FrameworkServlet.java:885)
	at jakarta.servlet.http.HttpServlet.service(HttpServlet.java:658)
	at org.apache.catalina.core.ApplicationFilterChain.internalDoFilter(ApplicationFilterChain.java:195)
	at org.apache.catalina.core.ApplicationFilterChain.doFilter(ApplicationFilterChain.java:140)
	at org.apache.tomcat.websocket.server.WsFilter.doFilter(WsFilter.java:51)
	at org.apache.catalina.core.ApplicationFilterChain.internalDoFilter(ApplicationFilterChain.java:164)
	at org.apache.catalina.core.ApplicationFilterChain.doFilter(ApplicationFilterChain.java:140)
	at org.springframework.web.filter.CompositeFilter$VirtualFilterChain.doFilter(CompositeFilter.java:108)
	at org.springframework.security.web.FilterChainProxy.lambda$doFilterInternal$3(FilterChainProxy.java:231)
	at org.springframework.security.web.FilterChainProxy$VirtualFilterChain.doFilter(FilterChainProxy.java:365)
	at org.springframework.security.web.access.intercept.AuthorizationFilter.doFilter(AuthorizationFilter.java:100)
	at org.springframework.security.web.FilterChainProxy$VirtualFilterChain.doFilter(FilterChainProxy.java:374)
	at org.springframework.security.web.access.ExceptionTranslationFilter.doFilter(ExceptionTranslationFilter.java:126)
	at org.springframework.security.web.access.ExceptionTranslationFilter.doFilter(ExceptionTranslationFilter.java:120)
	at org.springframework.security.web.FilterChainProxy$VirtualFilterChain.doFilter(FilterChainProxy.java:374)
	at org.springframework.security.web.authentication.AnonymousAuthenticationFilter.doFilter(AnonymousAuthenticationFilter.java:100)
	at org.springframework.security.web.FilterChainProxy$VirtualFilterChain.doFilter(FilterChainProxy.java:374)
	at org.springframework.security.web.servletapi.SecurityContextHolderAwareRequestFilter.doFilter(SecurityContextHolderAwareRequestFilter.java:179)
	at org.springframework.security.web.FilterChainProxy$VirtualFilterChain.doFilter(FilterChainProxy.java:374)
	at org.springframework.security.web.savedrequest.RequestCacheAwareFilter.doFilter(RequestCacheAwareFilter.java:63)
	at org.springframework.security.web.FilterChainProxy$VirtualFilterChain.doFilter(FilterChainProxy.java:374)
	at org.springframework.security.web.authentication.AbstractAuthenticationProcessingFilter.doFilter(AbstractAuthenticationProcessingFilter.java:227)
	at org.springframework.security.web.authentication.AbstractAuthenticationProcessingFilter.doFilter(AbstractAuthenticationProcessingFilter.java:221)
	at org.springframework.security.web.FilterChainProxy$VirtualFilterChain.doFilter(FilterChainProxy.java:374)
	at org.springframework.security.web.authentication.logout.LogoutFilter.doFilter(LogoutFilter.java:107)
	at org.springframework.security.web.authentication.logout.LogoutFilter.doFilter(LogoutFilter.java:93)
	at org.springframework.security.web.FilterChainProxy$VirtualFilterChain.doFilter(FilterChainProxy.java:374)
	at org.springframework.security.web.csrf.CsrfFilter.doFilterInternal(CsrfFilter.java:131)
	at org.springframework.web.filter.OncePerRequestFilter.doFilter(OncePerRequestFilter.java:116)
	at org.springframework.security.web.FilterChainProxy$VirtualFilterChain.doFilter(FilterChainProxy.java:374)
	at org.springframework.web.filter.CorsFilter.doFilterInternal(CorsFilter.java:91)
	at org.springframework.web.filter.OncePerRequestFilter.doFilter(OncePerRequestFilter.java:116)
	at org.springframework.security.web.FilterChainProxy$VirtualFilterChain.doFilter(FilterChainProxy.java:374)
	at org.springframework.security.web.header.HeaderWriterFilter.doHeadersAfter(HeaderWriterFilter.java:90)
	at org.springframework.security.web.header.HeaderWriterFilter.doFilterInternal(HeaderWriterFilter.java:75)
	at org.springframework.web.filter.OncePerRequestFilter.doFilter(OncePerRequestFilter.java:116)
	at org.springframework.security.web.FilterChainProxy$VirtualFilterChain.doFilter(FilterChainProxy.java:374)
	at org.springframework.security.web.context.SecurityContextHolderFilter.doFilter(SecurityContextHolderFilter.java:82)
	at org.springframework.security.web.context.SecurityContextHolderFilter.doFilter(SecurityContextHolderFilter.java:69)
	at org.springframework.security.web.FilterChainProxy$VirtualFilterChain.doFilter(FilterChainProxy.java:374)
	at org.springframework.security.web.context.request.async.WebAsyncManagerIntegrationFilter.doFilterInternal(WebAsyncManagerIntegrationFilter.java:62)
	at org.springframework.web.filter.OncePerRequestFilter.doFilter(OncePerRequestFilter.java:116)
	at org.springframework.security.web.FilterChainProxy$VirtualFilterChain.doFilter(FilterChainProxy.java:374)
	at org.springframework.security.web.session.DisableEncodeUrlFilter.doFilterInternal(DisableEncodeUrlFilter.java:42)
	at org.springframework.web.filter.OncePerRequestFilter.doFilter(OncePerRequestFilter.java:116)
	at org.springframework.security.web.FilterChainProxy$VirtualFilterChain.doFilter(FilterChainProxy.java:374)
	at org.springframework.security.web.FilterChainProxy.doFilterInternal(FilterChainProxy.java:233)
	at org.springframework.security.web.FilterChainProxy.doFilter(FilterChainProxy.java:191)
	at org.springframework.web.filter.CompositeFilter$VirtualFilterChain.doFilter(CompositeFilter.java:113)
	at org.springframework.web.servlet.handler.HandlerMappingIntrospector.lambda$createCacheFilter$3(HandlerMappingIntrospector.java:195)
	at org.springframework.web.filter.CompositeFilter$VirtualFilterChain.doFilter(CompositeFilter.java:113)
	at org.springframework.web.filter.CompositeFilter.doFilter(CompositeFilter.java:74)
	at org.springframework.security.config.annotation.web.configuration.WebMvcSecurityConfiguration$CompositeFilterChainProxy.doFilter(WebMvcSecurityConfiguration.java:230)
	at org.springframework.web.filter.DelegatingFilterProxy.invokeDelegate(DelegatingFilterProxy.java:352)
	at org.springframework.web.filter.DelegatingFilterProxy.doFilter(DelegatingFilterProxy.java:268)
	at org.apache.catalina.core.ApplicationFilterChain.internalDoFilter(ApplicationFilterChain.java:164)
	at org.apache.catalina.core.ApplicationFilterChain.doFilter(ApplicationFilterChain.java:140)
	at org.springframework.web.filter.RequestContextFilter.doFilterInternal(RequestContextFilter.java:100)
	at org.springframework.web.filter.OncePerRequestFilter.doFilter(OncePerRequestFilter.java:116)
	at org.apache.catalina.core.ApplicationFilterChain.internalDoFilter(ApplicationFilterChain.java:164)
	at org.apache.catalina.core.ApplicationFilterChain.doFilter(ApplicationFilterChain.java:140)
	at org.springframework.web.filter.FormContentFilter.doFilterInternal(FormContentFilter.java:93)
	at org.springframework.web.filter.OncePerRequestFilter.doFilter(OncePerRequestFilter.java:116)
	at org.apache.catalina.core.ApplicationFilterChain.internalDoFilter(ApplicationFilterChain.java:164)
	at org.apache.catalina.core.ApplicationFilterChain.doFilter(ApplicationFilterChain.java:140)
	at org.springframework.web.filter.CharacterEncodingFilter.doFilterInternal(CharacterEncodingFilter.java:201)
	at org.springframework.web.filter.OncePerRequestFilter.doFilter(OncePerRequestFilter.java:116)
	at org.apache.catalina.core.ApplicationFilterChain.internalDoFilter(ApplicationFilterChain.java:164)
	at org.apache.catalina.core.ApplicationFilterChain.doFilter(ApplicationFilterChain.java:140)
	at org.apache.catalina.core.StandardWrapperValve.invoke(StandardWrapperValve.java:167)
	at org.apache.catalina.core.StandardContextValve.invoke(StandardContextValve.java:90)
	at org.apache.catalina.authenticator.AuthenticatorBase.invoke(AuthenticatorBase.java:482)
	at org.apache.catalina.core.StandardHostValve.invoke(StandardHostValve.java:115)
	at org.apache.catalina.valves.ErrorReportValve.invoke(ErrorReportValve.java:93)
	at org.apache.catalina.core.StandardEngineValve.invoke(StandardEngineValve.java:74)
	at org.apache.catalina.connector.CoyoteAdapter.service(CoyoteAdapter.java:344)
	at org.apache.coyote.http11.Http11Processor.service(Http11Processor.java:389)
	at org.apache.coyote.AbstractProcessorLight.process(AbstractProcessorLight.java:63)
	at org.apache.coyote.AbstractProtocol$ConnectionHandler.process(AbstractProtocol.java:896)
	at org.apache.tomcat.util.net.NioEndpoint$SocketProcessor.doRun(NioEndpoint.java:1741)
	at org.apache.tomcat.util.net.SocketProcessorBase.run(SocketProcessorBase.java:52)
	at org.apache.tomcat.util.threads.ThreadPoolExecutor.runWorker(ThreadPoolExecutor.java:1190)
	at org.apache.tomcat.util.threads.ThreadPoolExecutor$Worker.run(ThreadPoolExecutor.java:659)
	at org.apache.tomcat.util.threads.TaskThread$WrappingRunnable.run(TaskThread.java:63)
	at java.base/java.lang.Thread.run(Thread.java:1583)
2025-06-24 06:29:45 [http-nio-8080-exec-10] WARN  o.s.w.s.m.m.a.ExceptionHandlerExceptionResolver - Resolved [org.springframework.web.client.HttpClientErrorException$Forbidden: 403 Forbidden: [no body]]
2025-06-24 06:29:45 [http-nio-8080-exec-10] DEBUG o.s.s.w.a.AnonymousAuthenticationFilter - Set SecurityContextHolder to anonymous SecurityContext
2025-06-24 06:30:19 [http-nio-8080-exec-8] DEBUG o.s.security.web.FilterChainProxy - Securing GET /recipe/4
2025-06-24 06:30:19 [http-nio-8080-exec-8] DEBUG o.s.security.web.FilterChainProxy - Secured GET /recipe/4
2025-06-24 06:30:19 [http-nio-8080-exec-8] DEBUG o.s.s.w.a.AnonymousAuthenticationFilter - Set SecurityContextHolder to anonymous SecurityContext
2025-06-24 06:30:19 [http-nio-8080-exec-8] DEBUG o.s.security.web.FilterChainProxy - Securing GET /WEB-INF/views/showRecipe.jsp
2025-06-24 06:30:19 [http-nio-8080-exec-8] DEBUG o.s.security.web.FilterChainProxy - Secured GET /WEB-INF/views/showRecipe.jsp
2025-06-24 06:30:19 [http-nio-8080-exec-5] DEBUG o.s.security.web.FilterChainProxy - Securing GET /styles/header.css
2025-06-24 06:30:19 [http-nio-8080-exec-6] DEBUG o.s.security.web.FilterChainProxy - Securing GET /styles/footer.css
2025-06-24 06:30:19 [http-nio-8080-exec-6] DEBUG o.s.security.web.FilterChainProxy - Secured GET /styles/footer.css
2025-06-24 06:30:19 [http-nio-8080-exec-3] DEBUG o.s.security.web.FilterChainProxy - Securing GET /styles/showRecipe.css
2025-06-24 06:30:19 [http-nio-8080-exec-3] DEBUG o.s.security.web.FilterChainProxy - Secured GET /styles/showRecipe.css
2025-06-24 06:30:19 [http-nio-8080-exec-7] DEBUG o.s.security.web.FilterChainProxy - Securing GET /styles/reset.css
2025-06-24 06:30:19 [http-nio-8080-exec-7] DEBUG o.s.security.web.FilterChainProxy - Secured GET /styles/reset.css
2025-06-24 06:30:19 [http-nio-8080-exec-3] DEBUG o.s.s.w.a.AnonymousAuthenticationFilter - Set SecurityContextHolder to anonymous SecurityContext
2025-06-24 06:30:19 [http-nio-8080-exec-2] DEBUG o.s.security.web.FilterChainProxy - Securing GET /styles/global.css
2025-06-24 06:30:19 [http-nio-8080-exec-5] DEBUG o.s.security.web.FilterChainProxy - Secured GET /styles/header.css
2025-06-24 06:30:19 [http-nio-8080-exec-1] DEBUG o.s.security.web.FilterChainProxy - Securing GET /styles/normalize.8.0.1.css
2025-06-24 06:30:19 [http-nio-8080-exec-2] DEBUG o.s.security.web.FilterChainProxy - Secured GET /styles/global.css
2025-06-24 06:30:19 [http-nio-8080-exec-1] DEBUG o.s.security.web.FilterChainProxy - Secured GET /styles/normalize.8.0.1.css
2025-06-24 06:30:19 [http-nio-8080-exec-6] DEBUG o.s.s.w.a.AnonymousAuthenticationFilter - Set SecurityContextHolder to anonymous SecurityContext
2025-06-24 06:30:19 [http-nio-8080-exec-7] DEBUG o.s.s.w.a.AnonymousAuthenticationFilter - Set SecurityContextHolder to anonymous SecurityContext
2025-06-24 06:30:19 [http-nio-8080-exec-1] DEBUG o.s.s.w.a.AnonymousAuthenticationFilter - Set SecurityContextHolder to anonymous SecurityContext
2025-06-24 06:30:19 [http-nio-8080-exec-2] DEBUG o.s.s.w.a.AnonymousAuthenticationFilter - Set SecurityContextHolder to anonymous SecurityContext
2025-06-24 06:30:19 [http-nio-8080-exec-5] DEBUG o.s.s.w.a.AnonymousAuthenticationFilter - Set SecurityContextHolder to anonymous SecurityContext
2025-06-24 06:30:19 [http-nio-8080-exec-4] DEBUG o.s.security.web.FilterChainProxy - Securing GET /image?file=1750635278979_%D0%A1%D0%BD%D0%B8%D0%BC%D0%BE%D0%BA%20%D1%8D%D0%BA%D1%80%D0%B0%D0%BD%D0%B0%202025-02-20%20%D0%B2%2015.38.15.png
2025-06-24 06:30:19 [http-nio-8080-exec-4] DEBUG o.s.security.web.FilterChainProxy - Secured GET /image?file=1750635278979_%D0%A1%D0%BD%D0%B8%D0%BC%D0%BE%D0%BA%20%D1%8D%D0%BA%D1%80%D0%B0%D0%BD%D0%B0%202025-02-20%20%D0%B2%2015.38.15.png
2025-06-24 06:30:19 [http-nio-8080-exec-4] DEBUG o.s.s.w.a.AnonymousAuthenticationFilter - Set SecurityContextHolder to anonymous SecurityContext
2025-06-24 06:30:21 [http-nio-8080-exec-9] DEBUG o.s.security.web.FilterChainProxy - Securing GET /login
2025-06-24 06:30:21 [http-nio-8080-exec-9] DEBUG o.s.security.web.FilterChainProxy - Secured GET /login
2025-06-24 06:30:21 [http-nio-8080-exec-9] DEBUG o.s.security.web.FilterChainProxy - Securing GET /WEB-INF/views/login.jsp
2025-06-24 06:30:21 [http-nio-8080-exec-9] DEBUG o.s.security.web.FilterChainProxy - Secured GET /WEB-INF/views/login.jsp
2025-06-24 06:30:22 [http-nio-8080-exec-9] DEBUG o.s.s.w.a.AnonymousAuthenticationFilter - Set SecurityContextHolder to anonymous SecurityContext
2025-06-24 06:30:22 [http-nio-8080-exec-10] DEBUG o.s.security.web.FilterChainProxy - Securing GET /styles/normalize.8.0.1.css
2025-06-24 06:30:22 [http-nio-8080-exec-3] DEBUG o.s.security.web.FilterChainProxy - Securing GET /styles/global.css
2025-06-24 06:30:22 [http-nio-8080-exec-8] DEBUG o.s.security.web.FilterChainProxy - Securing GET /styles/reset.css
2025-06-24 06:30:22 [http-nio-8080-exec-7] DEBUG o.s.security.web.FilterChainProxy - Securing GET /styles/header.css
2025-06-24 06:30:22 [http-nio-8080-exec-1] DEBUG o.s.security.web.FilterChainProxy - Securing GET /styles/footer.css
2025-06-24 06:30:22 [http-nio-8080-exec-10] DEBUG o.s.security.web.FilterChainProxy - Secured GET /styles/normalize.8.0.1.css
2025-06-24 06:30:22 [http-nio-8080-exec-3] DEBUG o.s.security.web.FilterChainProxy - Secured GET /styles/global.css
2025-06-24 06:30:22 [http-nio-8080-exec-6] DEBUG o.s.security.web.FilterChainProxy - Securing GET /styles/login.css
2025-06-24 06:30:22 [http-nio-8080-exec-8] DEBUG o.s.security.web.FilterChainProxy - Secured GET /styles/reset.css
2025-06-24 06:30:22 [http-nio-8080-exec-1] DEBUG o.s.security.web.FilterChainProxy - Secured GET /styles/footer.css
2025-06-24 06:30:22 [http-nio-8080-exec-7] DEBUG o.s.security.web.FilterChainProxy - Secured GET /styles/header.css
2025-06-24 06:30:22 [http-nio-8080-exec-6] DEBUG o.s.security.web.FilterChainProxy - Secured GET /styles/login.css
2025-06-24 06:30:22 [http-nio-8080-exec-7] DEBUG o.s.s.w.a.AnonymousAuthenticationFilter - Set SecurityContextHolder to anonymous SecurityContext
2025-06-24 06:30:22 [http-nio-8080-exec-3] DEBUG o.s.s.w.a.AnonymousAuthenticationFilter - Set SecurityContextHolder to anonymous SecurityContext
2025-06-24 06:30:22 [http-nio-8080-exec-10] DEBUG o.s.s.w.a.AnonymousAuthenticationFilter - Set SecurityContextHolder to anonymous SecurityContext
2025-06-24 06:30:22 [http-nio-8080-exec-1] DEBUG o.s.s.w.a.AnonymousAuthenticationFilter - Set SecurityContextHolder to anonymous SecurityContext
2025-06-24 06:30:22 [http-nio-8080-exec-8] DEBUG o.s.s.w.a.AnonymousAuthenticationFilter - Set SecurityContextHolder to anonymous SecurityContext
2025-06-24 06:30:22 [http-nio-8080-exec-6] DEBUG o.s.s.w.a.AnonymousAuthenticationFilter - Set SecurityContextHolder to anonymous SecurityContext
2025-06-24 06:30:26 [http-nio-8080-exec-2] DEBUG o.s.security.web.FilterChainProxy - Securing POST /login
2025-06-24 06:30:27 [http-nio-8080-exec-2] DEBUG o.s.s.a.d.DaoAuthenticationProvider - Authenticated user
2025-06-24 06:30:27 [http-nio-8080-exec-2] DEBUG o.s.s.w.a.s.ChangeSessionIdAuthenticationStrategy - Changed session id from 19B34927359842BA8CEE86CA471EE397
2025-06-24 06:30:27 [http-nio-8080-exec-2] DEBUG o.s.s.w.c.CsrfAuthenticationStrategy - Replaced CSRF Token
2025-06-24 06:30:27 [http-nio-8080-exec-2] DEBUG o.s.s.w.c.HttpSessionSecurityContextRepository - Stored SecurityContextImpl [Authentication=UsernamePasswordAuthenticationToken [Principal=org.example.security.CustomUserDetails@6a9723a4, Credentials=[PROTECTED], Authenticated=true, Details=WebAuthenticationDetails [RemoteIpAddress=0:0:0:0:0:0:0:1, SessionId=19B34927359842BA8CEE86CA471EE397], Granted Authorities=[ROLE_USER]]] to HttpSession [org.apache.catalina.session.StandardSessionFacade@49d5cda8]
2025-06-24 06:30:27 [http-nio-8080-exec-2] DEBUG o.s.s.w.a.UsernamePasswordAuthenticationFilter - Set SecurityContextHolder to UsernamePasswordAuthenticationToken [Principal=org.example.security.CustomUserDetails@6a9723a4, Credentials=[PROTECTED], Authenticated=true, Details=WebAuthenticationDetails [RemoteIpAddress=0:0:0:0:0:0:0:1, SessionId=19B34927359842BA8CEE86CA471EE397], Granted Authorities=[ROLE_USER]]
2025-06-24 06:30:27 [http-nio-8080-exec-2] DEBUG o.s.s.web.DefaultRedirectStrategy - Redirecting to /culinary/
2025-06-24 06:30:27 [http-nio-8080-exec-5] DEBUG o.s.security.web.FilterChainProxy - Securing GET /
2025-06-24 06:30:27 [http-nio-8080-exec-5] DEBUG o.s.security.web.FilterChainProxy - Secured GET /
2025-06-24 06:30:27 [http-nio-8080-exec-5] DEBUG o.s.security.web.FilterChainProxy - Securing GET /WEB-INF/views/mainPage.jsp
2025-06-24 06:30:27 [http-nio-8080-exec-5] DEBUG o.s.security.web.FilterChainProxy - Secured GET /WEB-INF/views/mainPage.jsp
2025-06-24 06:30:27 [http-nio-8080-exec-5] DEBUG o.s.s.w.c.HttpSessionSecurityContextRepository - Retrieved SecurityContextImpl [Authentication=UsernamePasswordAuthenticationToken [Principal=org.example.security.CustomUserDetails@6a9723a4, Credentials=[PROTECTED], Authenticated=true, Details=WebAuthenticationDetails [RemoteIpAddress=0:0:0:0:0:0:0:1, SessionId=19B34927359842BA8CEE86CA471EE397], Granted Authorities=[ROLE_USER]]]
2025-06-24 06:30:27 [http-nio-8080-exec-4] DEBUG o.s.security.web.FilterChainProxy - Securing GET /styles/normalize.8.0.1.css
2025-06-24 06:30:27 [http-nio-8080-exec-4] DEBUG o.s.security.web.FilterChainProxy - Secured GET /styles/normalize.8.0.1.css
2025-06-24 06:30:27 [http-nio-8080-exec-9] DEBUG o.s.security.web.FilterChainProxy - Securing GET /styles/reset.css
2025-06-24 06:30:27 [http-nio-8080-exec-9] DEBUG o.s.security.web.FilterChainProxy - Secured GET /styles/reset.css
2025-06-24 06:30:27 [http-nio-8080-exec-3] DEBUG o.s.security.web.FilterChainProxy - Securing GET /styles/header.css
2025-06-24 06:30:27 [http-nio-8080-exec-3] DEBUG o.s.security.web.FilterChainProxy - Secured GET /styles/header.css
2025-06-24 06:30:27 [http-nio-8080-exec-1] DEBUG o.s.security.web.FilterChainProxy - Securing GET /styles/global.css
2025-06-24 06:30:27 [http-nio-8080-exec-7] DEBUG o.s.security.web.FilterChainProxy - Securing GET /styles/mainPage.css
2025-06-24 06:30:27 [http-nio-8080-exec-10] DEBUG o.s.security.web.FilterChainProxy - Securing GET /styles/footer.css
2025-06-24 06:30:27 [http-nio-8080-exec-1] DEBUG o.s.security.web.FilterChainProxy - Secured GET /styles/global.css
2025-06-24 06:30:27 [http-nio-8080-exec-4] DEBUG o.s.s.w.c.HttpSessionSecurityContextRepository - Retrieved SecurityContextImpl [Authentication=UsernamePasswordAuthenticationToken [Principal=org.example.security.CustomUserDetails@6a9723a4, Credentials=[PROTECTED], Authenticated=true, Details=WebAuthenticationDetails [RemoteIpAddress=0:0:0:0:0:0:0:1, SessionId=19B34927359842BA8CEE86CA471EE397], Granted Authorities=[ROLE_USER]]]
2025-06-24 06:30:27 [http-nio-8080-exec-7] DEBUG o.s.security.web.FilterChainProxy - Secured GET /styles/mainPage.css
2025-06-24 06:30:27 [http-nio-8080-exec-3] DEBUG o.s.s.w.c.HttpSessionSecurityContextRepository - Retrieved SecurityContextImpl [Authentication=UsernamePasswordAuthenticationToken [Principal=org.example.security.CustomUserDetails@6a9723a4, Credentials=[PROTECTED], Authenticated=true, Details=WebAuthenticationDetails [RemoteIpAddress=0:0:0:0:0:0:0:1, SessionId=19B34927359842BA8CEE86CA471EE397], Granted Authorities=[ROLE_USER]]]
2025-06-24 06:30:27 [http-nio-8080-exec-9] DEBUG o.s.s.w.c.HttpSessionSecurityContextRepository - Retrieved SecurityContextImpl [Authentication=UsernamePasswordAuthenticationToken [Principal=org.example.security.CustomUserDetails@6a9723a4, Credentials=[PROTECTED], Authenticated=true, Details=WebAuthenticationDetails [RemoteIpAddress=0:0:0:0:0:0:0:1, SessionId=19B34927359842BA8CEE86CA471EE397], Granted Authorities=[ROLE_USER]]]
2025-06-24 06:30:27 [http-nio-8080-exec-10] DEBUG o.s.security.web.FilterChainProxy - Secured GET /styles/footer.css
2025-06-24 06:30:27 [http-nio-8080-exec-1] DEBUG o.s.s.w.c.HttpSessionSecurityContextRepository - Retrieved SecurityContextImpl [Authentication=UsernamePasswordAuthenticationToken [Principal=org.example.security.CustomUserDetails@6a9723a4, Credentials=[PROTECTED], Authenticated=true, Details=WebAuthenticationDetails [RemoteIpAddress=0:0:0:0:0:0:0:1, SessionId=19B34927359842BA8CEE86CA471EE397], Granted Authorities=[ROLE_USER]]]
2025-06-24 06:30:27 [http-nio-8080-exec-7] DEBUG o.s.s.w.c.HttpSessionSecurityContextRepository - Retrieved SecurityContextImpl [Authentication=UsernamePasswordAuthenticationToken [Principal=org.example.security.CustomUserDetails@6a9723a4, Credentials=[PROTECTED], Authenticated=true, Details=WebAuthenticationDetails [RemoteIpAddress=0:0:0:0:0:0:0:1, SessionId=19B34927359842BA8CEE86CA471EE397], Granted Authorities=[ROLE_USER]]]
2025-06-24 06:30:27 [http-nio-8080-exec-10] DEBUG o.s.s.w.c.HttpSessionSecurityContextRepository - Retrieved SecurityContextImpl [Authentication=UsernamePasswordAuthenticationToken [Principal=org.example.security.CustomUserDetails@6a9723a4, Credentials=[PROTECTED], Authenticated=true, Details=WebAuthenticationDetails [RemoteIpAddress=0:0:0:0:0:0:0:1, SessionId=19B34927359842BA8CEE86CA471EE397], Granted Authorities=[ROLE_USER]]]
2025-06-24 06:30:27 [http-nio-8080-exec-8] DEBUG o.s.security.web.FilterChainProxy - Securing GET /image?file=1750687597303_%D0%A1%D0%BD%D0%B8%D0%BC%D0%BE%D0%BA%20%D1%8D%D0%BA%D1%80%D0%B0%D0%BD%D0%B0%202025-03-16%20%D0%B2%2019.33.55.png
2025-06-24 06:30:27 [http-nio-8080-exec-2] DEBUG o.s.security.web.FilterChainProxy - Securing GET /image?file=1750635976463_%D0%A1%D0%BD%D0%B8%D0%BC%D0%BE%D0%BA%20%D1%8D%D0%BA%D1%80%D0%B0%D0%BD%D0%B0%202025-03-16%20%D0%B2%2011.03.50.png
2025-06-24 06:30:27 [http-nio-8080-exec-6] DEBUG o.s.security.web.FilterChainProxy - Securing GET /image?file=1750635278979_%D0%A1%D0%BD%D0%B8%D0%BC%D0%BE%D0%BA%20%D1%8D%D0%BA%D1%80%D0%B0%D0%BD%D0%B0%202025-02-20%20%D0%B2%2015.38.15.png
2025-06-24 06:30:27 [http-nio-8080-exec-2] DEBUG o.s.security.web.FilterChainProxy - Secured GET /image?file=1750635976463_%D0%A1%D0%BD%D0%B8%D0%BC%D0%BE%D0%BA%20%D1%8D%D0%BA%D1%80%D0%B0%D0%BD%D0%B0%202025-03-16%20%D0%B2%2011.03.50.png
2025-06-24 06:30:27 [http-nio-8080-exec-8] DEBUG o.s.security.web.FilterChainProxy - Secured GET /image?file=1750687597303_%D0%A1%D0%BD%D0%B8%D0%BC%D0%BE%D0%BA%20%D1%8D%D0%BA%D1%80%D0%B0%D0%BD%D0%B0%202025-03-16%20%D0%B2%2019.33.55.png
2025-06-24 06:30:27 [http-nio-8080-exec-6] DEBUG o.s.security.web.FilterChainProxy - Secured GET /image?file=1750635278979_%D0%A1%D0%BD%D0%B8%D0%BC%D0%BE%D0%BA%20%D1%8D%D0%BA%D1%80%D0%B0%D0%BD%D0%B0%202025-02-20%20%D0%B2%2015.38.15.png
2025-06-24 06:30:27 [http-nio-8080-exec-6] DEBUG o.s.s.w.c.HttpSessionSecurityContextRepository - Retrieved SecurityContextImpl [Authentication=UsernamePasswordAuthenticationToken [Principal=org.example.security.CustomUserDetails@6a9723a4, Credentials=[PROTECTED], Authenticated=true, Details=WebAuthenticationDetails [RemoteIpAddress=0:0:0:0:0:0:0:1, SessionId=19B34927359842BA8CEE86CA471EE397], Granted Authorities=[ROLE_USER]]]
2025-06-24 06:30:27 [http-nio-8080-exec-8] DEBUG o.s.s.w.c.HttpSessionSecurityContextRepository - Retrieved SecurityContextImpl [Authentication=UsernamePasswordAuthenticationToken [Principal=org.example.security.CustomUserDetails@6a9723a4, Credentials=[PROTECTED], Authenticated=true, Details=WebAuthenticationDetails [RemoteIpAddress=0:0:0:0:0:0:0:1, SessionId=19B34927359842BA8CEE86CA471EE397], Granted Authorities=[ROLE_USER]]]
2025-06-24 06:30:27 [http-nio-8080-exec-2] DEBUG o.s.s.w.c.HttpSessionSecurityContextRepository - Retrieved SecurityContextImpl [Authentication=UsernamePasswordAuthenticationToken [Principal=org.example.security.CustomUserDetails@6a9723a4, Credentials=[PROTECTED], Authenticated=true, Details=WebAuthenticationDetails [RemoteIpAddress=0:0:0:0:0:0:0:1, SessionId=19B34927359842BA8CEE86CA471EE397], Granted Authorities=[ROLE_USER]]]
2025-06-24 06:30:28 [http-nio-8080-exec-5] DEBUG o.s.security.web.FilterChainProxy - Securing GET /recipe/4
2025-06-24 06:30:28 [http-nio-8080-exec-5] DEBUG o.s.security.web.FilterChainProxy - Secured GET /recipe/4
2025-06-24 06:30:28 [http-nio-8080-exec-5] DEBUG o.s.s.w.c.HttpSessionSecurityContextRepository - Retrieved SecurityContextImpl [Authentication=UsernamePasswordAuthenticationToken [Principal=org.example.security.CustomUserDetails@6a9723a4, Credentials=[PROTECTED], Authenticated=true, Details=WebAuthenticationDetails [RemoteIpAddress=0:0:0:0:0:0:0:1, SessionId=19B34927359842BA8CEE86CA471EE397], Granted Authorities=[ROLE_USER]]]
2025-06-24 06:30:28 [http-nio-8080-exec-5] DEBUG o.s.security.web.FilterChainProxy - Securing GET /WEB-INF/views/showRecipe.jsp
2025-06-24 06:30:28 [http-nio-8080-exec-5] DEBUG o.s.security.web.FilterChainProxy - Secured GET /WEB-INF/views/showRecipe.jsp
2025-06-24 06:30:28 [http-nio-8080-exec-4] DEBUG o.s.security.web.FilterChainProxy - Securing GET /styles/normalize.8.0.1.css
2025-06-24 06:30:28 [http-nio-8080-exec-3] DEBUG o.s.security.web.FilterChainProxy - Securing GET /styles/reset.css
2025-06-24 06:30:28 [http-nio-8080-exec-9] DEBUG o.s.security.web.FilterChainProxy - Securing GET /styles/showRecipe.css
2025-06-24 06:30:28 [http-nio-8080-exec-7] DEBUG o.s.security.web.FilterChainProxy - Securing GET /styles/footer.css
2025-06-24 06:30:28 [http-nio-8080-exec-4] DEBUG o.s.security.web.FilterChainProxy - Secured GET /styles/normalize.8.0.1.css
2025-06-24 06:30:28 [http-nio-8080-exec-1] DEBUG o.s.security.web.FilterChainProxy - Securing GET /styles/header.css
2025-06-24 06:30:28 [http-nio-8080-exec-9] DEBUG o.s.security.web.FilterChainProxy - Secured GET /styles/showRecipe.css
2025-06-24 06:30:28 [http-nio-8080-exec-3] DEBUG o.s.security.web.FilterChainProxy - Secured GET /styles/reset.css
2025-06-24 06:30:28 [http-nio-8080-exec-7] DEBUG o.s.security.web.FilterChainProxy - Secured GET /styles/footer.css
2025-06-24 06:30:28 [http-nio-8080-exec-1] DEBUG o.s.security.web.FilterChainProxy - Secured GET /styles/header.css
2025-06-24 06:30:28 [http-nio-8080-exec-10] DEBUG o.s.security.web.FilterChainProxy - Securing GET /styles/global.css
2025-06-24 06:30:28 [http-nio-8080-exec-10] DEBUG o.s.security.web.FilterChainProxy - Secured GET /styles/global.css
2025-06-24 06:30:28 [http-nio-8080-exec-9] DEBUG o.s.s.w.c.HttpSessionSecurityContextRepository - Retrieved SecurityContextImpl [Authentication=UsernamePasswordAuthenticationToken [Principal=org.example.security.CustomUserDetails@6a9723a4, Credentials=[PROTECTED], Authenticated=true, Details=WebAuthenticationDetails [RemoteIpAddress=0:0:0:0:0:0:0:1, SessionId=19B34927359842BA8CEE86CA471EE397], Granted Authorities=[ROLE_USER]]]
2025-06-24 06:30:28 [http-nio-8080-exec-10] DEBUG o.s.s.w.c.HttpSessionSecurityContextRepository - Retrieved SecurityContextImpl [Authentication=UsernamePasswordAuthenticationToken [Principal=org.example.security.CustomUserDetails@6a9723a4, Credentials=[PROTECTED], Authenticated=true, Details=WebAuthenticationDetails [RemoteIpAddress=0:0:0:0:0:0:0:1, SessionId=19B34927359842BA8CEE86CA471EE397], Granted Authorities=[ROLE_USER]]]
2025-06-24 06:30:28 [http-nio-8080-exec-3] DEBUG o.s.s.w.c.HttpSessionSecurityContextRepository - Retrieved SecurityContextImpl [Authentication=UsernamePasswordAuthenticationToken [Principal=org.example.security.CustomUserDetails@6a9723a4, Credentials=[PROTECTED], Authenticated=true, Details=WebAuthenticationDetails [RemoteIpAddress=0:0:0:0:0:0:0:1, SessionId=19B34927359842BA8CEE86CA471EE397], Granted Authorities=[ROLE_USER]]]
2025-06-24 06:30:28 [http-nio-8080-exec-1] DEBUG o.s.s.w.c.HttpSessionSecurityContextRepository - Retrieved SecurityContextImpl [Authentication=UsernamePasswordAuthenticationToken [Principal=org.example.security.CustomUserDetails@6a9723a4, Credentials=[PROTECTED], Authenticated=true, Details=WebAuthenticationDetails [RemoteIpAddress=0:0:0:0:0:0:0:1, SessionId=19B34927359842BA8CEE86CA471EE397], Granted Authorities=[ROLE_USER]]]
2025-06-24 06:30:28 [http-nio-8080-exec-7] DEBUG o.s.s.w.c.HttpSessionSecurityContextRepository - Retrieved SecurityContextImpl [Authentication=UsernamePasswordAuthenticationToken [Principal=org.example.security.CustomUserDetails@6a9723a4, Credentials=[PROTECTED], Authenticated=true, Details=WebAuthenticationDetails [RemoteIpAddress=0:0:0:0:0:0:0:1, SessionId=19B34927359842BA8CEE86CA471EE397], Granted Authorities=[ROLE_USER]]]
2025-06-24 06:30:28 [http-nio-8080-exec-4] DEBUG o.s.s.w.c.HttpSessionSecurityContextRepository - Retrieved SecurityContextImpl [Authentication=UsernamePasswordAuthenticationToken [Principal=org.example.security.CustomUserDetails@6a9723a4, Credentials=[PROTECTED], Authenticated=true, Details=WebAuthenticationDetails [RemoteIpAddress=0:0:0:0:0:0:0:1, SessionId=19B34927359842BA8CEE86CA471EE397], Granted Authorities=[ROLE_USER]]]
2025-06-24 06:30:28 [http-nio-8080-exec-6] DEBUG o.s.security.web.FilterChainProxy - Securing GET /image?file=1750635278979_%D0%A1%D0%BD%D0%B8%D0%BC%D0%BE%D0%BA%20%D1%8D%D0%BA%D1%80%D0%B0%D0%BD%D0%B0%202025-02-20%20%D0%B2%2015.38.15.png
2025-06-24 06:30:28 [http-nio-8080-exec-6] DEBUG o.s.security.web.FilterChainProxy - Secured GET /image?file=1750635278979_%D0%A1%D0%BD%D0%B8%D0%BC%D0%BE%D0%BA%20%D1%8D%D0%BA%D1%80%D0%B0%D0%BD%D0%B0%202025-02-20%20%D0%B2%2015.38.15.png
2025-06-24 06:30:28 [http-nio-8080-exec-6] DEBUG o.s.s.w.c.HttpSessionSecurityContextRepository - Retrieved SecurityContextImpl [Authentication=UsernamePasswordAuthenticationToken [Principal=org.example.security.CustomUserDetails@6a9723a4, Credentials=[PROTECTED], Authenticated=true, Details=WebAuthenticationDetails [RemoteIpAddress=0:0:0:0:0:0:0:1, SessionId=19B34927359842BA8CEE86CA471EE397], Granted Authorities=[ROLE_USER]]]
2025-06-24 06:30:30 [http-nio-8080-exec-2] DEBUG o.s.security.web.FilterChainProxy - Securing POST /recipe/4/pdf
2025-06-24 06:30:30 [http-nio-8080-exec-2] DEBUG o.s.security.web.FilterChainProxy - Secured POST /recipe/4/pdf
2025-06-24 06:30:30 [http-nio-8080-exec-2] ERROR o.e.e.GlobalExceptionHandler - Unhandled exception: 403 Forbidden: [no body]
org.springframework.web.client.HttpClientErrorException$Forbidden: 403 Forbidden: [no body]
	at org.springframework.web.client.HttpClientErrorException.create(HttpClientErrorException.java:109)
	at org.springframework.web.client.DefaultResponseErrorHandler.handleError(DefaultResponseErrorHandler.java:183)
	at org.springframework.web.client.DefaultResponseErrorHandler.handleError(DefaultResponseErrorHandler.java:137)
	at org.springframework.web.client.ResponseErrorHandler.handleError(ResponseErrorHandler.java:63)
	at org.springframework.web.client.RestTemplate.handleResponse(RestTemplate.java:942)
	at org.springframework.web.client.RestTemplate.doExecute(RestTemplate.java:891)
	at org.springframework.web.client.RestTemplate.execute(RestTemplate.java:790)
	at org.springframework.web.client.RestTemplate.postForObject(RestTemplate.java:507)
	at org.example.controllers.ShowRecipeController.generatePdf(ShowRecipeController.java:116)
	at java.base/jdk.internal.reflect.DirectMethodHandleAccessor.invoke(DirectMethodHandleAccessor.java:103)
	at java.base/java.lang.reflect.Method.invoke(Method.java:580)
	at org.springframework.web.method.support.InvocableHandlerMethod.doInvoke(InvocableHandlerMethod.java:255)
	at org.springframework.web.method.support.InvocableHandlerMethod.invokeForRequest(InvocableHandlerMethod.java:188)
	at org.springframework.web.servlet.mvc.method.annotation.ServletInvocableHandlerMethod.invokeAndHandle(ServletInvocableHandlerMethod.java:118)
	at org.springframework.web.servlet.mvc.method.annotation.RequestMappingHandlerAdapter.invokeHandlerMethod(RequestMappingHandlerAdapter.java:926)
	at org.springframework.web.servlet.mvc.method.annotation.RequestMappingHandlerAdapter.handleInternal(RequestMappingHandlerAdapter.java:831)
	at org.springframework.web.servlet.mvc.method.AbstractHandlerMethodAdapter.handle(AbstractHandlerMethodAdapter.java:87)
	at org.springframework.web.servlet.DispatcherServlet.doDispatch(DispatcherServlet.java:1089)
	at org.springframework.web.servlet.DispatcherServlet.doService(DispatcherServlet.java:979)
	at org.springframework.web.servlet.FrameworkServlet.processRequest(FrameworkServlet.java:1014)
	at org.springframework.web.servlet.FrameworkServlet.doPost(FrameworkServlet.java:914)
	at jakarta.servlet.http.HttpServlet.service(HttpServlet.java:590)
	at org.springframework.web.servlet.FrameworkServlet.service(FrameworkServlet.java:885)
	at jakarta.servlet.http.HttpServlet.service(HttpServlet.java:658)
	at org.apache.catalina.core.ApplicationFilterChain.internalDoFilter(ApplicationFilterChain.java:195)
	at org.apache.catalina.core.ApplicationFilterChain.doFilter(ApplicationFilterChain.java:140)
	at org.apache.tomcat.websocket.server.WsFilter.doFilter(WsFilter.java:51)
	at org.apache.catalina.core.ApplicationFilterChain.internalDoFilter(ApplicationFilterChain.java:164)
	at org.apache.catalina.core.ApplicationFilterChain.doFilter(ApplicationFilterChain.java:140)
	at org.springframework.web.filter.CompositeFilter$VirtualFilterChain.doFilter(CompositeFilter.java:108)
	at org.springframework.security.web.FilterChainProxy.lambda$doFilterInternal$3(FilterChainProxy.java:231)
	at org.springframework.security.web.FilterChainProxy$VirtualFilterChain.doFilter(FilterChainProxy.java:365)
	at org.springframework.security.web.access.intercept.AuthorizationFilter.doFilter(AuthorizationFilter.java:100)
	at org.springframework.security.web.FilterChainProxy$VirtualFilterChain.doFilter(FilterChainProxy.java:374)
	at org.springframework.security.web.access.ExceptionTranslationFilter.doFilter(ExceptionTranslationFilter.java:126)
	at org.springframework.security.web.access.ExceptionTranslationFilter.doFilter(ExceptionTranslationFilter.java:120)
	at org.springframework.security.web.FilterChainProxy$VirtualFilterChain.doFilter(FilterChainProxy.java:374)
	at org.springframework.security.web.authentication.AnonymousAuthenticationFilter.doFilter(AnonymousAuthenticationFilter.java:100)
	at org.springframework.security.web.FilterChainProxy$VirtualFilterChain.doFilter(FilterChainProxy.java:374)
	at org.springframework.security.web.servletapi.SecurityContextHolderAwareRequestFilter.doFilter(SecurityContextHolderAwareRequestFilter.java:179)
	at org.springframework.security.web.FilterChainProxy$VirtualFilterChain.doFilter(FilterChainProxy.java:374)
	at org.springframework.security.web.savedrequest.RequestCacheAwareFilter.doFilter(RequestCacheAwareFilter.java:63)
	at org.springframework.security.web.FilterChainProxy$VirtualFilterChain.doFilter(FilterChainProxy.java:374)
	at org.springframework.security.web.authentication.AbstractAuthenticationProcessingFilter.doFilter(AbstractAuthenticationProcessingFilter.java:227)
	at org.springframework.security.web.authentication.AbstractAuthenticationProcessingFilter.doFilter(AbstractAuthenticationProcessingFilter.java:221)
	at org.springframework.security.web.FilterChainProxy$VirtualFilterChain.doFilter(FilterChainProxy.java:374)
	at org.springframework.security.web.authentication.logout.LogoutFilter.doFilter(LogoutFilter.java:107)
	at org.springframework.security.web.authentication.logout.LogoutFilter.doFilter(LogoutFilter.java:93)
	at org.springframework.security.web.FilterChainProxy$VirtualFilterChain.doFilter(FilterChainProxy.java:374)
	at org.springframework.security.web.csrf.CsrfFilter.doFilterInternal(CsrfFilter.java:131)
	at org.springframework.web.filter.OncePerRequestFilter.doFilter(OncePerRequestFilter.java:116)
	at org.springframework.security.web.FilterChainProxy$VirtualFilterChain.doFilter(FilterChainProxy.java:374)
	at org.springframework.web.filter.CorsFilter.doFilterInternal(CorsFilter.java:91)
	at org.springframework.web.filter.OncePerRequestFilter.doFilter(OncePerRequestFilter.java:116)
	at org.springframework.security.web.FilterChainProxy$VirtualFilterChain.doFilter(FilterChainProxy.java:374)
	at org.springframework.security.web.header.HeaderWriterFilter.doHeadersAfter(HeaderWriterFilter.java:90)
	at org.springframework.security.web.header.HeaderWriterFilter.doFilterInternal(HeaderWriterFilter.java:75)
	at org.springframework.web.filter.OncePerRequestFilter.doFilter(OncePerRequestFilter.java:116)
	at org.springframework.security.web.FilterChainProxy$VirtualFilterChain.doFilter(FilterChainProxy.java:374)
	at org.springframework.security.web.context.SecurityContextHolderFilter.doFilter(SecurityContextHolderFilter.java:82)
	at org.springframework.security.web.context.SecurityContextHolderFilter.doFilter(SecurityContextHolderFilter.java:69)
	at org.springframework.security.web.FilterChainProxy$VirtualFilterChain.doFilter(FilterChainProxy.java:374)
	at org.springframework.security.web.context.request.async.WebAsyncManagerIntegrationFilter.doFilterInternal(WebAsyncManagerIntegrationFilter.java:62)
	at org.springframework.web.filter.OncePerRequestFilter.doFilter(OncePerRequestFilter.java:116)
	at org.springframework.security.web.FilterChainProxy$VirtualFilterChain.doFilter(FilterChainProxy.java:374)
	at org.springframework.security.web.session.DisableEncodeUrlFilter.doFilterInternal(DisableEncodeUrlFilter.java:42)
	at org.springframework.web.filter.OncePerRequestFilter.doFilter(OncePerRequestFilter.java:116)
	at org.springframework.security.web.FilterChainProxy$VirtualFilterChain.doFilter(FilterChainProxy.java:374)
	at org.springframework.security.web.FilterChainProxy.doFilterInternal(FilterChainProxy.java:233)
	at org.springframework.security.web.FilterChainProxy.doFilter(FilterChainProxy.java:191)
	at org.springframework.web.filter.CompositeFilter$VirtualFilterChain.doFilter(CompositeFilter.java:113)
	at org.springframework.web.servlet.handler.HandlerMappingIntrospector.lambda$createCacheFilter$3(HandlerMappingIntrospector.java:195)
	at org.springframework.web.filter.CompositeFilter$VirtualFilterChain.doFilter(CompositeFilter.java:113)
	at org.springframework.web.filter.CompositeFilter.doFilter(CompositeFilter.java:74)
	at org.springframework.security.config.annotation.web.configuration.WebMvcSecurityConfiguration$CompositeFilterChainProxy.doFilter(WebMvcSecurityConfiguration.java:230)
	at org.springframework.web.filter.DelegatingFilterProxy.invokeDelegate(DelegatingFilterProxy.java:352)
	at org.springframework.web.filter.DelegatingFilterProxy.doFilter(DelegatingFilterProxy.java:268)
	at org.apache.catalina.core.ApplicationFilterChain.internalDoFilter(ApplicationFilterChain.java:164)
	at org.apache.catalina.core.ApplicationFilterChain.doFilter(ApplicationFilterChain.java:140)
	at org.springframework.web.filter.RequestContextFilter.doFilterInternal(RequestContextFilter.java:100)
	at org.springframework.web.filter.OncePerRequestFilter.doFilter(OncePerRequestFilter.java:116)
	at org.apache.catalina.core.ApplicationFilterChain.internalDoFilter(ApplicationFilterChain.java:164)
	at org.apache.catalina.core.ApplicationFilterChain.doFilter(ApplicationFilterChain.java:140)
	at org.springframework.web.filter.FormContentFilter.doFilterInternal(FormContentFilter.java:93)
	at org.springframework.web.filter.OncePerRequestFilter.doFilter(OncePerRequestFilter.java:116)
	at org.apache.catalina.core.ApplicationFilterChain.internalDoFilter(ApplicationFilterChain.java:164)
	at org.apache.catalina.core.ApplicationFilterChain.doFilter(ApplicationFilterChain.java:140)
	at org.springframework.web.filter.CharacterEncodingFilter.doFilterInternal(CharacterEncodingFilter.java:201)
	at org.springframework.web.filter.OncePerRequestFilter.doFilter(OncePerRequestFilter.java:116)
	at org.apache.catalina.core.ApplicationFilterChain.internalDoFilter(ApplicationFilterChain.java:164)
	at org.apache.catalina.core.ApplicationFilterChain.doFilter(ApplicationFilterChain.java:140)
	at org.apache.catalina.core.StandardWrapperValve.invoke(StandardWrapperValve.java:167)
	at org.apache.catalina.core.StandardContextValve.invoke(StandardContextValve.java:90)
	at org.apache.catalina.authenticator.AuthenticatorBase.invoke(AuthenticatorBase.java:482)
	at org.apache.catalina.core.StandardHostValve.invoke(StandardHostValve.java:115)
	at org.apache.catalina.valves.ErrorReportValve.invoke(ErrorReportValve.java:93)
	at org.apache.catalina.core.StandardEngineValve.invoke(StandardEngineValve.java:74)
	at org.apache.catalina.connector.CoyoteAdapter.service(CoyoteAdapter.java:344)
	at org.apache.coyote.http11.Http11Processor.service(Http11Processor.java:389)
	at org.apache.coyote.AbstractProcessorLight.process(AbstractProcessorLight.java:63)
	at org.apache.coyote.AbstractProtocol$ConnectionHandler.process(AbstractProtocol.java:896)
	at org.apache.tomcat.util.net.NioEndpoint$SocketProcessor.doRun(NioEndpoint.java:1741)
	at org.apache.tomcat.util.net.SocketProcessorBase.run(SocketProcessorBase.java:52)
	at org.apache.tomcat.util.threads.ThreadPoolExecutor.runWorker(ThreadPoolExecutor.java:1190)
	at org.apache.tomcat.util.threads.ThreadPoolExecutor$Worker.run(ThreadPoolExecutor.java:659)
	at org.apache.tomcat.util.threads.TaskThread$WrappingRunnable.run(TaskThread.java:63)
	at java.base/java.lang.Thread.run(Thread.java:1583)
2025-06-24 06:30:30 [http-nio-8080-exec-2] WARN  o.s.w.s.m.m.a.ExceptionHandlerExceptionResolver - Resolved [org.springframework.web.client.HttpClientErrorException$Forbidden: 403 Forbidden: [no body]]
2025-06-24 06:30:30 [http-nio-8080-exec-2] DEBUG o.s.s.w.c.HttpSessionSecurityContextRepository - Retrieved SecurityContextImpl [Authentication=UsernamePasswordAuthenticationToken [Principal=org.example.security.CustomUserDetails@6a9723a4, Credentials=[PROTECTED], Authenticated=true, Details=WebAuthenticationDetails [RemoteIpAddress=0:0:0:0:0:0:0:1, SessionId=19B34927359842BA8CEE86CA471EE397], Granted Authorities=[ROLE_USER]]]
2025-06-24 06:31:10 [http-nio-8080-exec-8] DEBUG o.s.security.web.FilterChainProxy - Securing GET /recipe/4
2025-06-24 06:31:10 [http-nio-8080-exec-8] DEBUG o.s.security.web.FilterChainProxy - Secured GET /recipe/4
2025-06-24 06:31:10 [http-nio-8080-exec-8] DEBUG o.s.s.w.c.HttpSessionSecurityContextRepository - Retrieved SecurityContextImpl [Authentication=UsernamePasswordAuthenticationToken [Principal=org.example.security.CustomUserDetails@6a9723a4, Credentials=[PROTECTED], Authenticated=true, Details=WebAuthenticationDetails [RemoteIpAddress=0:0:0:0:0:0:0:1, SessionId=19B34927359842BA8CEE86CA471EE397], Granted Authorities=[ROLE_USER]]]
2025-06-24 06:31:10 [http-nio-8080-exec-8] DEBUG o.s.security.web.FilterChainProxy - Securing GET /WEB-INF/views/showRecipe.jsp
2025-06-24 06:31:10 [http-nio-8080-exec-8] DEBUG o.s.security.web.FilterChainProxy - Secured GET /WEB-INF/views/showRecipe.jsp
2025-06-24 06:31:10 [http-nio-8080-exec-10] DEBUG o.s.security.web.FilterChainProxy - Securing GET /styles/showRecipe.css
2025-06-24 06:31:10 [http-nio-8080-exec-3] DEBUG o.s.security.web.FilterChainProxy - Securing GET /styles/header.css
2025-06-24 06:31:10 [http-nio-8080-exec-3] DEBUG o.s.security.web.FilterChainProxy - Secured GET /styles/header.css
2025-06-24 06:31:10 [http-nio-8080-exec-1] DEBUG o.s.security.web.FilterChainProxy - Securing GET /styles/global.css
2025-06-24 06:31:10 [http-nio-8080-exec-7] DEBUG o.s.security.web.FilterChainProxy - Securing GET /styles/footer.css
2025-06-24 06:31:10 [http-nio-8080-exec-9] DEBUG o.s.security.web.FilterChainProxy - Securing GET /styles/reset.css
2025-06-24 06:31:10 [http-nio-8080-exec-7] DEBUG o.s.security.web.FilterChainProxy - Secured GET /styles/footer.css
2025-06-24 06:31:10 [http-nio-8080-exec-9] DEBUG o.s.security.web.FilterChainProxy - Secured GET /styles/reset.css
2025-06-24 06:31:10 [http-nio-8080-exec-5] DEBUG o.s.security.web.FilterChainProxy - Securing GET /styles/normalize.8.0.1.css
2025-06-24 06:31:10 [http-nio-8080-exec-5] DEBUG o.s.security.web.FilterChainProxy - Secured GET /styles/normalize.8.0.1.css
2025-06-24 06:31:10 [http-nio-8080-exec-3] DEBUG o.s.s.w.c.HttpSessionSecurityContextRepository - Retrieved SecurityContextImpl [Authentication=UsernamePasswordAuthenticationToken [Principal=org.example.security.CustomUserDetails@6a9723a4, Credentials=[PROTECTED], Authenticated=true, Details=WebAuthenticationDetails [RemoteIpAddress=0:0:0:0:0:0:0:1, SessionId=19B34927359842BA8CEE86CA471EE397], Granted Authorities=[ROLE_USER]]]
2025-06-24 06:31:10 [http-nio-8080-exec-7] DEBUG o.s.s.w.c.HttpSessionSecurityContextRepository - Retrieved SecurityContextImpl [Authentication=UsernamePasswordAuthenticationToken [Principal=org.example.security.CustomUserDetails@6a9723a4, Credentials=[PROTECTED], Authenticated=true, Details=WebAuthenticationDetails [RemoteIpAddress=0:0:0:0:0:0:0:1, SessionId=19B34927359842BA8CEE86CA471EE397], Granted Authorities=[ROLE_USER]]]
2025-06-24 06:31:10 [http-nio-8080-exec-9] DEBUG o.s.s.w.c.HttpSessionSecurityContextRepository - Retrieved SecurityContextImpl [Authentication=UsernamePasswordAuthenticationToken [Principal=org.example.security.CustomUserDetails@6a9723a4, Credentials=[PROTECTED], Authenticated=true, Details=WebAuthenticationDetails [RemoteIpAddress=0:0:0:0:0:0:0:1, SessionId=19B34927359842BA8CEE86CA471EE397], Granted Authorities=[ROLE_USER]]]
2025-06-24 06:31:10 [http-nio-8080-exec-10] DEBUG o.s.security.web.FilterChainProxy - Secured GET /styles/showRecipe.css
2025-06-24 06:31:10 [http-nio-8080-exec-1] DEBUG o.s.security.web.FilterChainProxy - Secured GET /styles/global.css
2025-06-24 06:31:10 [http-nio-8080-exec-10] DEBUG o.s.s.w.c.HttpSessionSecurityContextRepository - Retrieved SecurityContextImpl [Authentication=UsernamePasswordAuthenticationToken [Principal=org.example.security.CustomUserDetails@6a9723a4, Credentials=[PROTECTED], Authenticated=true, Details=WebAuthenticationDetails [RemoteIpAddress=0:0:0:0:0:0:0:1, SessionId=19B34927359842BA8CEE86CA471EE397], Granted Authorities=[ROLE_USER]]]
2025-06-24 06:31:10 [http-nio-8080-exec-5] DEBUG o.s.s.w.c.HttpSessionSecurityContextRepository - Retrieved SecurityContextImpl [Authentication=UsernamePasswordAuthenticationToken [Principal=org.example.security.CustomUserDetails@6a9723a4, Credentials=[PROTECTED], Authenticated=true, Details=WebAuthenticationDetails [RemoteIpAddress=0:0:0:0:0:0:0:1, SessionId=19B34927359842BA8CEE86CA471EE397], Granted Authorities=[ROLE_USER]]]
2025-06-24 06:31:10 [http-nio-8080-exec-1] DEBUG o.s.s.w.c.HttpSessionSecurityContextRepository - Retrieved SecurityContextImpl [Authentication=UsernamePasswordAuthenticationToken [Principal=org.example.security.CustomUserDetails@6a9723a4, Credentials=[PROTECTED], Authenticated=true, Details=WebAuthenticationDetails [RemoteIpAddress=0:0:0:0:0:0:0:1, SessionId=19B34927359842BA8CEE86CA471EE397], Granted Authorities=[ROLE_USER]]]
2025-06-24 06:31:10 [http-nio-8080-exec-4] DEBUG o.s.security.web.FilterChainProxy - Securing GET /image?file=1750635278979_%D0%A1%D0%BD%D0%B8%D0%BC%D0%BE%D0%BA%20%D1%8D%D0%BA%D1%80%D0%B0%D0%BD%D0%B0%202025-02-20%20%D0%B2%2015.38.15.png
2025-06-24 06:31:10 [http-nio-8080-exec-4] DEBUG o.s.security.web.FilterChainProxy - Secured GET /image?file=1750635278979_%D0%A1%D0%BD%D0%B8%D0%BC%D0%BE%D0%BA%20%D1%8D%D0%BA%D1%80%D0%B0%D0%BD%D0%B0%202025-02-20%20%D0%B2%2015.38.15.png
2025-06-24 06:31:10 [http-nio-8080-exec-4] DEBUG o.s.s.w.c.HttpSessionSecurityContextRepository - Retrieved SecurityContextImpl [Authentication=UsernamePasswordAuthenticationToken [Principal=org.example.security.CustomUserDetails@6a9723a4, Credentials=[PROTECTED], Authenticated=true, Details=WebAuthenticationDetails [RemoteIpAddress=0:0:0:0:0:0:0:1, SessionId=19B34927359842BA8CEE86CA471EE397], Granted Authorities=[ROLE_USER]]]
2025-06-24 06:31:11 [http-nio-8080-exec-6] DEBUG o.s.security.web.FilterChainProxy - Securing POST /recipe/4/pdf
2025-06-24 06:31:11 [http-nio-8080-exec-6] DEBUG o.s.security.web.FilterChainProxy - Secured POST /recipe/4/pdf
2025-06-24 06:31:11 [http-nio-8080-exec-6] ERROR o.e.e.GlobalExceptionHandler - Unhandled exception: 403 Forbidden: [no body]
org.springframework.web.client.HttpClientErrorException$Forbidden: 403 Forbidden: [no body]
	at org.springframework.web.client.HttpClientErrorException.create(HttpClientErrorException.java:109)
	at org.springframework.web.client.DefaultResponseErrorHandler.handleError(DefaultResponseErrorHandler.java:183)
	at org.springframework.web.client.DefaultResponseErrorHandler.handleError(DefaultResponseErrorHandler.java:137)
	at org.springframework.web.client.ResponseErrorHandler.handleError(ResponseErrorHandler.java:63)
	at org.springframework.web.client.RestTemplate.handleResponse(RestTemplate.java:942)
	at org.springframework.web.client.RestTemplate.doExecute(RestTemplate.java:891)
	at org.springframework.web.client.RestTemplate.execute(RestTemplate.java:790)
	at org.springframework.web.client.RestTemplate.postForObject(RestTemplate.java:507)
	at org.example.controllers.ShowRecipeController.generatePdf(ShowRecipeController.java:116)
	at java.base/jdk.internal.reflect.DirectMethodHandleAccessor.invoke(DirectMethodHandleAccessor.java:103)
	at java.base/java.lang.reflect.Method.invoke(Method.java:580)
	at org.springframework.web.method.support.InvocableHandlerMethod.doInvoke(InvocableHandlerMethod.java:255)
	at org.springframework.web.method.support.InvocableHandlerMethod.invokeForRequest(InvocableHandlerMethod.java:188)
	at org.springframework.web.servlet.mvc.method.annotation.ServletInvocableHandlerMethod.invokeAndHandle(ServletInvocableHandlerMethod.java:118)
	at org.springframework.web.servlet.mvc.method.annotation.RequestMappingHandlerAdapter.invokeHandlerMethod(RequestMappingHandlerAdapter.java:926)
	at org.springframework.web.servlet.mvc.method.annotation.RequestMappingHandlerAdapter.handleInternal(RequestMappingHandlerAdapter.java:831)
	at org.springframework.web.servlet.mvc.method.AbstractHandlerMethodAdapter.handle(AbstractHandlerMethodAdapter.java:87)
	at org.springframework.web.servlet.DispatcherServlet.doDispatch(DispatcherServlet.java:1089)
	at org.springframework.web.servlet.DispatcherServlet.doService(DispatcherServlet.java:979)
	at org.springframework.web.servlet.FrameworkServlet.processRequest(FrameworkServlet.java:1014)
	at org.springframework.web.servlet.FrameworkServlet.doPost(FrameworkServlet.java:914)
	at jakarta.servlet.http.HttpServlet.service(HttpServlet.java:590)
	at org.springframework.web.servlet.FrameworkServlet.service(FrameworkServlet.java:885)
	at jakarta.servlet.http.HttpServlet.service(HttpServlet.java:658)
	at org.apache.catalina.core.ApplicationFilterChain.internalDoFilter(ApplicationFilterChain.java:195)
	at org.apache.catalina.core.ApplicationFilterChain.doFilter(ApplicationFilterChain.java:140)
	at org.apache.tomcat.websocket.server.WsFilter.doFilter(WsFilter.java:51)
	at org.apache.catalina.core.ApplicationFilterChain.internalDoFilter(ApplicationFilterChain.java:164)
	at org.apache.catalina.core.ApplicationFilterChain.doFilter(ApplicationFilterChain.java:140)
	at org.springframework.web.filter.CompositeFilter$VirtualFilterChain.doFilter(CompositeFilter.java:108)
	at org.springframework.security.web.FilterChainProxy.lambda$doFilterInternal$3(FilterChainProxy.java:231)
	at org.springframework.security.web.FilterChainProxy$VirtualFilterChain.doFilter(FilterChainProxy.java:365)
	at org.springframework.security.web.access.intercept.AuthorizationFilter.doFilter(AuthorizationFilter.java:100)
	at org.springframework.security.web.FilterChainProxy$VirtualFilterChain.doFilter(FilterChainProxy.java:374)
	at org.springframework.security.web.access.ExceptionTranslationFilter.doFilter(ExceptionTranslationFilter.java:126)
	at org.springframework.security.web.access.ExceptionTranslationFilter.doFilter(ExceptionTranslationFilter.java:120)
	at org.springframework.security.web.FilterChainProxy$VirtualFilterChain.doFilter(FilterChainProxy.java:374)
	at org.springframework.security.web.authentication.AnonymousAuthenticationFilter.doFilter(AnonymousAuthenticationFilter.java:100)
	at org.springframework.security.web.FilterChainProxy$VirtualFilterChain.doFilter(FilterChainProxy.java:374)
	at org.springframework.security.web.servletapi.SecurityContextHolderAwareRequestFilter.doFilter(SecurityContextHolderAwareRequestFilter.java:179)
	at org.springframework.security.web.FilterChainProxy$VirtualFilterChain.doFilter(FilterChainProxy.java:374)
	at org.springframework.security.web.savedrequest.RequestCacheAwareFilter.doFilter(RequestCacheAwareFilter.java:63)
	at org.springframework.security.web.FilterChainProxy$VirtualFilterChain.doFilter(FilterChainProxy.java:374)
	at org.springframework.security.web.authentication.AbstractAuthenticationProcessingFilter.doFilter(AbstractAuthenticationProcessingFilter.java:227)
	at org.springframework.security.web.authentication.AbstractAuthenticationProcessingFilter.doFilter(AbstractAuthenticationProcessingFilter.java:221)
	at org.springframework.security.web.FilterChainProxy$VirtualFilterChain.doFilter(FilterChainProxy.java:374)
	at org.springframework.security.web.authentication.logout.LogoutFilter.doFilter(LogoutFilter.java:107)
	at org.springframework.security.web.authentication.logout.LogoutFilter.doFilter(LogoutFilter.java:93)
	at org.springframework.security.web.FilterChainProxy$VirtualFilterChain.doFilter(FilterChainProxy.java:374)
	at org.springframework.security.web.csrf.CsrfFilter.doFilterInternal(CsrfFilter.java:131)
	at org.springframework.web.filter.OncePerRequestFilter.doFilter(OncePerRequestFilter.java:116)
	at org.springframework.security.web.FilterChainProxy$VirtualFilterChain.doFilter(FilterChainProxy.java:374)
	at org.springframework.web.filter.CorsFilter.doFilterInternal(CorsFilter.java:91)
	at org.springframework.web.filter.OncePerRequestFilter.doFilter(OncePerRequestFilter.java:116)
	at org.springframework.security.web.FilterChainProxy$VirtualFilterChain.doFilter(FilterChainProxy.java:374)
	at org.springframework.security.web.header.HeaderWriterFilter.doHeadersAfter(HeaderWriterFilter.java:90)
	at org.springframework.security.web.header.HeaderWriterFilter.doFilterInternal(HeaderWriterFilter.java:75)
	at org.springframework.web.filter.OncePerRequestFilter.doFilter(OncePerRequestFilter.java:116)
	at org.springframework.security.web.FilterChainProxy$VirtualFilterChain.doFilter(FilterChainProxy.java:374)
	at org.springframework.security.web.context.SecurityContextHolderFilter.doFilter(SecurityContextHolderFilter.java:82)
	at org.springframework.security.web.context.SecurityContextHolderFilter.doFilter(SecurityContextHolderFilter.java:69)
	at org.springframework.security.web.FilterChainProxy$VirtualFilterChain.doFilter(FilterChainProxy.java:374)
	at org.springframework.security.web.context.request.async.WebAsyncManagerIntegrationFilter.doFilterInternal(WebAsyncManagerIntegrationFilter.java:62)
	at org.springframework.web.filter.OncePerRequestFilter.doFilter(OncePerRequestFilter.java:116)
	at org.springframework.security.web.FilterChainProxy$VirtualFilterChain.doFilter(FilterChainProxy.java:374)
	at org.springframework.security.web.session.DisableEncodeUrlFilter.doFilterInternal(DisableEncodeUrlFilter.java:42)
	at org.springframework.web.filter.OncePerRequestFilter.doFilter(OncePerRequestFilter.java:116)
	at org.springframework.security.web.FilterChainProxy$VirtualFilterChain.doFilter(FilterChainProxy.java:374)
	at org.springframework.security.web.FilterChainProxy.doFilterInternal(FilterChainProxy.java:233)
	at org.springframework.security.web.FilterChainProxy.doFilter(FilterChainProxy.java:191)
	at org.springframework.web.filter.CompositeFilter$VirtualFilterChain.doFilter(CompositeFilter.java:113)
	at org.springframework.web.servlet.handler.HandlerMappingIntrospector.lambda$createCacheFilter$3(HandlerMappingIntrospector.java:195)
	at org.springframework.web.filter.CompositeFilter$VirtualFilterChain.doFilter(CompositeFilter.java:113)
	at org.springframework.web.filter.CompositeFilter.doFilter(CompositeFilter.java:74)
	at org.springframework.security.config.annotation.web.configuration.WebMvcSecurityConfiguration$CompositeFilterChainProxy.doFilter(WebMvcSecurityConfiguration.java:230)
	at org.springframework.web.filter.DelegatingFilterProxy.invokeDelegate(DelegatingFilterProxy.java:352)
	at org.springframework.web.filter.DelegatingFilterProxy.doFilter(DelegatingFilterProxy.java:268)
	at org.apache.catalina.core.ApplicationFilterChain.internalDoFilter(ApplicationFilterChain.java:164)
	at org.apache.catalina.core.ApplicationFilterChain.doFilter(ApplicationFilterChain.java:140)
	at org.springframework.web.filter.RequestContextFilter.doFilterInternal(RequestContextFilter.java:100)
	at org.springframework.web.filter.OncePerRequestFilter.doFilter(OncePerRequestFilter.java:116)
	at org.apache.catalina.core.ApplicationFilterChain.internalDoFilter(ApplicationFilterChain.java:164)
	at org.apache.catalina.core.ApplicationFilterChain.doFilter(ApplicationFilterChain.java:140)
	at org.springframework.web.filter.FormContentFilter.doFilterInternal(FormContentFilter.java:93)
	at org.springframework.web.filter.OncePerRequestFilter.doFilter(OncePerRequestFilter.java:116)
	at org.apache.catalina.core.ApplicationFilterChain.internalDoFilter(ApplicationFilterChain.java:164)
	at org.apache.catalina.core.ApplicationFilterChain.doFilter(ApplicationFilterChain.java:140)
	at org.springframework.web.filter.CharacterEncodingFilter.doFilterInternal(CharacterEncodingFilter.java:201)
	at org.springframework.web.filter.OncePerRequestFilter.doFilter(OncePerRequestFilter.java:116)
	at org.apache.catalina.core.ApplicationFilterChain.internalDoFilter(ApplicationFilterChain.java:164)
	at org.apache.catalina.core.ApplicationFilterChain.doFilter(ApplicationFilterChain.java:140)
	at org.apache.catalina.core.StandardWrapperValve.invoke(StandardWrapperValve.java:167)
	at org.apache.catalina.core.StandardContextValve.invoke(StandardContextValve.java:90)
	at org.apache.catalina.authenticator.AuthenticatorBase.invoke(AuthenticatorBase.java:482)
	at org.apache.catalina.core.StandardHostValve.invoke(StandardHostValve.java:115)
	at org.apache.catalina.valves.ErrorReportValve.invoke(ErrorReportValve.java:93)
	at org.apache.catalina.core.StandardEngineValve.invoke(StandardEngineValve.java:74)
	at org.apache.catalina.connector.CoyoteAdapter.service(CoyoteAdapter.java:344)
	at org.apache.coyote.http11.Http11Processor.service(Http11Processor.java:389)
	at org.apache.coyote.AbstractProcessorLight.process(AbstractProcessorLight.java:63)
	at org.apache.coyote.AbstractProtocol$ConnectionHandler.process(AbstractProtocol.java:896)
	at org.apache.tomcat.util.net.NioEndpoint$SocketProcessor.doRun(NioEndpoint.java:1741)
	at org.apache.tomcat.util.net.SocketProcessorBase.run(SocketProcessorBase.java:52)
	at org.apache.tomcat.util.threads.ThreadPoolExecutor.runWorker(ThreadPoolExecutor.java:1190)
	at org.apache.tomcat.util.threads.ThreadPoolExecutor$Worker.run(ThreadPoolExecutor.java:659)
	at org.apache.tomcat.util.threads.TaskThread$WrappingRunnable.run(TaskThread.java:63)
	at java.base/java.lang.Thread.run(Thread.java:1583)
2025-06-24 06:31:11 [http-nio-8080-exec-6] WARN  o.s.w.s.m.m.a.ExceptionHandlerExceptionResolver - Resolved [org.springframework.web.client.HttpClientErrorException$Forbidden: 403 Forbidden: [no body]]
2025-06-24 06:31:11 [http-nio-8080-exec-6] DEBUG o.s.s.w.c.HttpSessionSecurityContextRepository - Retrieved SecurityContextImpl [Authentication=UsernamePasswordAuthenticationToken [Principal=org.example.security.CustomUserDetails@6a9723a4, Credentials=[PROTECTED], Authenticated=true, Details=WebAuthenticationDetails [RemoteIpAddress=0:0:0:0:0:0:0:1, SessionId=19B34927359842BA8CEE86CA471EE397], Granted Authorities=[ROLE_USER]]]
2025-06-24 06:36:03 [http-nio-8080-exec-1] DEBUG o.s.security.web.FilterChainProxy - Securing GET /recipe/4
2025-06-24 06:36:03 [http-nio-8080-exec-1] DEBUG o.s.security.web.FilterChainProxy - Secured GET /recipe/4
2025-06-24 06:36:03 [http-nio-8080-exec-1] DEBUG o.s.s.w.c.HttpSessionSecurityContextRepository - Retrieved SecurityContextImpl [Authentication=UsernamePasswordAuthenticationToken [Principal=org.example.security.CustomUserDetails@6a9723a4, Credentials=[PROTECTED], Authenticated=true, Details=WebAuthenticationDetails [RemoteIpAddress=0:0:0:0:0:0:0:1, SessionId=19B34927359842BA8CEE86CA471EE397], Granted Authorities=[ROLE_USER]]]
2025-06-24 06:36:03 [http-nio-8080-exec-1] DEBUG o.s.security.web.FilterChainProxy - Securing GET /WEB-INF/views/showRecipe.jsp
2025-06-24 06:36:03 [http-nio-8080-exec-1] DEBUG o.s.security.web.FilterChainProxy - Secured GET /WEB-INF/views/showRecipe.jsp
2025-06-24 06:36:03 [http-nio-8080-exec-10] DEBUG o.s.security.web.FilterChainProxy - Securing GET /styles/normalize.8.0.1.css
2025-06-24 06:36:03 [http-nio-8080-exec-7] DEBUG o.s.security.web.FilterChainProxy - Securing GET /styles/showRecipe.css
2025-06-24 06:36:03 [http-nio-8080-exec-7] DEBUG o.s.security.web.FilterChainProxy - Secured GET /styles/showRecipe.css
2025-06-24 06:36:03 [http-nio-8080-exec-6] DEBUG o.s.security.web.FilterChainProxy - Securing GET /styles/header.css
2025-06-24 06:36:03 [http-nio-8080-exec-10] DEBUG o.s.security.web.FilterChainProxy - Secured GET /styles/normalize.8.0.1.css
2025-06-24 06:36:03 [http-nio-8080-exec-6] DEBUG o.s.security.web.FilterChainProxy - Secured GET /styles/header.css
2025-06-24 06:36:03 [http-nio-8080-exec-4] DEBUG o.s.security.web.FilterChainProxy - Securing GET /styles/reset.css
2025-06-24 06:36:03 [http-nio-8080-exec-8] DEBUG o.s.security.web.FilterChainProxy - Securing GET /styles/footer.css
2025-06-24 06:36:03 [http-nio-8080-exec-8] DEBUG o.s.security.web.FilterChainProxy - Secured GET /styles/footer.css
2025-06-24 06:36:03 [http-nio-8080-exec-2] DEBUG o.s.security.web.FilterChainProxy - Securing GET /styles/global.css
2025-06-24 06:36:03 [http-nio-8080-exec-4] DEBUG o.s.security.web.FilterChainProxy - Secured GET /styles/reset.css
2025-06-24 06:36:03 [http-nio-8080-exec-2] DEBUG o.s.security.web.FilterChainProxy - Secured GET /styles/global.css
2025-06-24 06:36:03 [http-nio-8080-exec-8] DEBUG o.s.s.w.c.HttpSessionSecurityContextRepository - Retrieved SecurityContextImpl [Authentication=UsernamePasswordAuthenticationToken [Principal=org.example.security.CustomUserDetails@6a9723a4, Credentials=[PROTECTED], Authenticated=true, Details=WebAuthenticationDetails [RemoteIpAddress=0:0:0:0:0:0:0:1, SessionId=19B34927359842BA8CEE86CA471EE397], Granted Authorities=[ROLE_USER]]]
2025-06-24 06:36:03 [http-nio-8080-exec-10] DEBUG o.s.s.w.c.HttpSessionSecurityContextRepository - Retrieved SecurityContextImpl [Authentication=UsernamePasswordAuthenticationToken [Principal=org.example.security.CustomUserDetails@6a9723a4, Credentials=[PROTECTED], Authenticated=true, Details=WebAuthenticationDetails [RemoteIpAddress=0:0:0:0:0:0:0:1, SessionId=19B34927359842BA8CEE86CA471EE397], Granted Authorities=[ROLE_USER]]]
2025-06-24 06:36:03 [http-nio-8080-exec-4] DEBUG o.s.s.w.c.HttpSessionSecurityContextRepository - Retrieved SecurityContextImpl [Authentication=UsernamePasswordAuthenticationToken [Principal=org.example.security.CustomUserDetails@6a9723a4, Credentials=[PROTECTED], Authenticated=true, Details=WebAuthenticationDetails [RemoteIpAddress=0:0:0:0:0:0:0:1, SessionId=19B34927359842BA8CEE86CA471EE397], Granted Authorities=[ROLE_USER]]]
2025-06-24 06:36:03 [http-nio-8080-exec-6] DEBUG o.s.s.w.c.HttpSessionSecurityContextRepository - Retrieved SecurityContextImpl [Authentication=UsernamePasswordAuthenticationToken [Principal=org.example.security.CustomUserDetails@6a9723a4, Credentials=[PROTECTED], Authenticated=true, Details=WebAuthenticationDetails [RemoteIpAddress=0:0:0:0:0:0:0:1, SessionId=19B34927359842BA8CEE86CA471EE397], Granted Authorities=[ROLE_USER]]]
2025-06-24 06:36:03 [http-nio-8080-exec-7] DEBUG o.s.s.w.c.HttpSessionSecurityContextRepository - Retrieved SecurityContextImpl [Authentication=UsernamePasswordAuthenticationToken [Principal=org.example.security.CustomUserDetails@6a9723a4, Credentials=[PROTECTED], Authenticated=true, Details=WebAuthenticationDetails [RemoteIpAddress=0:0:0:0:0:0:0:1, SessionId=19B34927359842BA8CEE86CA471EE397], Granted Authorities=[ROLE_USER]]]
2025-06-24 06:36:03 [http-nio-8080-exec-2] DEBUG o.s.s.w.c.HttpSessionSecurityContextRepository - Retrieved SecurityContextImpl [Authentication=UsernamePasswordAuthenticationToken [Principal=org.example.security.CustomUserDetails@6a9723a4, Credentials=[PROTECTED], Authenticated=true, Details=WebAuthenticationDetails [RemoteIpAddress=0:0:0:0:0:0:0:1, SessionId=19B34927359842BA8CEE86CA471EE397], Granted Authorities=[ROLE_USER]]]
2025-06-24 06:36:03 [http-nio-8080-exec-3] DEBUG o.s.security.web.FilterChainProxy - Securing GET /image?file=1750635278979_%D0%A1%D0%BD%D0%B8%D0%BC%D0%BE%D0%BA%20%D1%8D%D0%BA%D1%80%D0%B0%D0%BD%D0%B0%202025-02-20%20%D0%B2%2015.38.15.png
2025-06-24 06:36:03 [http-nio-8080-exec-3] DEBUG o.s.security.web.FilterChainProxy - Secured GET /image?file=1750635278979_%D0%A1%D0%BD%D0%B8%D0%BC%D0%BE%D0%BA%20%D1%8D%D0%BA%D1%80%D0%B0%D0%BD%D0%B0%202025-02-20%20%D0%B2%2015.38.15.png
2025-06-24 06:36:03 [http-nio-8080-exec-3] DEBUG o.s.s.w.c.HttpSessionSecurityContextRepository - Retrieved SecurityContextImpl [Authentication=UsernamePasswordAuthenticationToken [Principal=org.example.security.CustomUserDetails@6a9723a4, Credentials=[PROTECTED], Authenticated=true, Details=WebAuthenticationDetails [RemoteIpAddress=0:0:0:0:0:0:0:1, SessionId=19B34927359842BA8CEE86CA471EE397], Granted Authorities=[ROLE_USER]]]
2025-06-24 06:36:04 [http-nio-8080-exec-9] DEBUG o.s.security.web.FilterChainProxy - Securing POST /recipe/4/pdf
2025-06-24 06:36:04 [http-nio-8080-exec-9] DEBUG o.s.security.web.FilterChainProxy - Secured POST /recipe/4/pdf
2025-06-24 06:36:04 [http-nio-8080-exec-9] ERROR o.e.e.GlobalExceptionHandler - Unhandled exception: 403 Forbidden: [no body]
org.springframework.web.client.HttpClientErrorException$Forbidden: 403 Forbidden: [no body]
	at org.springframework.web.client.HttpClientErrorException.create(HttpClientErrorException.java:109)
	at org.springframework.web.client.DefaultResponseErrorHandler.handleError(DefaultResponseErrorHandler.java:183)
	at org.springframework.web.client.DefaultResponseErrorHandler.handleError(DefaultResponseErrorHandler.java:137)
	at org.springframework.web.client.ResponseErrorHandler.handleError(ResponseErrorHandler.java:63)
	at org.springframework.web.client.RestTemplate.handleResponse(RestTemplate.java:942)
	at org.springframework.web.client.RestTemplate.doExecute(RestTemplate.java:891)
	at org.springframework.web.client.RestTemplate.execute(RestTemplate.java:790)
	at org.springframework.web.client.RestTemplate.postForObject(RestTemplate.java:507)
	at org.example.controllers.ShowRecipeController.generatePdf(ShowRecipeController.java:116)
	at java.base/jdk.internal.reflect.DirectMethodHandleAccessor.invoke(DirectMethodHandleAccessor.java:103)
	at java.base/java.lang.reflect.Method.invoke(Method.java:580)
	at org.springframework.web.method.support.InvocableHandlerMethod.doInvoke(InvocableHandlerMethod.java:255)
	at org.springframework.web.method.support.InvocableHandlerMethod.invokeForRequest(InvocableHandlerMethod.java:188)
	at org.springframework.web.servlet.mvc.method.annotation.ServletInvocableHandlerMethod.invokeAndHandle(ServletInvocableHandlerMethod.java:118)
	at org.springframework.web.servlet.mvc.method.annotation.RequestMappingHandlerAdapter.invokeHandlerMethod(RequestMappingHandlerAdapter.java:926)
	at org.springframework.web.servlet.mvc.method.annotation.RequestMappingHandlerAdapter.handleInternal(RequestMappingHandlerAdapter.java:831)
	at org.springframework.web.servlet.mvc.method.AbstractHandlerMethodAdapter.handle(AbstractHandlerMethodAdapter.java:87)
	at org.springframework.web.servlet.DispatcherServlet.doDispatch(DispatcherServlet.java:1089)
	at org.springframework.web.servlet.DispatcherServlet.doService(DispatcherServlet.java:979)
	at org.springframework.web.servlet.FrameworkServlet.processRequest(FrameworkServlet.java:1014)
	at org.springframework.web.servlet.FrameworkServlet.doPost(FrameworkServlet.java:914)
	at jakarta.servlet.http.HttpServlet.service(HttpServlet.java:590)
	at org.springframework.web.servlet.FrameworkServlet.service(FrameworkServlet.java:885)
	at jakarta.servlet.http.HttpServlet.service(HttpServlet.java:658)
	at org.apache.catalina.core.ApplicationFilterChain.internalDoFilter(ApplicationFilterChain.java:195)
	at org.apache.catalina.core.ApplicationFilterChain.doFilter(ApplicationFilterChain.java:140)
	at org.apache.tomcat.websocket.server.WsFilter.doFilter(WsFilter.java:51)
	at org.apache.catalina.core.ApplicationFilterChain.internalDoFilter(ApplicationFilterChain.java:164)
	at org.apache.catalina.core.ApplicationFilterChain.doFilter(ApplicationFilterChain.java:140)
	at org.springframework.web.filter.CompositeFilter$VirtualFilterChain.doFilter(CompositeFilter.java:108)
	at org.springframework.security.web.FilterChainProxy.lambda$doFilterInternal$3(FilterChainProxy.java:231)
	at org.springframework.security.web.FilterChainProxy$VirtualFilterChain.doFilter(FilterChainProxy.java:365)
	at org.springframework.security.web.access.intercept.AuthorizationFilter.doFilter(AuthorizationFilter.java:100)
	at org.springframework.security.web.FilterChainProxy$VirtualFilterChain.doFilter(FilterChainProxy.java:374)
	at org.springframework.security.web.access.ExceptionTranslationFilter.doFilter(ExceptionTranslationFilter.java:126)
	at org.springframework.security.web.access.ExceptionTranslationFilter.doFilter(ExceptionTranslationFilter.java:120)
	at org.springframework.security.web.FilterChainProxy$VirtualFilterChain.doFilter(FilterChainProxy.java:374)
	at org.springframework.security.web.authentication.AnonymousAuthenticationFilter.doFilter(AnonymousAuthenticationFilter.java:100)
	at org.springframework.security.web.FilterChainProxy$VirtualFilterChain.doFilter(FilterChainProxy.java:374)
	at org.springframework.security.web.servletapi.SecurityContextHolderAwareRequestFilter.doFilter(SecurityContextHolderAwareRequestFilter.java:179)
	at org.springframework.security.web.FilterChainProxy$VirtualFilterChain.doFilter(FilterChainProxy.java:374)
	at org.springframework.security.web.savedrequest.RequestCacheAwareFilter.doFilter(RequestCacheAwareFilter.java:63)
	at org.springframework.security.web.FilterChainProxy$VirtualFilterChain.doFilter(FilterChainProxy.java:374)
	at org.springframework.security.web.authentication.AbstractAuthenticationProcessingFilter.doFilter(AbstractAuthenticationProcessingFilter.java:227)
	at org.springframework.security.web.authentication.AbstractAuthenticationProcessingFilter.doFilter(AbstractAuthenticationProcessingFilter.java:221)
	at org.springframework.security.web.FilterChainProxy$VirtualFilterChain.doFilter(FilterChainProxy.java:374)
	at org.springframework.security.web.authentication.logout.LogoutFilter.doFilter(LogoutFilter.java:107)
	at org.springframework.security.web.authentication.logout.LogoutFilter.doFilter(LogoutFilter.java:93)
	at org.springframework.security.web.FilterChainProxy$VirtualFilterChain.doFilter(FilterChainProxy.java:374)
	at org.springframework.security.web.csrf.CsrfFilter.doFilterInternal(CsrfFilter.java:131)
	at org.springframework.web.filter.OncePerRequestFilter.doFilter(OncePerRequestFilter.java:116)
	at org.springframework.security.web.FilterChainProxy$VirtualFilterChain.doFilter(FilterChainProxy.java:374)
	at org.springframework.web.filter.CorsFilter.doFilterInternal(CorsFilter.java:91)
	at org.springframework.web.filter.OncePerRequestFilter.doFilter(OncePerRequestFilter.java:116)
	at org.springframework.security.web.FilterChainProxy$VirtualFilterChain.doFilter(FilterChainProxy.java:374)
	at org.springframework.security.web.header.HeaderWriterFilter.doHeadersAfter(HeaderWriterFilter.java:90)
	at org.springframework.security.web.header.HeaderWriterFilter.doFilterInternal(HeaderWriterFilter.java:75)
	at org.springframework.web.filter.OncePerRequestFilter.doFilter(OncePerRequestFilter.java:116)
	at org.springframework.security.web.FilterChainProxy$VirtualFilterChain.doFilter(FilterChainProxy.java:374)
	at org.springframework.security.web.context.SecurityContextHolderFilter.doFilter(SecurityContextHolderFilter.java:82)
	at org.springframework.security.web.context.SecurityContextHolderFilter.doFilter(SecurityContextHolderFilter.java:69)
	at org.springframework.security.web.FilterChainProxy$VirtualFilterChain.doFilter(FilterChainProxy.java:374)
	at org.springframework.security.web.context.request.async.WebAsyncManagerIntegrationFilter.doFilterInternal(WebAsyncManagerIntegrationFilter.java:62)
	at org.springframework.web.filter.OncePerRequestFilter.doFilter(OncePerRequestFilter.java:116)
	at org.springframework.security.web.FilterChainProxy$VirtualFilterChain.doFilter(FilterChainProxy.java:374)
	at org.springframework.security.web.session.DisableEncodeUrlFilter.doFilterInternal(DisableEncodeUrlFilter.java:42)
	at org.springframework.web.filter.OncePerRequestFilter.doFilter(OncePerRequestFilter.java:116)
	at org.springframework.security.web.FilterChainProxy$VirtualFilterChain.doFilter(FilterChainProxy.java:374)
	at org.springframework.security.web.FilterChainProxy.doFilterInternal(FilterChainProxy.java:233)
	at org.springframework.security.web.FilterChainProxy.doFilter(FilterChainProxy.java:191)
	at org.springframework.web.filter.CompositeFilter$VirtualFilterChain.doFilter(CompositeFilter.java:113)
	at org.springframework.web.servlet.handler.HandlerMappingIntrospector.lambda$createCacheFilter$3(HandlerMappingIntrospector.java:195)
	at org.springframework.web.filter.CompositeFilter$VirtualFilterChain.doFilter(CompositeFilter.java:113)
	at org.springframework.web.filter.CompositeFilter.doFilter(CompositeFilter.java:74)
	at org.springframework.security.config.annotation.web.configuration.WebMvcSecurityConfiguration$CompositeFilterChainProxy.doFilter(WebMvcSecurityConfiguration.java:230)
	at org.springframework.web.filter.DelegatingFilterProxy.invokeDelegate(DelegatingFilterProxy.java:352)
	at org.springframework.web.filter.DelegatingFilterProxy.doFilter(DelegatingFilterProxy.java:268)
	at org.apache.catalina.core.ApplicationFilterChain.internalDoFilter(ApplicationFilterChain.java:164)
	at org.apache.catalina.core.ApplicationFilterChain.doFilter(ApplicationFilterChain.java:140)
	at org.springframework.web.filter.RequestContextFilter.doFilterInternal(RequestContextFilter.java:100)
	at org.springframework.web.filter.OncePerRequestFilter.doFilter(OncePerRequestFilter.java:116)
	at org.apache.catalina.core.ApplicationFilterChain.internalDoFilter(ApplicationFilterChain.java:164)
	at org.apache.catalina.core.ApplicationFilterChain.doFilter(ApplicationFilterChain.java:140)
	at org.springframework.web.filter.FormContentFilter.doFilterInternal(FormContentFilter.java:93)
	at org.springframework.web.filter.OncePerRequestFilter.doFilter(OncePerRequestFilter.java:116)
	at org.apache.catalina.core.ApplicationFilterChain.internalDoFilter(ApplicationFilterChain.java:164)
	at org.apache.catalina.core.ApplicationFilterChain.doFilter(ApplicationFilterChain.java:140)
	at org.springframework.web.filter.CharacterEncodingFilter.doFilterInternal(CharacterEncodingFilter.java:201)
	at org.springframework.web.filter.OncePerRequestFilter.doFilter(OncePerRequestFilter.java:116)
	at org.apache.catalina.core.ApplicationFilterChain.internalDoFilter(ApplicationFilterChain.java:164)
	at org.apache.catalina.core.ApplicationFilterChain.doFilter(ApplicationFilterChain.java:140)
	at org.apache.catalina.core.StandardWrapperValve.invoke(StandardWrapperValve.java:167)
	at org.apache.catalina.core.StandardContextValve.invoke(StandardContextValve.java:90)
	at org.apache.catalina.authenticator.AuthenticatorBase.invoke(AuthenticatorBase.java:482)
	at org.apache.catalina.core.StandardHostValve.invoke(StandardHostValve.java:115)
	at org.apache.catalina.valves.ErrorReportValve.invoke(ErrorReportValve.java:93)
	at org.apache.catalina.core.StandardEngineValve.invoke(StandardEngineValve.java:74)
	at org.apache.catalina.connector.CoyoteAdapter.service(CoyoteAdapter.java:344)
	at org.apache.coyote.http11.Http11Processor.service(Http11Processor.java:389)
	at org.apache.coyote.AbstractProcessorLight.process(AbstractProcessorLight.java:63)
	at org.apache.coyote.AbstractProtocol$ConnectionHandler.process(AbstractProtocol.java:896)
	at org.apache.tomcat.util.net.NioEndpoint$SocketProcessor.doRun(NioEndpoint.java:1741)
	at org.apache.tomcat.util.net.SocketProcessorBase.run(SocketProcessorBase.java:52)
	at org.apache.tomcat.util.threads.ThreadPoolExecutor.runWorker(ThreadPoolExecutor.java:1190)
	at org.apache.tomcat.util.threads.ThreadPoolExecutor$Worker.run(ThreadPoolExecutor.java:659)
	at org.apache.tomcat.util.threads.TaskThread$WrappingRunnable.run(TaskThread.java:63)
	at java.base/java.lang.Thread.run(Thread.java:1583)
2025-06-24 06:36:04 [http-nio-8080-exec-9] WARN  o.s.w.s.m.m.a.ExceptionHandlerExceptionResolver - Resolved [org.springframework.web.client.HttpClientErrorException$Forbidden: 403 Forbidden: [no body]]
2025-06-24 06:36:04 [http-nio-8080-exec-9] DEBUG o.s.s.w.c.HttpSessionSecurityContextRepository - Retrieved SecurityContextImpl [Authentication=UsernamePasswordAuthenticationToken [Principal=org.example.security.CustomUserDetails@6a9723a4, Credentials=[PROTECTED], Authenticated=true, Details=WebAuthenticationDetails [RemoteIpAddress=0:0:0:0:0:0:0:1, SessionId=19B34927359842BA8CEE86CA471EE397], Granted Authorities=[ROLE_USER]]]
2025-06-24 06:36:20 [SpringApplicationShutdownHook] INFO  com.zaxxer.hikari.HikariDataSource - HikariPool-1 - Shutdown initiated...
2025-06-24 06:36:20 [SpringApplicationShutdownHook] INFO  com.zaxxer.hikari.HikariDataSource - HikariPool-1 - Shutdown completed.
2025-06-24 06:36:21 [restartedMain] INFO  o.e.CulinaryExchangeApplication - Starting CulinaryExchangeApplication using Java 21.0.7 with PID 69490 (/Users/pro/IdeaProjects/culinaryExchangeS2/target/classes started by pro in /Users/pro/IdeaProjects/culinaryExchangeS2)
2025-06-24 06:36:21 [restartedMain] DEBUG o.e.CulinaryExchangeApplication - Running with Spring Boot v3.3.0, Spring v6.1.8
2025-06-24 06:36:21 [restartedMain] INFO  o.e.CulinaryExchangeApplication - No active profile set, falling back to 1 default profile: "default"
2025-06-24 06:36:22 [restartedMain] INFO  o.a.catalina.core.StandardService - Starting service [Tomcat]
2025-06-24 06:36:22 [restartedMain] INFO  o.a.catalina.core.StandardEngine - Starting Servlet engine: [Apache Tomcat/10.1.24]
2025-06-24 06:36:22 [restartedMain] INFO  o.apache.jasper.servlet.TldScanner - At least one JAR was scanned for TLDs yet contained no TLDs. Enable debug logging for this logger for a complete list of JARs that were scanned but no TLDs were found in them. Skipping unneeded JARs during scanning can improve startup time and JSP compilation time.
2025-06-24 06:36:22 [restartedMain] INFO  o.a.c.c.C.[.[localhost].[/culinary] - Initializing Spring embedded WebApplicationContext
2025-06-24 06:36:22 [restartedMain] WARN  o.a.c.c.C.[.[localhost].[/culinary] - Cannot deserialize session attribute [SPRING_SECURITY_CONTEXT] for session [8D4DD55D8F3B820DC49C1B4FB3805404]
2025-06-24 06:36:22 [restartedMain] INFO  com.zaxxer.hikari.HikariDataSource - HikariPool-1 - Starting...
2025-06-24 06:36:22 [restartedMain] INFO  com.zaxxer.hikari.pool.HikariPool - HikariPool-1 - Added connection org.postgresql.jdbc.PgConnection@3bde1ed
2025-06-24 06:36:22 [restartedMain] INFO  com.zaxxer.hikari.HikariDataSource - HikariPool-1 - Start completed.
2025-06-24 06:36:22 [restartedMain] INFO  org.flywaydb.core.FlywayExecutor - Database: jdbc:postgresql://localhost:5432/culinaryExchangeS2 (PostgreSQL 17.1)
2025-06-24 06:36:22 [restartedMain] WARN  o.f.c.i.database.base.Database - Flyway upgrade recommended: PostgreSQL 17.1 is newer than this version of Flyway and support has not been tested. The latest supported version of PostgreSQL is 16.
2025-06-24 06:36:22 [restartedMain] INFO  o.f.core.internal.command.DbValidate - Successfully validated 1 migration (execution time 00:00.008s)
2025-06-24 06:36:22 [restartedMain] INFO  o.f.core.internal.command.DbMigrate - Current version of schema "public": 1
2025-06-24 06:36:22 [restartedMain] INFO  o.f.core.internal.command.DbMigrate - Schema "public" is up to date. No migration necessary.
2025-06-24 06:36:22 [restartedMain] INFO  o.h.jpa.internal.util.LogHelper - HHH000204: Processing PersistenceUnitInfo [name: default]
2025-06-24 06:36:22 [restartedMain] INFO  org.hibernate.Version - HHH000412: Hibernate ORM core version 6.5.2.Final
2025-06-24 06:36:22 [restartedMain] INFO  o.h.c.i.RegionFactoryInitiator - HHH000026: Second-level cache disabled
2025-06-24 06:36:22 [restartedMain] WARN  org.hibernate.orm.deprecation - HHH90000025: PostgreSQLDialect does not need to be specified explicitly using 'hibernate.dialect' (remove the property setting and it will be selected by default)
2025-06-24 06:36:23 [restartedMain] INFO  o.h.e.t.j.p.i.JtaPlatformInitiator - HHH000489: No JTA platform available (set 'hibernate.transaction.jta.platform' to enable JTA platform integration)
2025-06-24 06:36:23 [restartedMain] WARN  o.s.b.a.o.j.JpaBaseConfiguration$JpaWebConfiguration - spring.jpa.open-in-view is enabled by default. Therefore, database queries may be performed during view rendering. Explicitly configure spring.jpa.open-in-view to disable this warning
2025-06-24 06:36:23 [restartedMain] INFO  o.s.s.c.a.a.c.InitializeUserDetailsBeanManagerConfigurer$InitializeUserDetailsManagerConfigurer - Global AuthenticationManager configured with UserDetailsService bean with name customUserDetailsService
2025-06-24 06:36:23 [restartedMain] INFO  o.s.s.web.DefaultSecurityFilterChain - Will secure any request with [org.springframework.security.web.session.DisableEncodeUrlFilter@75359194, org.springframework.security.web.context.request.async.WebAsyncManagerIntegrationFilter@5f12abc9, org.springframework.security.web.context.SecurityContextHolderFilter@7fe68ac7, org.springframework.security.web.header.HeaderWriterFilter@7f9cc4fe, org.springframework.web.filter.CorsFilter@212b118e, org.springframework.security.web.csrf.CsrfFilter@71b1eed3, org.springframework.security.web.authentication.logout.LogoutFilter@3ee44b86, org.springframework.security.web.authentication.UsernamePasswordAuthenticationFilter@298e5265, org.springframework.security.web.savedrequest.RequestCacheAwareFilter@6896749b, org.springframework.security.web.servletapi.SecurityContextHolderAwareRequestFilter@76f004af, org.springframework.security.web.authentication.AnonymousAuthenticationFilter@6eac6671, org.springframework.security.web.access.ExceptionTranslationFilter@52e7cdb6, org.springframework.security.web.access.intercept.AuthorizationFilter@6e46acc]
2025-06-24 06:36:23 [restartedMain] INFO  o.e.CulinaryExchangeApplication - Started CulinaryExchangeApplication in 2.044 seconds (process running for 2.277)
2025-06-24 06:36:29 [http-nio-8080-exec-1] INFO  o.a.c.c.C.[.[localhost].[/culinary] - Initializing Spring DispatcherServlet 'dispatcherServlet'
2025-06-24 06:36:29 [http-nio-8080-exec-1] DEBUG o.s.security.web.FilterChainProxy - Securing GET /recipe/4
2025-06-24 06:36:29 [http-nio-8080-exec-1] DEBUG o.s.security.web.FilterChainProxy - Secured GET /recipe/4
2025-06-24 06:36:29 [http-nio-8080-exec-1] DEBUG o.s.s.w.a.AnonymousAuthenticationFilter - Set SecurityContextHolder to anonymous SecurityContext
2025-06-24 06:36:29 [http-nio-8080-exec-1] DEBUG o.s.security.web.FilterChainProxy - Securing GET /WEB-INF/views/showRecipe.jsp
2025-06-24 06:36:29 [http-nio-8080-exec-1] DEBUG o.s.security.web.FilterChainProxy - Secured GET /WEB-INF/views/showRecipe.jsp
2025-06-24 06:36:30 [http-nio-8080-exec-2] DEBUG o.s.security.web.FilterChainProxy - Securing GET /styles/normalize.8.0.1.css
2025-06-24 06:36:30 [http-nio-8080-exec-2] DEBUG o.s.security.web.FilterChainProxy - Secured GET /styles/normalize.8.0.1.css
2025-06-24 06:36:30 [http-nio-8080-exec-3] DEBUG o.s.security.web.FilterChainProxy - Securing GET /styles/reset.css
2025-06-24 06:36:30 [http-nio-8080-exec-3] DEBUG o.s.security.web.FilterChainProxy - Secured GET /styles/reset.css
2025-06-24 06:36:30 [http-nio-8080-exec-4] DEBUG o.s.security.web.FilterChainProxy - Securing GET /styles/showRecipe.css
2025-06-24 06:36:30 [http-nio-8080-exec-4] DEBUG o.s.security.web.FilterChainProxy - Secured GET /styles/showRecipe.css
2025-06-24 06:36:30 [http-nio-8080-exec-7] DEBUG o.s.security.web.FilterChainProxy - Securing GET /styles/global.css
2025-06-24 06:36:30 [http-nio-8080-exec-5] DEBUG o.s.security.web.FilterChainProxy - Securing GET /styles/header.css
2025-06-24 06:36:30 [http-nio-8080-exec-6] DEBUG o.s.security.web.FilterChainProxy - Securing GET /styles/footer.css
2025-06-24 06:36:30 [http-nio-8080-exec-5] DEBUG o.s.security.web.FilterChainProxy - Secured GET /styles/header.css
2025-06-24 06:36:30 [http-nio-8080-exec-7] DEBUG o.s.security.web.FilterChainProxy - Secured GET /styles/global.css
2025-06-24 06:36:30 [http-nio-8080-exec-6] DEBUG o.s.security.web.FilterChainProxy - Secured GET /styles/footer.css
2025-06-24 06:36:30 [http-nio-8080-exec-5] DEBUG o.s.s.w.a.AnonymousAuthenticationFilter - Set SecurityContextHolder to anonymous SecurityContext
2025-06-24 06:36:30 [http-nio-8080-exec-3] DEBUG o.s.s.w.a.AnonymousAuthenticationFilter - Set SecurityContextHolder to anonymous SecurityContext
2025-06-24 06:36:30 [http-nio-8080-exec-7] DEBUG o.s.s.w.a.AnonymousAuthenticationFilter - Set SecurityContextHolder to anonymous SecurityContext
2025-06-24 06:36:30 [http-nio-8080-exec-2] DEBUG o.s.s.w.a.AnonymousAuthenticationFilter - Set SecurityContextHolder to anonymous SecurityContext
2025-06-24 06:36:30 [http-nio-8080-exec-4] DEBUG o.s.s.w.a.AnonymousAuthenticationFilter - Set SecurityContextHolder to anonymous SecurityContext
2025-06-24 06:36:30 [http-nio-8080-exec-6] DEBUG o.s.s.w.a.AnonymousAuthenticationFilter - Set SecurityContextHolder to anonymous SecurityContext
2025-06-24 06:36:33 [http-nio-8080-exec-8] DEBUG o.s.security.web.FilterChainProxy - Securing POST /recipe/4/pdf
2025-06-24 06:36:33 [http-nio-8080-exec-8] DEBUG o.s.security.web.FilterChainProxy - Secured POST /recipe/4/pdf
2025-06-24 06:36:33 [http-nio-8080-exec-8] ERROR o.e.e.GlobalExceptionHandler - Unhandled exception: I/O error on POST request for "http://localhost:5050/generate-pdf": Connection refused
org.springframework.web.client.ResourceAccessException: I/O error on POST request for "http://localhost:5050/generate-pdf": Connection refused
	at org.springframework.web.client.RestTemplate.createResourceAccessException(RestTemplate.java:915)
	at org.springframework.web.client.RestTemplate.doExecute(RestTemplate.java:895)
	at org.springframework.web.client.RestTemplate.execute(RestTemplate.java:790)
	at org.springframework.web.client.RestTemplate.postForObject(RestTemplate.java:507)
	at org.example.controllers.ShowRecipeController.generatePdf(ShowRecipeController.java:116)
	at java.base/jdk.internal.reflect.DirectMethodHandleAccessor.invoke(DirectMethodHandleAccessor.java:103)
	at java.base/java.lang.reflect.Method.invoke(Method.java:580)
	at org.springframework.web.method.support.InvocableHandlerMethod.doInvoke(InvocableHandlerMethod.java:255)
	at org.springframework.web.method.support.InvocableHandlerMethod.invokeForRequest(InvocableHandlerMethod.java:188)
	at org.springframework.web.servlet.mvc.method.annotation.ServletInvocableHandlerMethod.invokeAndHandle(ServletInvocableHandlerMethod.java:118)
	at org.springframework.web.servlet.mvc.method.annotation.RequestMappingHandlerAdapter.invokeHandlerMethod(RequestMappingHandlerAdapter.java:926)
	at org.springframework.web.servlet.mvc.method.annotation.RequestMappingHandlerAdapter.handleInternal(RequestMappingHandlerAdapter.java:831)
	at org.springframework.web.servlet.mvc.method.AbstractHandlerMethodAdapter.handle(AbstractHandlerMethodAdapter.java:87)
	at org.springframework.web.servlet.DispatcherServlet.doDispatch(DispatcherServlet.java:1089)
	at org.springframework.web.servlet.DispatcherServlet.doService(DispatcherServlet.java:979)
	at org.springframework.web.servlet.FrameworkServlet.processRequest(FrameworkServlet.java:1014)
	at org.springframework.web.servlet.FrameworkServlet.doPost(FrameworkServlet.java:914)
	at jakarta.servlet.http.HttpServlet.service(HttpServlet.java:590)
	at org.springframework.web.servlet.FrameworkServlet.service(FrameworkServlet.java:885)
	at jakarta.servlet.http.HttpServlet.service(HttpServlet.java:658)
	at org.apache.catalina.core.ApplicationFilterChain.internalDoFilter(ApplicationFilterChain.java:195)
	at org.apache.catalina.core.ApplicationFilterChain.doFilter(ApplicationFilterChain.java:140)
	at org.apache.tomcat.websocket.server.WsFilter.doFilter(WsFilter.java:51)
	at org.apache.catalina.core.ApplicationFilterChain.internalDoFilter(ApplicationFilterChain.java:164)
	at org.apache.catalina.core.ApplicationFilterChain.doFilter(ApplicationFilterChain.java:140)
	at org.springframework.web.filter.CompositeFilter$VirtualFilterChain.doFilter(CompositeFilter.java:108)
	at org.springframework.security.web.FilterChainProxy.lambda$doFilterInternal$3(FilterChainProxy.java:231)
	at org.springframework.security.web.FilterChainProxy$VirtualFilterChain.doFilter(FilterChainProxy.java:365)
	at org.springframework.security.web.access.intercept.AuthorizationFilter.doFilter(AuthorizationFilter.java:100)
	at org.springframework.security.web.FilterChainProxy$VirtualFilterChain.doFilter(FilterChainProxy.java:374)
	at org.springframework.security.web.access.ExceptionTranslationFilter.doFilter(ExceptionTranslationFilter.java:126)
	at org.springframework.security.web.access.ExceptionTranslationFilter.doFilter(ExceptionTranslationFilter.java:120)
	at org.springframework.security.web.FilterChainProxy$VirtualFilterChain.doFilter(FilterChainProxy.java:374)
	at org.springframework.security.web.authentication.AnonymousAuthenticationFilter.doFilter(AnonymousAuthenticationFilter.java:100)
	at org.springframework.security.web.FilterChainProxy$VirtualFilterChain.doFilter(FilterChainProxy.java:374)
	at org.springframework.security.web.servletapi.SecurityContextHolderAwareRequestFilter.doFilter(SecurityContextHolderAwareRequestFilter.java:179)
	at org.springframework.security.web.FilterChainProxy$VirtualFilterChain.doFilter(FilterChainProxy.java:374)
	at org.springframework.security.web.savedrequest.RequestCacheAwareFilter.doFilter(RequestCacheAwareFilter.java:63)
	at org.springframework.security.web.FilterChainProxy$VirtualFilterChain.doFilter(FilterChainProxy.java:374)
	at org.springframework.security.web.authentication.AbstractAuthenticationProcessingFilter.doFilter(AbstractAuthenticationProcessingFilter.java:227)
	at org.springframework.security.web.authentication.AbstractAuthenticationProcessingFilter.doFilter(AbstractAuthenticationProcessingFilter.java:221)
	at org.springframework.security.web.FilterChainProxy$VirtualFilterChain.doFilter(FilterChainProxy.java:374)
	at org.springframework.security.web.authentication.logout.LogoutFilter.doFilter(LogoutFilter.java:107)
	at org.springframework.security.web.authentication.logout.LogoutFilter.doFilter(LogoutFilter.java:93)
	at org.springframework.security.web.FilterChainProxy$VirtualFilterChain.doFilter(FilterChainProxy.java:374)
	at org.springframework.security.web.csrf.CsrfFilter.doFilterInternal(CsrfFilter.java:131)
	at org.springframework.web.filter.OncePerRequestFilter.doFilter(OncePerRequestFilter.java:116)
	at org.springframework.security.web.FilterChainProxy$VirtualFilterChain.doFilter(FilterChainProxy.java:374)
	at org.springframework.web.filter.CorsFilter.doFilterInternal(CorsFilter.java:91)
	at org.springframework.web.filter.OncePerRequestFilter.doFilter(OncePerRequestFilter.java:116)
	at org.springframework.security.web.FilterChainProxy$VirtualFilterChain.doFilter(FilterChainProxy.java:374)
	at org.springframework.security.web.header.HeaderWriterFilter.doHeadersAfter(HeaderWriterFilter.java:90)
	at org.springframework.security.web.header.HeaderWriterFilter.doFilterInternal(HeaderWriterFilter.java:75)
	at org.springframework.web.filter.OncePerRequestFilter.doFilter(OncePerRequestFilter.java:116)
	at org.springframework.security.web.FilterChainProxy$VirtualFilterChain.doFilter(FilterChainProxy.java:374)
	at org.springframework.security.web.context.SecurityContextHolderFilter.doFilter(SecurityContextHolderFilter.java:82)
	at org.springframework.security.web.context.SecurityContextHolderFilter.doFilter(SecurityContextHolderFilter.java:69)
	at org.springframework.security.web.FilterChainProxy$VirtualFilterChain.doFilter(FilterChainProxy.java:374)
	at org.springframework.security.web.context.request.async.WebAsyncManagerIntegrationFilter.doFilterInternal(WebAsyncManagerIntegrationFilter.java:62)
	at org.springframework.web.filter.OncePerRequestFilter.doFilter(OncePerRequestFilter.java:116)
	at org.springframework.security.web.FilterChainProxy$VirtualFilterChain.doFilter(FilterChainProxy.java:374)
	at org.springframework.security.web.session.DisableEncodeUrlFilter.doFilterInternal(DisableEncodeUrlFilter.java:42)
	at org.springframework.web.filter.OncePerRequestFilter.doFilter(OncePerRequestFilter.java:116)
	at org.springframework.security.web.FilterChainProxy$VirtualFilterChain.doFilter(FilterChainProxy.java:374)
	at org.springframework.security.web.FilterChainProxy.doFilterInternal(FilterChainProxy.java:233)
	at org.springframework.security.web.FilterChainProxy.doFilter(FilterChainProxy.java:191)
	at org.springframework.web.filter.CompositeFilter$VirtualFilterChain.doFilter(CompositeFilter.java:113)
	at org.springframework.web.servlet.handler.HandlerMappingIntrospector.lambda$createCacheFilter$3(HandlerMappingIntrospector.java:195)
	at org.springframework.web.filter.CompositeFilter$VirtualFilterChain.doFilter(CompositeFilter.java:113)
	at org.springframework.web.filter.CompositeFilter.doFilter(CompositeFilter.java:74)
	at org.springframework.security.config.annotation.web.configuration.WebMvcSecurityConfiguration$CompositeFilterChainProxy.doFilter(WebMvcSecurityConfiguration.java:230)
	at org.springframework.web.filter.DelegatingFilterProxy.invokeDelegate(DelegatingFilterProxy.java:352)
	at org.springframework.web.filter.DelegatingFilterProxy.doFilter(DelegatingFilterProxy.java:268)
	at org.apache.catalina.core.ApplicationFilterChain.internalDoFilter(ApplicationFilterChain.java:164)
	at org.apache.catalina.core.ApplicationFilterChain.doFilter(ApplicationFilterChain.java:140)
	at org.springframework.web.filter.RequestContextFilter.doFilterInternal(RequestContextFilter.java:100)
	at org.springframework.web.filter.OncePerRequestFilter.doFilter(OncePerRequestFilter.java:116)
	at org.apache.catalina.core.ApplicationFilterChain.internalDoFilter(ApplicationFilterChain.java:164)
	at org.apache.catalina.core.ApplicationFilterChain.doFilter(ApplicationFilterChain.java:140)
	at org.springframework.web.filter.FormContentFilter.doFilterInternal(FormContentFilter.java:93)
	at org.springframework.web.filter.OncePerRequestFilter.doFilter(OncePerRequestFilter.java:116)
	at org.apache.catalina.core.ApplicationFilterChain.internalDoFilter(ApplicationFilterChain.java:164)
	at org.apache.catalina.core.ApplicationFilterChain.doFilter(ApplicationFilterChain.java:140)
	at org.springframework.web.filter.CharacterEncodingFilter.doFilterInternal(CharacterEncodingFilter.java:201)
	at org.springframework.web.filter.OncePerRequestFilter.doFilter(OncePerRequestFilter.java:116)
	at org.apache.catalina.core.ApplicationFilterChain.internalDoFilter(ApplicationFilterChain.java:164)
	at org.apache.catalina.core.ApplicationFilterChain.doFilter(ApplicationFilterChain.java:140)
	at org.apache.catalina.core.StandardWrapperValve.invoke(StandardWrapperValve.java:167)
	at org.apache.catalina.core.StandardContextValve.invoke(StandardContextValve.java:90)
	at org.apache.catalina.authenticator.AuthenticatorBase.invoke(AuthenticatorBase.java:482)
	at org.apache.catalina.core.StandardHostValve.invoke(StandardHostValve.java:115)
	at org.apache.catalina.valves.ErrorReportValve.invoke(ErrorReportValve.java:93)
	at org.apache.catalina.core.StandardEngineValve.invoke(StandardEngineValve.java:74)
	at org.apache.catalina.connector.CoyoteAdapter.service(CoyoteAdapter.java:344)
	at org.apache.coyote.http11.Http11Processor.service(Http11Processor.java:389)
	at org.apache.coyote.AbstractProcessorLight.process(AbstractProcessorLight.java:63)
	at org.apache.coyote.AbstractProtocol$ConnectionHandler.process(AbstractProtocol.java:896)
	at org.apache.tomcat.util.net.NioEndpoint$SocketProcessor.doRun(NioEndpoint.java:1741)
	at org.apache.tomcat.util.net.SocketProcessorBase.run(SocketProcessorBase.java:52)
	at org.apache.tomcat.util.threads.ThreadPoolExecutor.runWorker(ThreadPoolExecutor.java:1190)
	at org.apache.tomcat.util.threads.ThreadPoolExecutor$Worker.run(ThreadPoolExecutor.java:659)
	at org.apache.tomcat.util.threads.TaskThread$WrappingRunnable.run(TaskThread.java:63)
	at java.base/java.lang.Thread.run(Thread.java:1583)
Caused by: java.net.ConnectException: Connection refused
	at java.base/sun.nio.ch.Net.connect0(Native Method)
	at java.base/sun.nio.ch.Net.connect(Net.java:589)
	at java.base/sun.nio.ch.Net.connect(Net.java:578)
	at java.base/sun.nio.ch.NioSocketImpl.connect(NioSocketImpl.java:583)
	at java.base/java.net.Socket.connect(Socket.java:751)
	at java.base/java.net.Socket.connect(Socket.java:686)
	at java.base/sun.net.NetworkClient.doConnect(NetworkClient.java:183)
	at java.base/sun.net.www.http.HttpClient.openServer(HttpClient.java:531)
	at java.base/sun.net.www.http.HttpClient.openServer(HttpClient.java:636)
	at java.base/sun.net.www.http.HttpClient.<init>(HttpClient.java:280)
	at java.base/sun.net.www.http.HttpClient.New(HttpClient.java:386)
	at java.base/sun.net.www.http.HttpClient.New(HttpClient.java:408)
	at java.base/sun.net.www.protocol.http.HttpURLConnection.getNewHttpClient(HttpURLConnection.java:1319)
	at java.base/sun.net.www.protocol.http.HttpURLConnection.plainConnect0(HttpURLConnection.java:1252)
	at java.base/sun.net.www.protocol.http.HttpURLConnection.plainConnect(HttpURLConnection.java:1138)
	at java.base/sun.net.www.protocol.http.HttpURLConnection.connect(HttpURLConnection.java:1067)
	at org.springframework.http.client.SimpleClientHttpRequest.executeInternal(SimpleClientHttpRequest.java:79)
	at org.springframework.http.client.AbstractStreamingClientHttpRequest.executeInternal(AbstractStreamingClientHttpRequest.java:70)
	at org.springframework.http.client.AbstractClientHttpRequest.execute(AbstractClientHttpRequest.java:66)
	at org.springframework.web.client.RestTemplate.doExecute(RestTemplate.java:889)
	... 101 common frames omitted
2025-06-24 06:36:33 [http-nio-8080-exec-8] WARN  o.s.w.s.m.m.a.ExceptionHandlerExceptionResolver - Resolved [org.springframework.web.client.ResourceAccessException: I/O error on POST request for "http://localhost:5050/generate-pdf": Connection refused]
2025-06-24 06:36:33 [http-nio-8080-exec-8] DEBUG o.s.s.w.a.AnonymousAuthenticationFilter - Set SecurityContextHolder to anonymous SecurityContext
2025-06-24 06:36:35 [http-nio-8080-exec-9] DEBUG o.s.security.web.FilterChainProxy - Securing GET /recipe/4
2025-06-24 06:36:35 [http-nio-8080-exec-9] DEBUG o.s.security.web.FilterChainProxy - Secured GET /recipe/4
2025-06-24 06:36:35 [http-nio-8080-exec-9] DEBUG o.s.s.w.a.AnonymousAuthenticationFilter - Set SecurityContextHolder to anonymous SecurityContext
2025-06-24 06:36:35 [http-nio-8080-exec-9] DEBUG o.s.security.web.FilterChainProxy - Securing GET /WEB-INF/views/showRecipe.jsp
2025-06-24 06:36:35 [http-nio-8080-exec-9] DEBUG o.s.security.web.FilterChainProxy - Secured GET /WEB-INF/views/showRecipe.jsp
2025-06-24 06:36:35 [http-nio-8080-exec-5] DEBUG o.s.security.web.FilterChainProxy - Securing GET /styles/header.css
2025-06-24 06:36:35 [http-nio-8080-exec-7] DEBUG o.s.security.web.FilterChainProxy - Securing GET /styles/footer.css
2025-06-24 06:36:35 [http-nio-8080-exec-10] DEBUG o.s.security.web.FilterChainProxy - Securing GET /styles/normalize.8.0.1.css
2025-06-24 06:36:35 [http-nio-8080-exec-5] DEBUG o.s.security.web.FilterChainProxy - Secured GET /styles/header.css
2025-06-24 06:36:35 [http-nio-8080-exec-7] DEBUG o.s.security.web.FilterChainProxy - Secured GET /styles/footer.css
2025-06-24 06:36:35 [http-nio-8080-exec-10] DEBUG o.s.security.web.FilterChainProxy - Secured GET /styles/normalize.8.0.1.css
2025-06-24 06:36:35 [http-nio-8080-exec-7] DEBUG o.s.s.w.a.AnonymousAuthenticationFilter - Set SecurityContextHolder to anonymous SecurityContext
2025-06-24 06:36:35 [http-nio-8080-exec-3] DEBUG o.s.security.web.FilterChainProxy - Securing GET /styles/showRecipe.css
2025-06-24 06:36:35 [http-nio-8080-exec-3] DEBUG o.s.security.web.FilterChainProxy - Secured GET /styles/showRecipe.css
2025-06-24 06:36:35 [http-nio-8080-exec-1] DEBUG o.s.security.web.FilterChainProxy - Securing GET /styles/reset.css
2025-06-24 06:36:35 [http-nio-8080-exec-2] DEBUG o.s.security.web.FilterChainProxy - Securing GET /styles/global.css
2025-06-24 06:36:35 [http-nio-8080-exec-2] DEBUG o.s.security.web.FilterChainProxy - Secured GET /styles/global.css
2025-06-24 06:36:35 [http-nio-8080-exec-5] DEBUG o.s.s.w.a.AnonymousAuthenticationFilter - Set SecurityContextHolder to anonymous SecurityContext
2025-06-24 06:36:35 [http-nio-8080-exec-3] DEBUG o.s.s.w.a.AnonymousAuthenticationFilter - Set SecurityContextHolder to anonymous SecurityContext
2025-06-24 06:36:35 [http-nio-8080-exec-2] DEBUG o.s.s.w.a.AnonymousAuthenticationFilter - Set SecurityContextHolder to anonymous SecurityContext
2025-06-24 06:36:35 [http-nio-8080-exec-1] DEBUG o.s.security.web.FilterChainProxy - Secured GET /styles/reset.css
2025-06-24 06:36:35 [http-nio-8080-exec-10] DEBUG o.s.s.w.a.AnonymousAuthenticationFilter - Set SecurityContextHolder to anonymous SecurityContext
2025-06-24 06:36:35 [http-nio-8080-exec-4] DEBUG o.s.security.web.FilterChainProxy - Securing GET /image?file=1750635278979_%D0%A1%D0%BD%D0%B8%D0%BC%D0%BE%D0%BA%20%D1%8D%D0%BA%D1%80%D0%B0%D0%BD%D0%B0%202025-02-20%20%D0%B2%2015.38.15.png
2025-06-24 06:36:35 [http-nio-8080-exec-4] DEBUG o.s.security.web.FilterChainProxy - Secured GET /image?file=1750635278979_%D0%A1%D0%BD%D0%B8%D0%BC%D0%BE%D0%BA%20%D1%8D%D0%BA%D1%80%D0%B0%D0%BD%D0%B0%202025-02-20%20%D0%B2%2015.38.15.png
2025-06-24 06:36:35 [http-nio-8080-exec-1] DEBUG o.s.s.w.a.AnonymousAuthenticationFilter - Set SecurityContextHolder to anonymous SecurityContext
2025-06-24 06:36:35 [http-nio-8080-exec-4] DEBUG o.s.s.w.a.AnonymousAuthenticationFilter - Set SecurityContextHolder to anonymous SecurityContext
2025-06-24 06:36:37 [http-nio-8080-exec-6] DEBUG o.s.security.web.FilterChainProxy - Securing GET /login
2025-06-24 06:36:37 [http-nio-8080-exec-6] DEBUG o.s.security.web.FilterChainProxy - Secured GET /login
2025-06-24 06:36:37 [http-nio-8080-exec-6] DEBUG o.s.security.web.FilterChainProxy - Securing GET /WEB-INF/views/login.jsp
2025-06-24 06:36:37 [http-nio-8080-exec-6] DEBUG o.s.security.web.FilterChainProxy - Secured GET /WEB-INF/views/login.jsp
2025-06-24 06:36:37 [http-nio-8080-exec-6] DEBUG o.s.s.w.a.AnonymousAuthenticationFilter - Set SecurityContextHolder to anonymous SecurityContext
2025-06-24 06:36:37 [http-nio-8080-exec-8] DEBUG o.s.security.web.FilterChainProxy - Securing GET /styles/normalize.8.0.1.css
2025-06-24 06:36:37 [http-nio-8080-exec-9] DEBUG o.s.security.web.FilterChainProxy - Securing GET /styles/reset.css
2025-06-24 06:36:37 [http-nio-8080-exec-8] DEBUG o.s.security.web.FilterChainProxy - Secured GET /styles/normalize.8.0.1.css
2025-06-24 06:36:37 [http-nio-8080-exec-7] DEBUG o.s.security.web.FilterChainProxy - Securing GET /styles/login.css
2025-06-24 06:36:37 [http-nio-8080-exec-5] DEBUG o.s.security.web.FilterChainProxy - Securing GET /styles/global.css
2025-06-24 06:36:37 [http-nio-8080-exec-3] DEBUG o.s.security.web.FilterChainProxy - Securing GET /styles/header.css
2025-06-24 06:36:37 [http-nio-8080-exec-5] DEBUG o.s.security.web.FilterChainProxy - Secured GET /styles/global.css
2025-06-24 06:36:37 [http-nio-8080-exec-9] DEBUG o.s.security.web.FilterChainProxy - Secured GET /styles/reset.css
2025-06-24 06:36:37 [http-nio-8080-exec-3] DEBUG o.s.security.web.FilterChainProxy - Secured GET /styles/header.css
2025-06-24 06:36:37 [http-nio-8080-exec-7] DEBUG o.s.security.web.FilterChainProxy - Secured GET /styles/login.css
2025-06-24 06:36:37 [http-nio-8080-exec-2] DEBUG o.s.security.web.FilterChainProxy - Securing GET /styles/footer.css
2025-06-24 06:36:37 [http-nio-8080-exec-2] DEBUG o.s.security.web.FilterChainProxy - Secured GET /styles/footer.css
2025-06-24 06:36:37 [http-nio-8080-exec-5] DEBUG o.s.s.w.a.AnonymousAuthenticationFilter - Set SecurityContextHolder to anonymous SecurityContext
2025-06-24 06:36:37 [http-nio-8080-exec-8] DEBUG o.s.s.w.a.AnonymousAuthenticationFilter - Set SecurityContextHolder to anonymous SecurityContext
2025-06-24 06:36:37 [http-nio-8080-exec-2] DEBUG o.s.s.w.a.AnonymousAuthenticationFilter - Set SecurityContextHolder to anonymous SecurityContext
2025-06-24 06:36:37 [http-nio-8080-exec-9] DEBUG o.s.s.w.a.AnonymousAuthenticationFilter - Set SecurityContextHolder to anonymous SecurityContext
2025-06-24 06:36:37 [http-nio-8080-exec-3] DEBUG o.s.s.w.a.AnonymousAuthenticationFilter - Set SecurityContextHolder to anonymous SecurityContext
2025-06-24 06:36:37 [http-nio-8080-exec-7] DEBUG o.s.s.w.a.AnonymousAuthenticationFilter - Set SecurityContextHolder to anonymous SecurityContext
2025-06-24 06:36:42 [http-nio-8080-exec-10] DEBUG o.s.security.web.FilterChainProxy - Securing POST /login
2025-06-24 06:36:42 [http-nio-8080-exec-10] DEBUG o.s.s.a.d.DaoAuthenticationProvider - Authenticated user
2025-06-24 06:36:42 [http-nio-8080-exec-10] DEBUG o.s.s.w.a.s.ChangeSessionIdAuthenticationStrategy - Changed session id from 8D4DD55D8F3B820DC49C1B4FB3805404
2025-06-24 06:36:42 [http-nio-8080-exec-10] DEBUG o.s.s.w.c.CsrfAuthenticationStrategy - Replaced CSRF Token
2025-06-24 06:36:42 [http-nio-8080-exec-10] DEBUG o.s.s.w.c.HttpSessionSecurityContextRepository - Stored SecurityContextImpl [Authentication=UsernamePasswordAuthenticationToken [Principal=org.example.security.CustomUserDetails@3e18fab1, Credentials=[PROTECTED], Authenticated=true, Details=WebAuthenticationDetails [RemoteIpAddress=0:0:0:0:0:0:0:1, SessionId=8D4DD55D8F3B820DC49C1B4FB3805404], Granted Authorities=[ROLE_USER]]] to HttpSession [org.apache.catalina.session.StandardSessionFacade@269bbd3b]
2025-06-24 06:36:42 [http-nio-8080-exec-10] DEBUG o.s.s.w.a.UsernamePasswordAuthenticationFilter - Set SecurityContextHolder to UsernamePasswordAuthenticationToken [Principal=org.example.security.CustomUserDetails@3e18fab1, Credentials=[PROTECTED], Authenticated=true, Details=WebAuthenticationDetails [RemoteIpAddress=0:0:0:0:0:0:0:1, SessionId=8D4DD55D8F3B820DC49C1B4FB3805404], Granted Authorities=[ROLE_USER]]
2025-06-24 06:36:42 [http-nio-8080-exec-10] DEBUG o.s.s.web.DefaultRedirectStrategy - Redirecting to /culinary/
2025-06-24 06:36:42 [http-nio-8080-exec-1] DEBUG o.s.security.web.FilterChainProxy - Securing GET /
2025-06-24 06:36:42 [http-nio-8080-exec-1] DEBUG o.s.security.web.FilterChainProxy - Secured GET /
2025-06-24 06:36:42 [http-nio-8080-exec-1] DEBUG o.s.security.web.FilterChainProxy - Securing GET /WEB-INF/views/mainPage.jsp
2025-06-24 06:36:42 [http-nio-8080-exec-1] DEBUG o.s.security.web.FilterChainProxy - Secured GET /WEB-INF/views/mainPage.jsp
2025-06-24 06:36:42 [http-nio-8080-exec-1] DEBUG o.s.s.w.c.HttpSessionSecurityContextRepository - Retrieved SecurityContextImpl [Authentication=UsernamePasswordAuthenticationToken [Principal=org.example.security.CustomUserDetails@3e18fab1, Credentials=[PROTECTED], Authenticated=true, Details=WebAuthenticationDetails [RemoteIpAddress=0:0:0:0:0:0:0:1, SessionId=8D4DD55D8F3B820DC49C1B4FB3805404], Granted Authorities=[ROLE_USER]]]
2025-06-24 06:36:42 [http-nio-8080-exec-6] DEBUG o.s.security.web.FilterChainProxy - Securing GET /styles/reset.css
2025-06-24 06:36:42 [http-nio-8080-exec-9] DEBUG o.s.security.web.FilterChainProxy - Securing GET /styles/global.css
2025-06-24 06:36:42 [http-nio-8080-exec-4] DEBUG o.s.security.web.FilterChainProxy - Securing GET /styles/normalize.8.0.1.css
2025-06-24 06:36:42 [http-nio-8080-exec-8] DEBUG o.s.security.web.FilterChainProxy - Securing GET /styles/header.css
2025-06-24 06:36:42 [http-nio-8080-exec-5] DEBUG o.s.security.web.FilterChainProxy - Securing GET /styles/mainPage.css
2025-06-24 06:36:42 [http-nio-8080-exec-6] DEBUG o.s.security.web.FilterChainProxy - Secured GET /styles/reset.css
2025-06-24 06:36:42 [http-nio-8080-exec-8] DEBUG o.s.security.web.FilterChainProxy - Secured GET /styles/header.css
2025-06-24 06:36:42 [http-nio-8080-exec-4] DEBUG o.s.security.web.FilterChainProxy - Secured GET /styles/normalize.8.0.1.css
2025-06-24 06:36:42 [http-nio-8080-exec-2] DEBUG o.s.security.web.FilterChainProxy - Securing GET /styles/footer.css
2025-06-24 06:36:42 [http-nio-8080-exec-9] DEBUG o.s.security.web.FilterChainProxy - Secured GET /styles/global.css
2025-06-24 06:36:42 [http-nio-8080-exec-5] DEBUG o.s.security.web.FilterChainProxy - Secured GET /styles/mainPage.css
2025-06-24 06:36:42 [http-nio-8080-exec-2] DEBUG o.s.security.web.FilterChainProxy - Secured GET /styles/footer.css
2025-06-24 06:36:42 [http-nio-8080-exec-8] DEBUG o.s.s.w.c.HttpSessionSecurityContextRepository - Retrieved SecurityContextImpl [Authentication=UsernamePasswordAuthenticationToken [Principal=org.example.security.CustomUserDetails@3e18fab1, Credentials=[PROTECTED], Authenticated=true, Details=WebAuthenticationDetails [RemoteIpAddress=0:0:0:0:0:0:0:1, SessionId=8D4DD55D8F3B820DC49C1B4FB3805404], Granted Authorities=[ROLE_USER]]]
2025-06-24 06:36:42 [http-nio-8080-exec-2] DEBUG o.s.s.w.c.HttpSessionSecurityContextRepository - Retrieved SecurityContextImpl [Authentication=UsernamePasswordAuthenticationToken [Principal=org.example.security.CustomUserDetails@3e18fab1, Credentials=[PROTECTED], Authenticated=true, Details=WebAuthenticationDetails [RemoteIpAddress=0:0:0:0:0:0:0:1, SessionId=8D4DD55D8F3B820DC49C1B4FB3805404], Granted Authorities=[ROLE_USER]]]
2025-06-24 06:36:42 [http-nio-8080-exec-4] DEBUG o.s.s.w.c.HttpSessionSecurityContextRepository - Retrieved SecurityContextImpl [Authentication=UsernamePasswordAuthenticationToken [Principal=org.example.security.CustomUserDetails@3e18fab1, Credentials=[PROTECTED], Authenticated=true, Details=WebAuthenticationDetails [RemoteIpAddress=0:0:0:0:0:0:0:1, SessionId=8D4DD55D8F3B820DC49C1B4FB3805404], Granted Authorities=[ROLE_USER]]]
2025-06-24 06:36:42 [http-nio-8080-exec-9] DEBUG o.s.s.w.c.HttpSessionSecurityContextRepository - Retrieved SecurityContextImpl [Authentication=UsernamePasswordAuthenticationToken [Principal=org.example.security.CustomUserDetails@3e18fab1, Credentials=[PROTECTED], Authenticated=true, Details=WebAuthenticationDetails [RemoteIpAddress=0:0:0:0:0:0:0:1, SessionId=8D4DD55D8F3B820DC49C1B4FB3805404], Granted Authorities=[ROLE_USER]]]
2025-06-24 06:36:42 [http-nio-8080-exec-5] DEBUG o.s.s.w.c.HttpSessionSecurityContextRepository - Retrieved SecurityContextImpl [Authentication=UsernamePasswordAuthenticationToken [Principal=org.example.security.CustomUserDetails@3e18fab1, Credentials=[PROTECTED], Authenticated=true, Details=WebAuthenticationDetails [RemoteIpAddress=0:0:0:0:0:0:0:1, SessionId=8D4DD55D8F3B820DC49C1B4FB3805404], Granted Authorities=[ROLE_USER]]]
2025-06-24 06:36:42 [http-nio-8080-exec-6] DEBUG o.s.s.w.c.HttpSessionSecurityContextRepository - Retrieved SecurityContextImpl [Authentication=UsernamePasswordAuthenticationToken [Principal=org.example.security.CustomUserDetails@3e18fab1, Credentials=[PROTECTED], Authenticated=true, Details=WebAuthenticationDetails [RemoteIpAddress=0:0:0:0:0:0:0:1, SessionId=8D4DD55D8F3B820DC49C1B4FB3805404], Granted Authorities=[ROLE_USER]]]
2025-06-24 06:36:42 [http-nio-8080-exec-3] DEBUG o.s.security.web.FilterChainProxy - Securing GET /image?file=1750635278979_%D0%A1%D0%BD%D0%B8%D0%BC%D0%BE%D0%BA%20%D1%8D%D0%BA%D1%80%D0%B0%D0%BD%D0%B0%202025-02-20%20%D0%B2%2015.38.15.png
2025-06-24 06:36:42 [http-nio-8080-exec-3] DEBUG o.s.security.web.FilterChainProxy - Secured GET /image?file=1750635278979_%D0%A1%D0%BD%D0%B8%D0%BC%D0%BE%D0%BA%20%D1%8D%D0%BA%D1%80%D0%B0%D0%BD%D0%B0%202025-02-20%20%D0%B2%2015.38.15.png
2025-06-24 06:36:42 [http-nio-8080-exec-7] DEBUG o.s.security.web.FilterChainProxy - Securing GET /image?file=1750635976463_%D0%A1%D0%BD%D0%B8%D0%BC%D0%BE%D0%BA%20%D1%8D%D0%BA%D1%80%D0%B0%D0%BD%D0%B0%202025-03-16%20%D0%B2%2011.03.50.png
2025-06-24 06:36:42 [http-nio-8080-exec-7] DEBUG o.s.security.web.FilterChainProxy - Secured GET /image?file=1750635976463_%D0%A1%D0%BD%D0%B8%D0%BC%D0%BE%D0%BA%20%D1%8D%D0%BA%D1%80%D0%B0%D0%BD%D0%B0%202025-03-16%20%D0%B2%2011.03.50.png
2025-06-24 06:36:42 [http-nio-8080-exec-10] DEBUG o.s.security.web.FilterChainProxy - Securing GET /image?file=1750687597303_%D0%A1%D0%BD%D0%B8%D0%BC%D0%BE%D0%BA%20%D1%8D%D0%BA%D1%80%D0%B0%D0%BD%D0%B0%202025-03-16%20%D0%B2%2019.33.55.png
2025-06-24 06:36:42 [http-nio-8080-exec-10] DEBUG o.s.security.web.FilterChainProxy - Secured GET /image?file=1750687597303_%D0%A1%D0%BD%D0%B8%D0%BC%D0%BE%D0%BA%20%D1%8D%D0%BA%D1%80%D0%B0%D0%BD%D0%B0%202025-03-16%20%D0%B2%2019.33.55.png
2025-06-24 06:36:42 [http-nio-8080-exec-3] DEBUG o.s.s.w.c.HttpSessionSecurityContextRepository - Retrieved SecurityContextImpl [Authentication=UsernamePasswordAuthenticationToken [Principal=org.example.security.CustomUserDetails@3e18fab1, Credentials=[PROTECTED], Authenticated=true, Details=WebAuthenticationDetails [RemoteIpAddress=0:0:0:0:0:0:0:1, SessionId=8D4DD55D8F3B820DC49C1B4FB3805404], Granted Authorities=[ROLE_USER]]]
2025-06-24 06:36:42 [http-nio-8080-exec-10] DEBUG o.s.s.w.c.HttpSessionSecurityContextRepository - Retrieved SecurityContextImpl [Authentication=UsernamePasswordAuthenticationToken [Principal=org.example.security.CustomUserDetails@3e18fab1, Credentials=[PROTECTED], Authenticated=true, Details=WebAuthenticationDetails [RemoteIpAddress=0:0:0:0:0:0:0:1, SessionId=8D4DD55D8F3B820DC49C1B4FB3805404], Granted Authorities=[ROLE_USER]]]
2025-06-24 06:36:42 [http-nio-8080-exec-7] DEBUG o.s.s.w.c.HttpSessionSecurityContextRepository - Retrieved SecurityContextImpl [Authentication=UsernamePasswordAuthenticationToken [Principal=org.example.security.CustomUserDetails@3e18fab1, Credentials=[PROTECTED], Authenticated=true, Details=WebAuthenticationDetails [RemoteIpAddress=0:0:0:0:0:0:0:1, SessionId=8D4DD55D8F3B820DC49C1B4FB3805404], Granted Authorities=[ROLE_USER]]]
2025-06-24 06:36:43 [http-nio-8080-exec-1] DEBUG o.s.security.web.FilterChainProxy - Securing GET /recipe/4
2025-06-24 06:36:43 [http-nio-8080-exec-1] DEBUG o.s.security.web.FilterChainProxy - Secured GET /recipe/4
2025-06-24 06:36:43 [http-nio-8080-exec-1] DEBUG o.s.s.w.c.HttpSessionSecurityContextRepository - Retrieved SecurityContextImpl [Authentication=UsernamePasswordAuthenticationToken [Principal=org.example.security.CustomUserDetails@3e18fab1, Credentials=[PROTECTED], Authenticated=true, Details=WebAuthenticationDetails [RemoteIpAddress=0:0:0:0:0:0:0:1, SessionId=8D4DD55D8F3B820DC49C1B4FB3805404], Granted Authorities=[ROLE_USER]]]
2025-06-24 06:36:44 [http-nio-8080-exec-1] DEBUG o.s.security.web.FilterChainProxy - Securing GET /WEB-INF/views/showRecipe.jsp
2025-06-24 06:36:44 [http-nio-8080-exec-1] DEBUG o.s.security.web.FilterChainProxy - Secured GET /WEB-INF/views/showRecipe.jsp
2025-06-24 06:36:44 [http-nio-8080-exec-8] DEBUG o.s.security.web.FilterChainProxy - Securing GET /styles/normalize.8.0.1.css
2025-06-24 06:36:44 [http-nio-8080-exec-8] DEBUG o.s.security.web.FilterChainProxy - Secured GET /styles/normalize.8.0.1.css
2025-06-24 06:36:44 [http-nio-8080-exec-9] DEBUG o.s.security.web.FilterChainProxy - Securing GET /styles/global.css
2025-06-24 06:36:44 [http-nio-8080-exec-4] DEBUG o.s.security.web.FilterChainProxy - Securing GET /styles/reset.css
2025-06-24 06:36:44 [http-nio-8080-exec-9] DEBUG o.s.security.web.FilterChainProxy - Secured GET /styles/global.css
2025-06-24 06:36:44 [http-nio-8080-exec-4] DEBUG o.s.security.web.FilterChainProxy - Secured GET /styles/reset.css
2025-06-24 06:36:44 [http-nio-8080-exec-6] DEBUG o.s.security.web.FilterChainProxy - Securing GET /styles/header.css
2025-06-24 06:36:44 [http-nio-8080-exec-8] DEBUG o.s.s.w.c.HttpSessionSecurityContextRepository - Retrieved SecurityContextImpl [Authentication=UsernamePasswordAuthenticationToken [Principal=org.example.security.CustomUserDetails@3e18fab1, Credentials=[PROTECTED], Authenticated=true, Details=WebAuthenticationDetails [RemoteIpAddress=0:0:0:0:0:0:0:1, SessionId=8D4DD55D8F3B820DC49C1B4FB3805404], Granted Authorities=[ROLE_USER]]]
2025-06-24 06:36:44 [http-nio-8080-exec-6] DEBUG o.s.security.web.FilterChainProxy - Secured GET /styles/header.css
2025-06-24 06:36:44 [http-nio-8080-exec-2] DEBUG o.s.security.web.FilterChainProxy - Securing GET /styles/footer.css
2025-06-24 06:36:44 [http-nio-8080-exec-2] DEBUG o.s.security.web.FilterChainProxy - Secured GET /styles/footer.css
2025-06-24 06:36:44 [http-nio-8080-exec-5] DEBUG o.s.security.web.FilterChainProxy - Securing GET /styles/showRecipe.css
2025-06-24 06:36:44 [http-nio-8080-exec-5] DEBUG o.s.security.web.FilterChainProxy - Secured GET /styles/showRecipe.css
2025-06-24 06:36:44 [http-nio-8080-exec-4] DEBUG o.s.s.w.c.HttpSessionSecurityContextRepository - Retrieved SecurityContextImpl [Authentication=UsernamePasswordAuthenticationToken [Principal=org.example.security.CustomUserDetails@3e18fab1, Credentials=[PROTECTED], Authenticated=true, Details=WebAuthenticationDetails [RemoteIpAddress=0:0:0:0:0:0:0:1, SessionId=8D4DD55D8F3B820DC49C1B4FB3805404], Granted Authorities=[ROLE_USER]]]
2025-06-24 06:36:44 [http-nio-8080-exec-6] DEBUG o.s.s.w.c.HttpSessionSecurityContextRepository - Retrieved SecurityContextImpl [Authentication=UsernamePasswordAuthenticationToken [Principal=org.example.security.CustomUserDetails@3e18fab1, Credentials=[PROTECTED], Authenticated=true, Details=WebAuthenticationDetails [RemoteIpAddress=0:0:0:0:0:0:0:1, SessionId=8D4DD55D8F3B820DC49C1B4FB3805404], Granted Authorities=[ROLE_USER]]]
2025-06-24 06:36:44 [http-nio-8080-exec-9] DEBUG o.s.s.w.c.HttpSessionSecurityContextRepository - Retrieved SecurityContextImpl [Authentication=UsernamePasswordAuthenticationToken [Principal=org.example.security.CustomUserDetails@3e18fab1, Credentials=[PROTECTED], Authenticated=true, Details=WebAuthenticationDetails [RemoteIpAddress=0:0:0:0:0:0:0:1, SessionId=8D4DD55D8F3B820DC49C1B4FB3805404], Granted Authorities=[ROLE_USER]]]
2025-06-24 06:36:44 [http-nio-8080-exec-3] DEBUG o.s.security.web.FilterChainProxy - Securing GET /image?file=1750635278979_%D0%A1%D0%BD%D0%B8%D0%BC%D0%BE%D0%BA%20%D1%8D%D0%BA%D1%80%D0%B0%D0%BD%D0%B0%202025-02-20%20%D0%B2%2015.38.15.png
2025-06-24 06:36:44 [http-nio-8080-exec-5] DEBUG o.s.s.w.c.HttpSessionSecurityContextRepository - Retrieved SecurityContextImpl [Authentication=UsernamePasswordAuthenticationToken [Principal=org.example.security.CustomUserDetails@3e18fab1, Credentials=[PROTECTED], Authenticated=true, Details=WebAuthenticationDetails [RemoteIpAddress=0:0:0:0:0:0:0:1, SessionId=8D4DD55D8F3B820DC49C1B4FB3805404], Granted Authorities=[ROLE_USER]]]
2025-06-24 06:36:44 [http-nio-8080-exec-3] DEBUG o.s.security.web.FilterChainProxy - Secured GET /image?file=1750635278979_%D0%A1%D0%BD%D0%B8%D0%BC%D0%BE%D0%BA%20%D1%8D%D0%BA%D1%80%D0%B0%D0%BD%D0%B0%202025-02-20%20%D0%B2%2015.38.15.png
2025-06-24 06:36:44 [http-nio-8080-exec-2] DEBUG o.s.s.w.c.HttpSessionSecurityContextRepository - Retrieved SecurityContextImpl [Authentication=UsernamePasswordAuthenticationToken [Principal=org.example.security.CustomUserDetails@3e18fab1, Credentials=[PROTECTED], Authenticated=true, Details=WebAuthenticationDetails [RemoteIpAddress=0:0:0:0:0:0:0:1, SessionId=8D4DD55D8F3B820DC49C1B4FB3805404], Granted Authorities=[ROLE_USER]]]
2025-06-24 06:36:44 [http-nio-8080-exec-3] DEBUG o.s.s.w.c.HttpSessionSecurityContextRepository - Retrieved SecurityContextImpl [Authentication=UsernamePasswordAuthenticationToken [Principal=org.example.security.CustomUserDetails@3e18fab1, Credentials=[PROTECTED], Authenticated=true, Details=WebAuthenticationDetails [RemoteIpAddress=0:0:0:0:0:0:0:1, SessionId=8D4DD55D8F3B820DC49C1B4FB3805404], Granted Authorities=[ROLE_USER]]]
2025-06-24 06:36:45 [http-nio-8080-exec-10] DEBUG o.s.security.web.FilterChainProxy - Securing POST /recipe/4/pdf
2025-06-24 06:36:45 [http-nio-8080-exec-10] DEBUG o.s.security.web.FilterChainProxy - Secured POST /recipe/4/pdf
2025-06-24 06:36:45 [http-nio-8080-exec-10] ERROR o.e.e.GlobalExceptionHandler - Unhandled exception: I/O error on POST request for "http://localhost:5050/generate-pdf": Connection refused
org.springframework.web.client.ResourceAccessException: I/O error on POST request for "http://localhost:5050/generate-pdf": Connection refused
	at org.springframework.web.client.RestTemplate.createResourceAccessException(RestTemplate.java:915)
	at org.springframework.web.client.RestTemplate.doExecute(RestTemplate.java:895)
	at org.springframework.web.client.RestTemplate.execute(RestTemplate.java:790)
	at org.springframework.web.client.RestTemplate.postForObject(RestTemplate.java:507)
	at org.example.controllers.ShowRecipeController.generatePdf(ShowRecipeController.java:116)
	at java.base/jdk.internal.reflect.DirectMethodHandleAccessor.invoke(DirectMethodHandleAccessor.java:103)
	at java.base/java.lang.reflect.Method.invoke(Method.java:580)
	at org.springframework.web.method.support.InvocableHandlerMethod.doInvoke(InvocableHandlerMethod.java:255)
	at org.springframework.web.method.support.InvocableHandlerMethod.invokeForRequest(InvocableHandlerMethod.java:188)
	at org.springframework.web.servlet.mvc.method.annotation.ServletInvocableHandlerMethod.invokeAndHandle(ServletInvocableHandlerMethod.java:118)
	at org.springframework.web.servlet.mvc.method.annotation.RequestMappingHandlerAdapter.invokeHandlerMethod(RequestMappingHandlerAdapter.java:926)
	at org.springframework.web.servlet.mvc.method.annotation.RequestMappingHandlerAdapter.handleInternal(RequestMappingHandlerAdapter.java:831)
	at org.springframework.web.servlet.mvc.method.AbstractHandlerMethodAdapter.handle(AbstractHandlerMethodAdapter.java:87)
	at org.springframework.web.servlet.DispatcherServlet.doDispatch(DispatcherServlet.java:1089)
	at org.springframework.web.servlet.DispatcherServlet.doService(DispatcherServlet.java:979)
	at org.springframework.web.servlet.FrameworkServlet.processRequest(FrameworkServlet.java:1014)
	at org.springframework.web.servlet.FrameworkServlet.doPost(FrameworkServlet.java:914)
	at jakarta.servlet.http.HttpServlet.service(HttpServlet.java:590)
	at org.springframework.web.servlet.FrameworkServlet.service(FrameworkServlet.java:885)
	at jakarta.servlet.http.HttpServlet.service(HttpServlet.java:658)
	at org.apache.catalina.core.ApplicationFilterChain.internalDoFilter(ApplicationFilterChain.java:195)
	at org.apache.catalina.core.ApplicationFilterChain.doFilter(ApplicationFilterChain.java:140)
	at org.apache.tomcat.websocket.server.WsFilter.doFilter(WsFilter.java:51)
	at org.apache.catalina.core.ApplicationFilterChain.internalDoFilter(ApplicationFilterChain.java:164)
	at org.apache.catalina.core.ApplicationFilterChain.doFilter(ApplicationFilterChain.java:140)
	at org.springframework.web.filter.CompositeFilter$VirtualFilterChain.doFilter(CompositeFilter.java:108)
	at org.springframework.security.web.FilterChainProxy.lambda$doFilterInternal$3(FilterChainProxy.java:231)
	at org.springframework.security.web.FilterChainProxy$VirtualFilterChain.doFilter(FilterChainProxy.java:365)
	at org.springframework.security.web.access.intercept.AuthorizationFilter.doFilter(AuthorizationFilter.java:100)
	at org.springframework.security.web.FilterChainProxy$VirtualFilterChain.doFilter(FilterChainProxy.java:374)
	at org.springframework.security.web.access.ExceptionTranslationFilter.doFilter(ExceptionTranslationFilter.java:126)
	at org.springframework.security.web.access.ExceptionTranslationFilter.doFilter(ExceptionTranslationFilter.java:120)
	at org.springframework.security.web.FilterChainProxy$VirtualFilterChain.doFilter(FilterChainProxy.java:374)
	at org.springframework.security.web.authentication.AnonymousAuthenticationFilter.doFilter(AnonymousAuthenticationFilter.java:100)
	at org.springframework.security.web.FilterChainProxy$VirtualFilterChain.doFilter(FilterChainProxy.java:374)
	at org.springframework.security.web.servletapi.SecurityContextHolderAwareRequestFilter.doFilter(SecurityContextHolderAwareRequestFilter.java:179)
	at org.springframework.security.web.FilterChainProxy$VirtualFilterChain.doFilter(FilterChainProxy.java:374)
	at org.springframework.security.web.savedrequest.RequestCacheAwareFilter.doFilter(RequestCacheAwareFilter.java:63)
	at org.springframework.security.web.FilterChainProxy$VirtualFilterChain.doFilter(FilterChainProxy.java:374)
	at org.springframework.security.web.authentication.AbstractAuthenticationProcessingFilter.doFilter(AbstractAuthenticationProcessingFilter.java:227)
	at org.springframework.security.web.authentication.AbstractAuthenticationProcessingFilter.doFilter(AbstractAuthenticationProcessingFilter.java:221)
	at org.springframework.security.web.FilterChainProxy$VirtualFilterChain.doFilter(FilterChainProxy.java:374)
	at org.springframework.security.web.authentication.logout.LogoutFilter.doFilter(LogoutFilter.java:107)
	at org.springframework.security.web.authentication.logout.LogoutFilter.doFilter(LogoutFilter.java:93)
	at org.springframework.security.web.FilterChainProxy$VirtualFilterChain.doFilter(FilterChainProxy.java:374)
	at org.springframework.security.web.csrf.CsrfFilter.doFilterInternal(CsrfFilter.java:131)
	at org.springframework.web.filter.OncePerRequestFilter.doFilter(OncePerRequestFilter.java:116)
	at org.springframework.security.web.FilterChainProxy$VirtualFilterChain.doFilter(FilterChainProxy.java:374)
	at org.springframework.web.filter.CorsFilter.doFilterInternal(CorsFilter.java:91)
	at org.springframework.web.filter.OncePerRequestFilter.doFilter(OncePerRequestFilter.java:116)
	at org.springframework.security.web.FilterChainProxy$VirtualFilterChain.doFilter(FilterChainProxy.java:374)
	at org.springframework.security.web.header.HeaderWriterFilter.doHeadersAfter(HeaderWriterFilter.java:90)
	at org.springframework.security.web.header.HeaderWriterFilter.doFilterInternal(HeaderWriterFilter.java:75)
	at org.springframework.web.filter.OncePerRequestFilter.doFilter(OncePerRequestFilter.java:116)
	at org.springframework.security.web.FilterChainProxy$VirtualFilterChain.doFilter(FilterChainProxy.java:374)
	at org.springframework.security.web.context.SecurityContextHolderFilter.doFilter(SecurityContextHolderFilter.java:82)
	at org.springframework.security.web.context.SecurityContextHolderFilter.doFilter(SecurityContextHolderFilter.java:69)
	at org.springframework.security.web.FilterChainProxy$VirtualFilterChain.doFilter(FilterChainProxy.java:374)
	at org.springframework.security.web.context.request.async.WebAsyncManagerIntegrationFilter.doFilterInternal(WebAsyncManagerIntegrationFilter.java:62)
	at org.springframework.web.filter.OncePerRequestFilter.doFilter(OncePerRequestFilter.java:116)
	at org.springframework.security.web.FilterChainProxy$VirtualFilterChain.doFilter(FilterChainProxy.java:374)
	at org.springframework.security.web.session.DisableEncodeUrlFilter.doFilterInternal(DisableEncodeUrlFilter.java:42)
	at org.springframework.web.filter.OncePerRequestFilter.doFilter(OncePerRequestFilter.java:116)
	at org.springframework.security.web.FilterChainProxy$VirtualFilterChain.doFilter(FilterChainProxy.java:374)
	at org.springframework.security.web.FilterChainProxy.doFilterInternal(FilterChainProxy.java:233)
	at org.springframework.security.web.FilterChainProxy.doFilter(FilterChainProxy.java:191)
	at org.springframework.web.filter.CompositeFilter$VirtualFilterChain.doFilter(CompositeFilter.java:113)
	at org.springframework.web.servlet.handler.HandlerMappingIntrospector.lambda$createCacheFilter$3(HandlerMappingIntrospector.java:195)
	at org.springframework.web.filter.CompositeFilter$VirtualFilterChain.doFilter(CompositeFilter.java:113)
	at org.springframework.web.filter.CompositeFilter.doFilter(CompositeFilter.java:74)
	at org.springframework.security.config.annotation.web.configuration.WebMvcSecurityConfiguration$CompositeFilterChainProxy.doFilter(WebMvcSecurityConfiguration.java:230)
	at org.springframework.web.filter.DelegatingFilterProxy.invokeDelegate(DelegatingFilterProxy.java:352)
	at org.springframework.web.filter.DelegatingFilterProxy.doFilter(DelegatingFilterProxy.java:268)
	at org.apache.catalina.core.ApplicationFilterChain.internalDoFilter(ApplicationFilterChain.java:164)
	at org.apache.catalina.core.ApplicationFilterChain.doFilter(ApplicationFilterChain.java:140)
	at org.springframework.web.filter.RequestContextFilter.doFilterInternal(RequestContextFilter.java:100)
	at org.springframework.web.filter.OncePerRequestFilter.doFilter(OncePerRequestFilter.java:116)
	at org.apache.catalina.core.ApplicationFilterChain.internalDoFilter(ApplicationFilterChain.java:164)
	at org.apache.catalina.core.ApplicationFilterChain.doFilter(ApplicationFilterChain.java:140)
	at org.springframework.web.filter.FormContentFilter.doFilterInternal(FormContentFilter.java:93)
	at org.springframework.web.filter.OncePerRequestFilter.doFilter(OncePerRequestFilter.java:116)
	at org.apache.catalina.core.ApplicationFilterChain.internalDoFilter(ApplicationFilterChain.java:164)
	at org.apache.catalina.core.ApplicationFilterChain.doFilter(ApplicationFilterChain.java:140)
	at org.springframework.web.filter.CharacterEncodingFilter.doFilterInternal(CharacterEncodingFilter.java:201)
	at org.springframework.web.filter.OncePerRequestFilter.doFilter(OncePerRequestFilter.java:116)
	at org.apache.catalina.core.ApplicationFilterChain.internalDoFilter(ApplicationFilterChain.java:164)
	at org.apache.catalina.core.ApplicationFilterChain.doFilter(ApplicationFilterChain.java:140)
	at org.apache.catalina.core.StandardWrapperValve.invoke(StandardWrapperValve.java:167)
	at org.apache.catalina.core.StandardContextValve.invoke(StandardContextValve.java:90)
	at org.apache.catalina.authenticator.AuthenticatorBase.invoke(AuthenticatorBase.java:482)
	at org.apache.catalina.core.StandardHostValve.invoke(StandardHostValve.java:115)
	at org.apache.catalina.valves.ErrorReportValve.invoke(ErrorReportValve.java:93)
	at org.apache.catalina.core.StandardEngineValve.invoke(StandardEngineValve.java:74)
	at org.apache.catalina.connector.CoyoteAdapter.service(CoyoteAdapter.java:344)
	at org.apache.coyote.http11.Http11Processor.service(Http11Processor.java:389)
	at org.apache.coyote.AbstractProcessorLight.process(AbstractProcessorLight.java:63)
	at org.apache.coyote.AbstractProtocol$ConnectionHandler.process(AbstractProtocol.java:896)
	at org.apache.tomcat.util.net.NioEndpoint$SocketProcessor.doRun(NioEndpoint.java:1741)
	at org.apache.tomcat.util.net.SocketProcessorBase.run(SocketProcessorBase.java:52)
	at org.apache.tomcat.util.threads.ThreadPoolExecutor.runWorker(ThreadPoolExecutor.java:1190)
	at org.apache.tomcat.util.threads.ThreadPoolExecutor$Worker.run(ThreadPoolExecutor.java:659)
	at org.apache.tomcat.util.threads.TaskThread$WrappingRunnable.run(TaskThread.java:63)
	at java.base/java.lang.Thread.run(Thread.java:1583)
Caused by: java.net.ConnectException: Connection refused
	at java.base/sun.nio.ch.Net.connect0(Native Method)
	at java.base/sun.nio.ch.Net.connect(Net.java:589)
	at java.base/sun.nio.ch.Net.connect(Net.java:578)
	at java.base/sun.nio.ch.NioSocketImpl.connect(NioSocketImpl.java:583)
	at java.base/java.net.Socket.connect(Socket.java:751)
	at java.base/java.net.Socket.connect(Socket.java:686)
	at java.base/sun.net.NetworkClient.doConnect(NetworkClient.java:183)
	at java.base/sun.net.www.http.HttpClient.openServer(HttpClient.java:531)
	at java.base/sun.net.www.http.HttpClient.openServer(HttpClient.java:636)
	at java.base/sun.net.www.http.HttpClient.<init>(HttpClient.java:280)
	at java.base/sun.net.www.http.HttpClient.New(HttpClient.java:386)
	at java.base/sun.net.www.http.HttpClient.New(HttpClient.java:408)
	at java.base/sun.net.www.protocol.http.HttpURLConnection.getNewHttpClient(HttpURLConnection.java:1319)
	at java.base/sun.net.www.protocol.http.HttpURLConnection.plainConnect0(HttpURLConnection.java:1252)
	at java.base/sun.net.www.protocol.http.HttpURLConnection.plainConnect(HttpURLConnection.java:1138)
	at java.base/sun.net.www.protocol.http.HttpURLConnection.connect(HttpURLConnection.java:1067)
	at org.springframework.http.client.SimpleClientHttpRequest.executeInternal(SimpleClientHttpRequest.java:79)
	at org.springframework.http.client.AbstractStreamingClientHttpRequest.executeInternal(AbstractStreamingClientHttpRequest.java:70)
	at org.springframework.http.client.AbstractClientHttpRequest.execute(AbstractClientHttpRequest.java:66)
	at org.springframework.web.client.RestTemplate.doExecute(RestTemplate.java:889)
	... 101 common frames omitted
2025-06-24 06:36:45 [http-nio-8080-exec-10] WARN  o.s.w.s.m.m.a.ExceptionHandlerExceptionResolver - Resolved [org.springframework.web.client.ResourceAccessException: I/O error on POST request for "http://localhost:5050/generate-pdf": Connection refused]
2025-06-24 06:36:45 [http-nio-8080-exec-10] DEBUG o.s.s.w.c.HttpSessionSecurityContextRepository - Retrieved SecurityContextImpl [Authentication=UsernamePasswordAuthenticationToken [Principal=org.example.security.CustomUserDetails@3e18fab1, Credentials=[PROTECTED], Authenticated=true, Details=WebAuthenticationDetails [RemoteIpAddress=0:0:0:0:0:0:0:1, SessionId=8D4DD55D8F3B820DC49C1B4FB3805404], Granted Authorities=[ROLE_USER]]]
2025-06-24 06:37:02 [SpringApplicationShutdownHook] INFO  com.zaxxer.hikari.HikariDataSource - HikariPool-1 - Shutdown initiated...
2025-06-24 06:37:02 [SpringApplicationShutdownHook] INFO  com.zaxxer.hikari.HikariDataSource - HikariPool-1 - Shutdown completed.
2025-06-24 07:07:17 [restartedMain] INFO  o.e.CulinaryExchangeApplication - Starting CulinaryExchangeApplication using Java 21.0.7 with PID 72260 (/Users/pro/IdeaProjects/culinaryExchangeS2/target/classes started by pro in /Users/pro/IdeaProjects/culinaryExchangeS2)
2025-06-24 07:07:17 [restartedMain] DEBUG o.e.CulinaryExchangeApplication - Running with Spring Boot v3.3.0, Spring v6.1.8
2025-06-24 07:07:17 [restartedMain] INFO  o.e.CulinaryExchangeApplication - No active profile set, falling back to 1 default profile: "default"
2025-06-24 07:07:17 [restartedMain] INFO  o.a.catalina.core.StandardService - Starting service [Tomcat]
2025-06-24 07:07:17 [restartedMain] INFO  o.a.catalina.core.StandardEngine - Starting Servlet engine: [Apache Tomcat/10.1.24]
2025-06-24 07:07:17 [restartedMain] INFO  o.apache.jasper.servlet.TldScanner - At least one JAR was scanned for TLDs yet contained no TLDs. Enable debug logging for this logger for a complete list of JARs that were scanned but no TLDs were found in them. Skipping unneeded JARs during scanning can improve startup time and JSP compilation time.
2025-06-24 07:07:17 [restartedMain] INFO  o.a.c.c.C.[.[localhost].[/culinary] - Initializing Spring embedded WebApplicationContext
2025-06-24 07:07:17 [restartedMain] WARN  o.a.c.c.C.[.[localhost].[/culinary] - Cannot deserialize session attribute [SPRING_SECURITY_CONTEXT] for session [3D160230E3BF3AF51808EE191F9D5D6D]
2025-06-24 07:07:18 [restartedMain] INFO  com.zaxxer.hikari.HikariDataSource - HikariPool-1 - Starting...
2025-06-24 07:07:18 [restartedMain] INFO  com.zaxxer.hikari.pool.HikariPool - HikariPool-1 - Added connection org.postgresql.jdbc.PgConnection@4ed96f1d
2025-06-24 07:07:18 [restartedMain] INFO  com.zaxxer.hikari.HikariDataSource - HikariPool-1 - Start completed.
2025-06-24 07:07:18 [restartedMain] INFO  org.flywaydb.core.FlywayExecutor - Database: jdbc:postgresql://localhost:5432/culinaryExchangeS2 (PostgreSQL 17.1)
2025-06-24 07:07:18 [restartedMain] WARN  o.f.c.i.database.base.Database - Flyway upgrade recommended: PostgreSQL 17.1 is newer than this version of Flyway and support has not been tested. The latest supported version of PostgreSQL is 16.
2025-06-24 07:07:18 [restartedMain] INFO  o.f.core.internal.command.DbValidate - Successfully validated 1 migration (execution time 00:00.011s)
2025-06-24 07:07:18 [restartedMain] INFO  o.f.core.internal.command.DbMigrate - Current version of schema "public": 1
2025-06-24 07:07:18 [restartedMain] INFO  o.f.core.internal.command.DbMigrate - Schema "public" is up to date. No migration necessary.
2025-06-24 07:07:18 [restartedMain] INFO  o.h.jpa.internal.util.LogHelper - HHH000204: Processing PersistenceUnitInfo [name: default]
2025-06-24 07:07:18 [restartedMain] INFO  org.hibernate.Version - HHH000412: Hibernate ORM core version 6.5.2.Final
2025-06-24 07:07:18 [restartedMain] INFO  o.h.c.i.RegionFactoryInitiator - HHH000026: Second-level cache disabled
2025-06-24 07:07:18 [restartedMain] WARN  org.hibernate.orm.deprecation - HHH90000025: PostgreSQLDialect does not need to be specified explicitly using 'hibernate.dialect' (remove the property setting and it will be selected by default)
2025-06-24 07:07:18 [restartedMain] INFO  o.h.e.t.j.p.i.JtaPlatformInitiator - HHH000489: No JTA platform available (set 'hibernate.transaction.jta.platform' to enable JTA platform integration)
2025-06-24 07:07:19 [restartedMain] WARN  o.s.b.a.o.j.JpaBaseConfiguration$JpaWebConfiguration - spring.jpa.open-in-view is enabled by default. Therefore, database queries may be performed during view rendering. Explicitly configure spring.jpa.open-in-view to disable this warning
2025-06-24 07:07:19 [restartedMain] INFO  o.s.s.c.a.a.c.InitializeUserDetailsBeanManagerConfigurer$InitializeUserDetailsManagerConfigurer - Global AuthenticationManager configured with UserDetailsService bean with name customUserDetailsService
2025-06-24 07:07:19 [restartedMain] INFO  o.s.s.web.DefaultSecurityFilterChain - Will secure any request with [org.springframework.security.web.session.DisableEncodeUrlFilter@585d0e9a, org.springframework.security.web.context.request.async.WebAsyncManagerIntegrationFilter@485d7f39, org.springframework.security.web.context.SecurityContextHolderFilter@6f1bc3fe, org.springframework.security.web.header.HeaderWriterFilter@66480cc3, org.springframework.web.filter.CorsFilter@213dcfaa, org.springframework.security.web.csrf.CsrfFilter@a0c70a8, org.springframework.security.web.authentication.logout.LogoutFilter@2d1148e0, org.springframework.security.web.authentication.UsernamePasswordAuthenticationFilter@2fa2ca41, org.springframework.security.web.savedrequest.RequestCacheAwareFilter@510e6277, org.springframework.security.web.servletapi.SecurityContextHolderAwareRequestFilter@541c7943, org.springframework.security.web.authentication.AnonymousAuthenticationFilter@203640e8, org.springframework.security.web.access.ExceptionTranslationFilter@7207605b, org.springframework.security.web.access.intercept.AuthorizationFilter@50079902]
2025-06-24 07:07:19 [restartedMain] INFO  o.e.CulinaryExchangeApplication - Started CulinaryExchangeApplication in 2.189 seconds (process running for 2.43)
2025-06-24 07:07:27 [http-nio-8080-exec-1] INFO  o.a.c.c.C.[.[localhost].[/culinary] - Initializing Spring DispatcherServlet 'dispatcherServlet'
2025-06-24 07:07:27 [http-nio-8080-exec-1] DEBUG o.s.security.web.FilterChainProxy - Securing GET /recipe/4
2025-06-24 07:07:27 [http-nio-8080-exec-1] DEBUG o.s.security.web.FilterChainProxy - Secured GET /recipe/4
2025-06-24 07:07:27 [http-nio-8080-exec-1] DEBUG o.s.s.w.a.AnonymousAuthenticationFilter - Set SecurityContextHolder to anonymous SecurityContext
2025-06-24 07:07:27 [http-nio-8080-exec-1] DEBUG o.s.security.web.FilterChainProxy - Securing GET /WEB-INF/views/showRecipe.jsp
2025-06-24 07:07:27 [http-nio-8080-exec-1] DEBUG o.s.security.web.FilterChainProxy - Secured GET /WEB-INF/views/showRecipe.jsp
2025-06-24 07:07:27 [http-nio-8080-exec-5] DEBUG o.s.security.web.FilterChainProxy - Securing GET /styles/header.css
2025-06-24 07:07:27 [http-nio-8080-exec-2] DEBUG o.s.security.web.FilterChainProxy - Securing GET /styles/normalize.8.0.1.css
2025-06-24 07:07:27 [http-nio-8080-exec-3] DEBUG o.s.security.web.FilterChainProxy - Securing GET /styles/reset.css
2025-06-24 07:07:27 [http-nio-8080-exec-5] DEBUG o.s.security.web.FilterChainProxy - Secured GET /styles/header.css
2025-06-24 07:07:27 [http-nio-8080-exec-3] DEBUG o.s.security.web.FilterChainProxy - Secured GET /styles/reset.css
2025-06-24 07:07:27 [http-nio-8080-exec-6] DEBUG o.s.security.web.FilterChainProxy - Securing GET /styles/global.css
2025-06-24 07:07:27 [http-nio-8080-exec-6] DEBUG o.s.security.web.FilterChainProxy - Secured GET /styles/global.css
2025-06-24 07:07:27 [http-nio-8080-exec-2] DEBUG o.s.security.web.FilterChainProxy - Secured GET /styles/normalize.8.0.1.css
2025-06-24 07:07:27 [http-nio-8080-exec-7] DEBUG o.s.security.web.FilterChainProxy - Securing GET /styles/footer.css
2025-06-24 07:07:27 [http-nio-8080-exec-7] DEBUG o.s.security.web.FilterChainProxy - Secured GET /styles/footer.css
2025-06-24 07:07:27 [http-nio-8080-exec-4] DEBUG o.s.security.web.FilterChainProxy - Securing GET /styles/showRecipe.css
2025-06-24 07:07:27 [http-nio-8080-exec-4] DEBUG o.s.security.web.FilterChainProxy - Secured GET /styles/showRecipe.css
2025-06-24 07:07:27 [http-nio-8080-exec-4] DEBUG o.s.s.w.a.AnonymousAuthenticationFilter - Set SecurityContextHolder to anonymous SecurityContext
2025-06-24 07:07:27 [http-nio-8080-exec-7] DEBUG o.s.s.w.a.AnonymousAuthenticationFilter - Set SecurityContextHolder to anonymous SecurityContext
2025-06-24 07:07:27 [http-nio-8080-exec-3] DEBUG o.s.s.w.a.AnonymousAuthenticationFilter - Set SecurityContextHolder to anonymous SecurityContext
2025-06-24 07:07:27 [http-nio-8080-exec-5] DEBUG o.s.s.w.a.AnonymousAuthenticationFilter - Set SecurityContextHolder to anonymous SecurityContext
2025-06-24 07:07:27 [http-nio-8080-exec-2] DEBUG o.s.s.w.a.AnonymousAuthenticationFilter - Set SecurityContextHolder to anonymous SecurityContext
2025-06-24 07:07:27 [http-nio-8080-exec-6] DEBUG o.s.s.w.a.AnonymousAuthenticationFilter - Set SecurityContextHolder to anonymous SecurityContext
2025-06-24 07:07:27 [http-nio-8080-exec-8] DEBUG o.s.security.web.FilterChainProxy - Securing GET /image?file=1750635278979_%D0%A1%D0%BD%D0%B8%D0%BC%D0%BE%D0%BA%20%D1%8D%D0%BA%D1%80%D0%B0%D0%BD%D0%B0%202025-02-20%20%D0%B2%2015.38.15.png
2025-06-24 07:07:27 [http-nio-8080-exec-8] DEBUG o.s.security.web.FilterChainProxy - Secured GET /image?file=1750635278979_%D0%A1%D0%BD%D0%B8%D0%BC%D0%BE%D0%BA%20%D1%8D%D0%BA%D1%80%D0%B0%D0%BD%D0%B0%202025-02-20%20%D0%B2%2015.38.15.png
2025-06-24 07:07:27 [http-nio-8080-exec-8] DEBUG o.s.s.w.a.AnonymousAuthenticationFilter - Set SecurityContextHolder to anonymous SecurityContext
2025-06-24 07:07:29 [http-nio-8080-exec-9] DEBUG o.s.security.web.FilterChainProxy - Securing GET /recipe/4
2025-06-24 07:07:29 [http-nio-8080-exec-9] DEBUG o.s.security.web.FilterChainProxy - Secured GET /recipe/4
2025-06-24 07:07:29 [http-nio-8080-exec-9] DEBUG o.s.s.w.a.AnonymousAuthenticationFilter - Set SecurityContextHolder to anonymous SecurityContext
2025-06-24 07:07:29 [http-nio-8080-exec-9] DEBUG o.s.security.web.FilterChainProxy - Securing GET /WEB-INF/views/showRecipe.jsp
2025-06-24 07:07:29 [http-nio-8080-exec-9] DEBUG o.s.security.web.FilterChainProxy - Secured GET /WEB-INF/views/showRecipe.jsp
2025-06-24 07:07:29 [http-nio-8080-exec-10] DEBUG o.s.security.web.FilterChainProxy - Securing GET /styles/normalize.8.0.1.css
2025-06-24 07:07:29 [http-nio-8080-exec-10] DEBUG o.s.security.web.FilterChainProxy - Secured GET /styles/normalize.8.0.1.css
2025-06-24 07:07:29 [http-nio-8080-exec-5] DEBUG o.s.security.web.FilterChainProxy - Securing GET /styles/footer.css
2025-06-24 07:07:29 [http-nio-8080-exec-5] DEBUG o.s.security.web.FilterChainProxy - Secured GET /styles/footer.css
2025-06-24 07:07:29 [http-nio-8080-exec-1] DEBUG o.s.security.web.FilterChainProxy - Securing GET /styles/showRecipe.css
2025-06-24 07:07:29 [http-nio-8080-exec-1] DEBUG o.s.security.web.FilterChainProxy - Secured GET /styles/showRecipe.css
2025-06-24 07:07:29 [http-nio-8080-exec-7] DEBUG o.s.security.web.FilterChainProxy - Securing GET /styles/header.css
2025-06-24 07:07:29 [http-nio-8080-exec-7] DEBUG o.s.security.web.FilterChainProxy - Secured GET /styles/header.css
2025-06-24 07:07:29 [http-nio-8080-exec-10] DEBUG o.s.s.w.a.AnonymousAuthenticationFilter - Set SecurityContextHolder to anonymous SecurityContext
2025-06-24 07:07:29 [http-nio-8080-exec-3] DEBUG o.s.security.web.FilterChainProxy - Securing GET /styles/global.css
2025-06-24 07:07:29 [http-nio-8080-exec-3] DEBUG o.s.security.web.FilterChainProxy - Secured GET /styles/global.css
2025-06-24 07:07:29 [http-nio-8080-exec-4] DEBUG o.s.security.web.FilterChainProxy - Securing GET /styles/reset.css
2025-06-24 07:07:29 [http-nio-8080-exec-4] DEBUG o.s.security.web.FilterChainProxy - Secured GET /styles/reset.css
2025-06-24 07:07:29 [http-nio-8080-exec-5] DEBUG o.s.s.w.a.AnonymousAuthenticationFilter - Set SecurityContextHolder to anonymous SecurityContext
2025-06-24 07:07:29 [http-nio-8080-exec-1] DEBUG o.s.s.w.a.AnonymousAuthenticationFilter - Set SecurityContextHolder to anonymous SecurityContext
2025-06-24 07:07:29 [http-nio-8080-exec-7] DEBUG o.s.s.w.a.AnonymousAuthenticationFilter - Set SecurityContextHolder to anonymous SecurityContext
2025-06-24 07:07:29 [http-nio-8080-exec-5] DEBUG o.s.security.web.FilterChainProxy - Securing GET /image?file=1750635278979_%D0%A1%D0%BD%D0%B8%D0%BC%D0%BE%D0%BA%20%D1%8D%D0%BA%D1%80%D0%B0%D0%BD%D0%B0%202025-02-20%20%D0%B2%2015.38.15.png
2025-06-24 07:07:29 [http-nio-8080-exec-3] DEBUG o.s.s.w.a.AnonymousAuthenticationFilter - Set SecurityContextHolder to anonymous SecurityContext
2025-06-24 07:07:29 [http-nio-8080-exec-5] DEBUG o.s.security.web.FilterChainProxy - Secured GET /image?file=1750635278979_%D0%A1%D0%BD%D0%B8%D0%BC%D0%BE%D0%BA%20%D1%8D%D0%BA%D1%80%D0%B0%D0%BD%D0%B0%202025-02-20%20%D0%B2%2015.38.15.png
2025-06-24 07:07:29 [http-nio-8080-exec-4] DEBUG o.s.s.w.a.AnonymousAuthenticationFilter - Set SecurityContextHolder to anonymous SecurityContext
2025-06-24 07:07:29 [http-nio-8080-exec-5] DEBUG o.s.s.w.a.AnonymousAuthenticationFilter - Set SecurityContextHolder to anonymous SecurityContext
2025-06-24 07:07:30 [http-nio-8080-exec-6] DEBUG o.s.security.web.FilterChainProxy - Securing POST /recipe/4/pdf
2025-06-24 07:07:30 [http-nio-8080-exec-6] DEBUG o.s.security.web.FilterChainProxy - Secured POST /recipe/4/pdf
2025-06-24 07:07:30 [http-nio-8080-exec-6] ERROR o.e.e.GlobalExceptionHandler - Unhandled exception: I/O error on POST request for "http://localhost:5050/generate-pdf": Connection refused
org.springframework.web.client.ResourceAccessException: I/O error on POST request for "http://localhost:5050/generate-pdf": Connection refused
	at org.springframework.web.client.RestTemplate.createResourceAccessException(RestTemplate.java:915)
	at org.springframework.web.client.RestTemplate.doExecute(RestTemplate.java:895)
	at org.springframework.web.client.RestTemplate.execute(RestTemplate.java:790)
	at org.springframework.web.client.RestTemplate.postForObject(RestTemplate.java:507)
	at org.example.controllers.ShowRecipeController.generatePdf(ShowRecipeController.java:116)
	at java.base/jdk.internal.reflect.DirectMethodHandleAccessor.invoke(DirectMethodHandleAccessor.java:103)
	at java.base/java.lang.reflect.Method.invoke(Method.java:580)
	at org.springframework.web.method.support.InvocableHandlerMethod.doInvoke(InvocableHandlerMethod.java:255)
	at org.springframework.web.method.support.InvocableHandlerMethod.invokeForRequest(InvocableHandlerMethod.java:188)
	at org.springframework.web.servlet.mvc.method.annotation.ServletInvocableHandlerMethod.invokeAndHandle(ServletInvocableHandlerMethod.java:118)
	at org.springframework.web.servlet.mvc.method.annotation.RequestMappingHandlerAdapter.invokeHandlerMethod(RequestMappingHandlerAdapter.java:926)
	at org.springframework.web.servlet.mvc.method.annotation.RequestMappingHandlerAdapter.handleInternal(RequestMappingHandlerAdapter.java:831)
	at org.springframework.web.servlet.mvc.method.AbstractHandlerMethodAdapter.handle(AbstractHandlerMethodAdapter.java:87)
	at org.springframework.web.servlet.DispatcherServlet.doDispatch(DispatcherServlet.java:1089)
	at org.springframework.web.servlet.DispatcherServlet.doService(DispatcherServlet.java:979)
	at org.springframework.web.servlet.FrameworkServlet.processRequest(FrameworkServlet.java:1014)
	at org.springframework.web.servlet.FrameworkServlet.doPost(FrameworkServlet.java:914)
	at jakarta.servlet.http.HttpServlet.service(HttpServlet.java:590)
	at org.springframework.web.servlet.FrameworkServlet.service(FrameworkServlet.java:885)
	at jakarta.servlet.http.HttpServlet.service(HttpServlet.java:658)
	at org.apache.catalina.core.ApplicationFilterChain.internalDoFilter(ApplicationFilterChain.java:195)
	at org.apache.catalina.core.ApplicationFilterChain.doFilter(ApplicationFilterChain.java:140)
	at org.apache.tomcat.websocket.server.WsFilter.doFilter(WsFilter.java:51)
	at org.apache.catalina.core.ApplicationFilterChain.internalDoFilter(ApplicationFilterChain.java:164)
	at org.apache.catalina.core.ApplicationFilterChain.doFilter(ApplicationFilterChain.java:140)
	at org.springframework.web.filter.CompositeFilter$VirtualFilterChain.doFilter(CompositeFilter.java:108)
	at org.springframework.security.web.FilterChainProxy.lambda$doFilterInternal$3(FilterChainProxy.java:231)
	at org.springframework.security.web.FilterChainProxy$VirtualFilterChain.doFilter(FilterChainProxy.java:365)
	at org.springframework.security.web.access.intercept.AuthorizationFilter.doFilter(AuthorizationFilter.java:100)
	at org.springframework.security.web.FilterChainProxy$VirtualFilterChain.doFilter(FilterChainProxy.java:374)
	at org.springframework.security.web.access.ExceptionTranslationFilter.doFilter(ExceptionTranslationFilter.java:126)
	at org.springframework.security.web.access.ExceptionTranslationFilter.doFilter(ExceptionTranslationFilter.java:120)
	at org.springframework.security.web.FilterChainProxy$VirtualFilterChain.doFilter(FilterChainProxy.java:374)
	at org.springframework.security.web.authentication.AnonymousAuthenticationFilter.doFilter(AnonymousAuthenticationFilter.java:100)
	at org.springframework.security.web.FilterChainProxy$VirtualFilterChain.doFilter(FilterChainProxy.java:374)
	at org.springframework.security.web.servletapi.SecurityContextHolderAwareRequestFilter.doFilter(SecurityContextHolderAwareRequestFilter.java:179)
	at org.springframework.security.web.FilterChainProxy$VirtualFilterChain.doFilter(FilterChainProxy.java:374)
	at org.springframework.security.web.savedrequest.RequestCacheAwareFilter.doFilter(RequestCacheAwareFilter.java:63)
	at org.springframework.security.web.FilterChainProxy$VirtualFilterChain.doFilter(FilterChainProxy.java:374)
	at org.springframework.security.web.authentication.AbstractAuthenticationProcessingFilter.doFilter(AbstractAuthenticationProcessingFilter.java:227)
	at org.springframework.security.web.authentication.AbstractAuthenticationProcessingFilter.doFilter(AbstractAuthenticationProcessingFilter.java:221)
	at org.springframework.security.web.FilterChainProxy$VirtualFilterChain.doFilter(FilterChainProxy.java:374)
	at org.springframework.security.web.authentication.logout.LogoutFilter.doFilter(LogoutFilter.java:107)
	at org.springframework.security.web.authentication.logout.LogoutFilter.doFilter(LogoutFilter.java:93)
	at org.springframework.security.web.FilterChainProxy$VirtualFilterChain.doFilter(FilterChainProxy.java:374)
	at org.springframework.security.web.csrf.CsrfFilter.doFilterInternal(CsrfFilter.java:131)
	at org.springframework.web.filter.OncePerRequestFilter.doFilter(OncePerRequestFilter.java:116)
	at org.springframework.security.web.FilterChainProxy$VirtualFilterChain.doFilter(FilterChainProxy.java:374)
	at org.springframework.web.filter.CorsFilter.doFilterInternal(CorsFilter.java:91)
	at org.springframework.web.filter.OncePerRequestFilter.doFilter(OncePerRequestFilter.java:116)
	at org.springframework.security.web.FilterChainProxy$VirtualFilterChain.doFilter(FilterChainProxy.java:374)
	at org.springframework.security.web.header.HeaderWriterFilter.doHeadersAfter(HeaderWriterFilter.java:90)
	at org.springframework.security.web.header.HeaderWriterFilter.doFilterInternal(HeaderWriterFilter.java:75)
	at org.springframework.web.filter.OncePerRequestFilter.doFilter(OncePerRequestFilter.java:116)
	at org.springframework.security.web.FilterChainProxy$VirtualFilterChain.doFilter(FilterChainProxy.java:374)
	at org.springframework.security.web.context.SecurityContextHolderFilter.doFilter(SecurityContextHolderFilter.java:82)
	at org.springframework.security.web.context.SecurityContextHolderFilter.doFilter(SecurityContextHolderFilter.java:69)
	at org.springframework.security.web.FilterChainProxy$VirtualFilterChain.doFilter(FilterChainProxy.java:374)
	at org.springframework.security.web.context.request.async.WebAsyncManagerIntegrationFilter.doFilterInternal(WebAsyncManagerIntegrationFilter.java:62)
	at org.springframework.web.filter.OncePerRequestFilter.doFilter(OncePerRequestFilter.java:116)
	at org.springframework.security.web.FilterChainProxy$VirtualFilterChain.doFilter(FilterChainProxy.java:374)
	at org.springframework.security.web.session.DisableEncodeUrlFilter.doFilterInternal(DisableEncodeUrlFilter.java:42)
	at org.springframework.web.filter.OncePerRequestFilter.doFilter(OncePerRequestFilter.java:116)
	at org.springframework.security.web.FilterChainProxy$VirtualFilterChain.doFilter(FilterChainProxy.java:374)
	at org.springframework.security.web.FilterChainProxy.doFilterInternal(FilterChainProxy.java:233)
	at org.springframework.security.web.FilterChainProxy.doFilter(FilterChainProxy.java:191)
	at org.springframework.web.filter.CompositeFilter$VirtualFilterChain.doFilter(CompositeFilter.java:113)
	at org.springframework.web.servlet.handler.HandlerMappingIntrospector.lambda$createCacheFilter$3(HandlerMappingIntrospector.java:195)
	at org.springframework.web.filter.CompositeFilter$VirtualFilterChain.doFilter(CompositeFilter.java:113)
	at org.springframework.web.filter.CompositeFilter.doFilter(CompositeFilter.java:74)
	at org.springframework.security.config.annotation.web.configuration.WebMvcSecurityConfiguration$CompositeFilterChainProxy.doFilter(WebMvcSecurityConfiguration.java:230)
	at org.springframework.web.filter.DelegatingFilterProxy.invokeDelegate(DelegatingFilterProxy.java:352)
	at org.springframework.web.filter.DelegatingFilterProxy.doFilter(DelegatingFilterProxy.java:268)
	at org.apache.catalina.core.ApplicationFilterChain.internalDoFilter(ApplicationFilterChain.java:164)
	at org.apache.catalina.core.ApplicationFilterChain.doFilter(ApplicationFilterChain.java:140)
	at org.springframework.web.filter.RequestContextFilter.doFilterInternal(RequestContextFilter.java:100)
	at org.springframework.web.filter.OncePerRequestFilter.doFilter(OncePerRequestFilter.java:116)
	at org.apache.catalina.core.ApplicationFilterChain.internalDoFilter(ApplicationFilterChain.java:164)
	at org.apache.catalina.core.ApplicationFilterChain.doFilter(ApplicationFilterChain.java:140)
	at org.springframework.web.filter.FormContentFilter.doFilterInternal(FormContentFilter.java:93)
	at org.springframework.web.filter.OncePerRequestFilter.doFilter(OncePerRequestFilter.java:116)
	at org.apache.catalina.core.ApplicationFilterChain.internalDoFilter(ApplicationFilterChain.java:164)
	at org.apache.catalina.core.ApplicationFilterChain.doFilter(ApplicationFilterChain.java:140)
	at org.springframework.web.filter.CharacterEncodingFilter.doFilterInternal(CharacterEncodingFilter.java:201)
	at org.springframework.web.filter.OncePerRequestFilter.doFilter(OncePerRequestFilter.java:116)
	at org.apache.catalina.core.ApplicationFilterChain.internalDoFilter(ApplicationFilterChain.java:164)
	at org.apache.catalina.core.ApplicationFilterChain.doFilter(ApplicationFilterChain.java:140)
	at org.apache.catalina.core.StandardWrapperValve.invoke(StandardWrapperValve.java:167)
	at org.apache.catalina.core.StandardContextValve.invoke(StandardContextValve.java:90)
	at org.apache.catalina.authenticator.AuthenticatorBase.invoke(AuthenticatorBase.java:482)
	at org.apache.catalina.core.StandardHostValve.invoke(StandardHostValve.java:115)
	at org.apache.catalina.valves.ErrorReportValve.invoke(ErrorReportValve.java:93)
	at org.apache.catalina.core.StandardEngineValve.invoke(StandardEngineValve.java:74)
	at org.apache.catalina.connector.CoyoteAdapter.service(CoyoteAdapter.java:344)
	at org.apache.coyote.http11.Http11Processor.service(Http11Processor.java:389)
	at org.apache.coyote.AbstractProcessorLight.process(AbstractProcessorLight.java:63)
	at org.apache.coyote.AbstractProtocol$ConnectionHandler.process(AbstractProtocol.java:896)
	at org.apache.tomcat.util.net.NioEndpoint$SocketProcessor.doRun(NioEndpoint.java:1741)
	at org.apache.tomcat.util.net.SocketProcessorBase.run(SocketProcessorBase.java:52)
	at org.apache.tomcat.util.threads.ThreadPoolExecutor.runWorker(ThreadPoolExecutor.java:1190)
	at org.apache.tomcat.util.threads.ThreadPoolExecutor$Worker.run(ThreadPoolExecutor.java:659)
	at org.apache.tomcat.util.threads.TaskThread$WrappingRunnable.run(TaskThread.java:63)
	at java.base/java.lang.Thread.run(Thread.java:1583)
Caused by: java.net.ConnectException: Connection refused
	at java.base/sun.nio.ch.Net.connect0(Native Method)
	at java.base/sun.nio.ch.Net.connect(Net.java:589)
	at java.base/sun.nio.ch.Net.connect(Net.java:578)
	at java.base/sun.nio.ch.NioSocketImpl.connect(NioSocketImpl.java:583)
	at java.base/java.net.Socket.connect(Socket.java:751)
	at java.base/java.net.Socket.connect(Socket.java:686)
	at java.base/sun.net.NetworkClient.doConnect(NetworkClient.java:183)
	at java.base/sun.net.www.http.HttpClient.openServer(HttpClient.java:531)
	at java.base/sun.net.www.http.HttpClient.openServer(HttpClient.java:636)
	at java.base/sun.net.www.http.HttpClient.<init>(HttpClient.java:280)
	at java.base/sun.net.www.http.HttpClient.New(HttpClient.java:386)
	at java.base/sun.net.www.http.HttpClient.New(HttpClient.java:408)
	at java.base/sun.net.www.protocol.http.HttpURLConnection.getNewHttpClient(HttpURLConnection.java:1319)
	at java.base/sun.net.www.protocol.http.HttpURLConnection.plainConnect0(HttpURLConnection.java:1252)
	at java.base/sun.net.www.protocol.http.HttpURLConnection.plainConnect(HttpURLConnection.java:1138)
	at java.base/sun.net.www.protocol.http.HttpURLConnection.connect(HttpURLConnection.java:1067)
	at org.springframework.http.client.SimpleClientHttpRequest.executeInternal(SimpleClientHttpRequest.java:79)
	at org.springframework.http.client.AbstractStreamingClientHttpRequest.executeInternal(AbstractStreamingClientHttpRequest.java:70)
	at org.springframework.http.client.AbstractClientHttpRequest.execute(AbstractClientHttpRequest.java:66)
	at org.springframework.web.client.RestTemplate.doExecute(RestTemplate.java:889)
	... 101 common frames omitted
2025-06-24 07:07:30 [http-nio-8080-exec-6] WARN  o.s.w.s.m.m.a.ExceptionHandlerExceptionResolver - Resolved [org.springframework.web.client.ResourceAccessException: I/O error on POST request for "http://localhost:5050/generate-pdf": Connection refused]
2025-06-24 07:07:30 [http-nio-8080-exec-6] DEBUG o.s.s.w.a.AnonymousAuthenticationFilter - Set SecurityContextHolder to anonymous SecurityContext
2025-06-24 07:20:52 [HikariPool-1 housekeeper] WARN  com.zaxxer.hikari.pool.HikariPool - HikariPool-1 - Thread starvation or clock leap detected (housekeeper delta=1m33s889ms).
2025-06-24 07:47:56 [HikariPool-1 housekeeper] WARN  com.zaxxer.hikari.pool.HikariPool - HikariPool-1 - Thread starvation or clock leap detected (housekeeper delta=17m4s510ms).
2025-06-24 07:49:41 [HikariPool-1 housekeeper] WARN  com.zaxxer.hikari.pool.HikariPool - HikariPool-1 - Thread starvation or clock leap detected (housekeeper delta=1m44s899ms).
2025-06-24 07:59:06 [HikariPool-1 housekeeper] WARN  com.zaxxer.hikari.pool.HikariPool - HikariPool-1 - Thread starvation or clock leap detected (housekeeper delta=9m24s921ms).
2025-06-24 08:18:52 [HikariPool-1 housekeeper] WARN  com.zaxxer.hikari.pool.HikariPool - HikariPool-1 - Thread starvation or clock leap detected (housekeeper delta=7m46s50ms).
2025-06-24 08:45:40 [HikariPool-1 housekeeper] WARN  com.zaxxer.hikari.pool.HikariPool - HikariPool-1 - Thread starvation or clock leap detected (housekeeper delta=5m48s153ms).
2025-06-24 08:56:21 [HikariPool-1 housekeeper] WARN  com.zaxxer.hikari.pool.HikariPool - HikariPool-1 - Thread starvation or clock leap detected (housekeeper delta=1m10s201ms).
2025-06-24 09:48:16 [SpringApplicationShutdownHook] INFO  com.zaxxer.hikari.HikariDataSource - HikariPool-1 - Shutdown initiated...
2025-06-24 09:48:16 [SpringApplicationShutdownHook] INFO  com.zaxxer.hikari.HikariDataSource - HikariPool-1 - Shutdown completed.
2025-06-24 11:31:42 [restartedMain] INFO  o.e.CulinaryExchangeApplication - Starting CulinaryExchangeApplication using Java 21.0.7 with PID 84820 (/Users/pro/IdeaProjects/culinaryExchangeS2/target/classes started by pro in /Users/pro/IdeaProjects/culinaryExchangeS2)
2025-06-24 11:31:42 [restartedMain] DEBUG o.e.CulinaryExchangeApplication - Running with Spring Boot v3.3.0, Spring v6.1.8
2025-06-24 11:31:42 [restartedMain] INFO  o.e.CulinaryExchangeApplication - No active profile set, falling back to 1 default profile: "default"
2025-06-24 11:31:43 [restartedMain] INFO  o.a.catalina.core.StandardService - Starting service [Tomcat]
2025-06-24 11:31:43 [restartedMain] INFO  o.a.catalina.core.StandardEngine - Starting Servlet engine: [Apache Tomcat/10.1.24]
2025-06-24 11:31:43 [restartedMain] INFO  o.apache.jasper.servlet.TldScanner - At least one JAR was scanned for TLDs yet contained no TLDs. Enable debug logging for this logger for a complete list of JARs that were scanned but no TLDs were found in them. Skipping unneeded JARs during scanning can improve startup time and JSP compilation time.
2025-06-24 11:31:43 [restartedMain] INFO  o.a.c.c.C.[.[localhost].[/culinary] - Initializing Spring embedded WebApplicationContext
2025-06-24 11:31:43 [restartedMain] INFO  com.zaxxer.hikari.HikariDataSource - HikariPool-1 - Starting...
2025-06-24 11:31:43 [restartedMain] INFO  com.zaxxer.hikari.pool.HikariPool - HikariPool-1 - Added connection org.postgresql.jdbc.PgConnection@3ecf70c1
2025-06-24 11:31:43 [restartedMain] INFO  com.zaxxer.hikari.HikariDataSource - HikariPool-1 - Start completed.
2025-06-24 11:31:43 [restartedMain] INFO  org.flywaydb.core.FlywayExecutor - Database: jdbc:postgresql://localhost:5432/culinaryExchangeS2 (PostgreSQL 17.1)
2025-06-24 11:31:43 [restartedMain] WARN  o.f.c.i.database.base.Database - Flyway upgrade recommended: PostgreSQL 17.1 is newer than this version of Flyway and support has not been tested. The latest supported version of PostgreSQL is 16.
2025-06-24 11:31:43 [restartedMain] INFO  o.f.core.internal.command.DbValidate - Successfully validated 1 migration (execution time 00:00.013s)
2025-06-24 11:31:43 [restartedMain] INFO  o.f.core.internal.command.DbMigrate - Current version of schema "public": 1
2025-06-24 11:31:43 [restartedMain] INFO  o.f.core.internal.command.DbMigrate - Schema "public" is up to date. No migration necessary.
2025-06-24 11:31:43 [restartedMain] INFO  o.h.jpa.internal.util.LogHelper - HHH000204: Processing PersistenceUnitInfo [name: default]
2025-06-24 11:31:43 [restartedMain] INFO  org.hibernate.Version - HHH000412: Hibernate ORM core version 6.5.2.Final
2025-06-24 11:31:43 [restartedMain] INFO  o.h.c.i.RegionFactoryInitiator - HHH000026: Second-level cache disabled
2025-06-24 11:31:43 [restartedMain] WARN  org.hibernate.orm.deprecation - HHH90000025: PostgreSQLDialect does not need to be specified explicitly using 'hibernate.dialect' (remove the property setting and it will be selected by default)
2025-06-24 11:31:44 [restartedMain] INFO  o.h.e.t.j.p.i.JtaPlatformInitiator - HHH000489: No JTA platform available (set 'hibernate.transaction.jta.platform' to enable JTA platform integration)
2025-06-24 11:31:44 [restartedMain] WARN  o.s.b.a.o.j.JpaBaseConfiguration$JpaWebConfiguration - spring.jpa.open-in-view is enabled by default. Therefore, database queries may be performed during view rendering. Explicitly configure spring.jpa.open-in-view to disable this warning
2025-06-24 11:31:44 [restartedMain] INFO  o.s.s.c.a.a.c.InitializeUserDetailsBeanManagerConfigurer$InitializeUserDetailsManagerConfigurer - Global AuthenticationManager configured with UserDetailsService bean with name customUserDetailsService
2025-06-24 11:31:44 [restartedMain] INFO  o.s.s.web.DefaultSecurityFilterChain - Will secure any request with [org.springframework.security.web.session.DisableEncodeUrlFilter@50452ce9, org.springframework.security.web.context.request.async.WebAsyncManagerIntegrationFilter@f309037, org.springframework.security.web.context.SecurityContextHolderFilter@72a4f269, org.springframework.security.web.header.HeaderWriterFilter@3c16ac52, org.springframework.web.filter.CorsFilter@103156ae, org.springframework.security.web.csrf.CsrfFilter@24d76926, org.springframework.security.web.authentication.logout.LogoutFilter@3f3cd5be, org.springframework.security.web.authentication.UsernamePasswordAuthenticationFilter@3c2801eb, org.springframework.security.web.savedrequest.RequestCacheAwareFilter@22a9aa3a, org.springframework.security.web.servletapi.SecurityContextHolderAwareRequestFilter@766c071a, org.springframework.security.web.authentication.AnonymousAuthenticationFilter@2f39ed8b, org.springframework.security.web.access.ExceptionTranslationFilter@10b56650, org.springframework.security.web.access.intercept.AuthorizationFilter@3f0a8e67]
2025-06-24 11:31:45 [restartedMain] INFO  o.e.CulinaryExchangeApplication - Started CulinaryExchangeApplication in 2.232 seconds (process running for 2.527)
2025-06-24 11:31:49 [http-nio-8080-exec-1] INFO  o.a.c.c.C.[.[localhost].[/culinary] - Initializing Spring DispatcherServlet 'dispatcherServlet'
2025-06-24 11:31:49 [http-nio-8080-exec-1] DEBUG o.s.security.web.FilterChainProxy - Securing GET /recipe/4
2025-06-24 11:31:49 [http-nio-8080-exec-1] DEBUG o.s.security.web.FilterChainProxy - Secured GET /recipe/4
2025-06-24 11:31:49 [http-nio-8080-exec-1] DEBUG o.s.s.w.a.AnonymousAuthenticationFilter - Set SecurityContextHolder to anonymous SecurityContext
2025-06-24 11:31:49 [http-nio-8080-exec-1] DEBUG o.s.security.web.FilterChainProxy - Securing GET /WEB-INF/views/showRecipe.jsp
2025-06-24 11:31:49 [http-nio-8080-exec-1] DEBUG o.s.security.web.FilterChainProxy - Secured GET /WEB-INF/views/showRecipe.jsp
2025-06-24 11:31:50 [http-nio-8080-exec-2] DEBUG o.s.security.web.FilterChainProxy - Securing GET /styles/normalize.8.0.1.css
2025-06-24 11:31:50 [http-nio-8080-exec-3] DEBUG o.s.security.web.FilterChainProxy - Securing GET /styles/reset.css
2025-06-24 11:31:50 [http-nio-8080-exec-2] DEBUG o.s.security.web.FilterChainProxy - Secured GET /styles/normalize.8.0.1.css
2025-06-24 11:31:50 [http-nio-8080-exec-7] DEBUG o.s.security.web.FilterChainProxy - Securing GET /styles/global.css
2025-06-24 11:31:50 [http-nio-8080-exec-6] DEBUG o.s.security.web.FilterChainProxy - Securing GET /styles/header.css
2025-06-24 11:31:50 [http-nio-8080-exec-5] DEBUG o.s.security.web.FilterChainProxy - Securing GET /styles/footer.css
2025-06-24 11:31:50 [http-nio-8080-exec-4] DEBUG o.s.security.web.FilterChainProxy - Securing GET /styles/showRecipe.css
2025-06-24 11:31:50 [http-nio-8080-exec-5] DEBUG o.s.security.web.FilterChainProxy - Secured GET /styles/footer.css
2025-06-24 11:31:50 [http-nio-8080-exec-3] DEBUG o.s.security.web.FilterChainProxy - Secured GET /styles/reset.css
2025-06-24 11:31:50 [http-nio-8080-exec-6] DEBUG o.s.security.web.FilterChainProxy - Secured GET /styles/header.css
2025-06-24 11:31:50 [http-nio-8080-exec-7] DEBUG o.s.security.web.FilterChainProxy - Secured GET /styles/global.css
2025-06-24 11:31:50 [http-nio-8080-exec-4] DEBUG o.s.security.web.FilterChainProxy - Secured GET /styles/showRecipe.css
2025-06-24 11:31:50 [http-nio-8080-exec-5] DEBUG o.s.s.w.a.AnonymousAuthenticationFilter - Set SecurityContextHolder to anonymous SecurityContext
2025-06-24 11:31:50 [http-nio-8080-exec-3] DEBUG o.s.s.w.a.AnonymousAuthenticationFilter - Set SecurityContextHolder to anonymous SecurityContext
2025-06-24 11:31:50 [http-nio-8080-exec-7] DEBUG o.s.s.w.a.AnonymousAuthenticationFilter - Set SecurityContextHolder to anonymous SecurityContext
2025-06-24 11:31:50 [http-nio-8080-exec-2] DEBUG o.s.s.w.a.AnonymousAuthenticationFilter - Set SecurityContextHolder to anonymous SecurityContext
2025-06-24 11:31:50 [http-nio-8080-exec-4] DEBUG o.s.s.w.a.AnonymousAuthenticationFilter - Set SecurityContextHolder to anonymous SecurityContext
2025-06-24 11:31:50 [http-nio-8080-exec-6] DEBUG o.s.s.w.a.AnonymousAuthenticationFilter - Set SecurityContextHolder to anonymous SecurityContext
2025-06-24 11:31:50 [http-nio-8080-exec-8] DEBUG o.s.security.web.FilterChainProxy - Securing GET /image?file=1750635278979_%D0%A1%D0%BD%D0%B8%D0%BC%D0%BE%D0%BA%20%D1%8D%D0%BA%D1%80%D0%B0%D0%BD%D0%B0%202025-02-20%20%D0%B2%2015.38.15.png
2025-06-24 11:31:50 [http-nio-8080-exec-8] DEBUG o.s.security.web.FilterChainProxy - Secured GET /image?file=1750635278979_%D0%A1%D0%BD%D0%B8%D0%BC%D0%BE%D0%BA%20%D1%8D%D0%BA%D1%80%D0%B0%D0%BD%D0%B0%202025-02-20%20%D0%B2%2015.38.15.png
2025-06-24 11:31:50 [http-nio-8080-exec-8] DEBUG o.s.s.w.a.AnonymousAuthenticationFilter - Set SecurityContextHolder to anonymous SecurityContext
2025-06-24 11:31:51 [http-nio-8080-exec-9] DEBUG o.s.security.web.FilterChainProxy - Securing POST /recipe/4/pdf
2025-06-24 11:31:51 [http-nio-8080-exec-9] DEBUG o.s.security.web.FilterChainProxy - Secured POST /recipe/4/pdf
2025-06-24 11:31:51 [http-nio-8080-exec-9] ERROR o.e.e.GlobalExceptionHandler - Unhandled exception: I/O error on POST request for "http://localhost:5050/generate-pdf": Connection refused
org.springframework.web.client.ResourceAccessException: I/O error on POST request for "http://localhost:5050/generate-pdf": Connection refused
	at org.springframework.web.client.RestTemplate.createResourceAccessException(RestTemplate.java:915)
	at org.springframework.web.client.RestTemplate.doExecute(RestTemplate.java:895)
	at org.springframework.web.client.RestTemplate.execute(RestTemplate.java:790)
	at org.springframework.web.client.RestTemplate.postForObject(RestTemplate.java:507)
	at org.example.controllers.ShowRecipeController.generatePdf(ShowRecipeController.java:116)
	at java.base/jdk.internal.reflect.DirectMethodHandleAccessor.invoke(DirectMethodHandleAccessor.java:103)
	at java.base/java.lang.reflect.Method.invoke(Method.java:580)
	at org.springframework.web.method.support.InvocableHandlerMethod.doInvoke(InvocableHandlerMethod.java:255)
	at org.springframework.web.method.support.InvocableHandlerMethod.invokeForRequest(InvocableHandlerMethod.java:188)
	at org.springframework.web.servlet.mvc.method.annotation.ServletInvocableHandlerMethod.invokeAndHandle(ServletInvocableHandlerMethod.java:118)
	at org.springframework.web.servlet.mvc.method.annotation.RequestMappingHandlerAdapter.invokeHandlerMethod(RequestMappingHandlerAdapter.java:926)
	at org.springframework.web.servlet.mvc.method.annotation.RequestMappingHandlerAdapter.handleInternal(RequestMappingHandlerAdapter.java:831)
	at org.springframework.web.servlet.mvc.method.AbstractHandlerMethodAdapter.handle(AbstractHandlerMethodAdapter.java:87)
	at org.springframework.web.servlet.DispatcherServlet.doDispatch(DispatcherServlet.java:1089)
	at org.springframework.web.servlet.DispatcherServlet.doService(DispatcherServlet.java:979)
	at org.springframework.web.servlet.FrameworkServlet.processRequest(FrameworkServlet.java:1014)
	at org.springframework.web.servlet.FrameworkServlet.doPost(FrameworkServlet.java:914)
	at jakarta.servlet.http.HttpServlet.service(HttpServlet.java:590)
	at org.springframework.web.servlet.FrameworkServlet.service(FrameworkServlet.java:885)
	at jakarta.servlet.http.HttpServlet.service(HttpServlet.java:658)
	at org.apache.catalina.core.ApplicationFilterChain.internalDoFilter(ApplicationFilterChain.java:195)
	at org.apache.catalina.core.ApplicationFilterChain.doFilter(ApplicationFilterChain.java:140)
	at org.apache.tomcat.websocket.server.WsFilter.doFilter(WsFilter.java:51)
	at org.apache.catalina.core.ApplicationFilterChain.internalDoFilter(ApplicationFilterChain.java:164)
	at org.apache.catalina.core.ApplicationFilterChain.doFilter(ApplicationFilterChain.java:140)
	at org.springframework.web.filter.CompositeFilter$VirtualFilterChain.doFilter(CompositeFilter.java:108)
	at org.springframework.security.web.FilterChainProxy.lambda$doFilterInternal$3(FilterChainProxy.java:231)
	at org.springframework.security.web.FilterChainProxy$VirtualFilterChain.doFilter(FilterChainProxy.java:365)
	at org.springframework.security.web.access.intercept.AuthorizationFilter.doFilter(AuthorizationFilter.java:100)
	at org.springframework.security.web.FilterChainProxy$VirtualFilterChain.doFilter(FilterChainProxy.java:374)
	at org.springframework.security.web.access.ExceptionTranslationFilter.doFilter(ExceptionTranslationFilter.java:126)
	at org.springframework.security.web.access.ExceptionTranslationFilter.doFilter(ExceptionTranslationFilter.java:120)
	at org.springframework.security.web.FilterChainProxy$VirtualFilterChain.doFilter(FilterChainProxy.java:374)
	at org.springframework.security.web.authentication.AnonymousAuthenticationFilter.doFilter(AnonymousAuthenticationFilter.java:100)
	at org.springframework.security.web.FilterChainProxy$VirtualFilterChain.doFilter(FilterChainProxy.java:374)
	at org.springframework.security.web.servletapi.SecurityContextHolderAwareRequestFilter.doFilter(SecurityContextHolderAwareRequestFilter.java:179)
	at org.springframework.security.web.FilterChainProxy$VirtualFilterChain.doFilter(FilterChainProxy.java:374)
	at org.springframework.security.web.savedrequest.RequestCacheAwareFilter.doFilter(RequestCacheAwareFilter.java:63)
	at org.springframework.security.web.FilterChainProxy$VirtualFilterChain.doFilter(FilterChainProxy.java:374)
	at org.springframework.security.web.authentication.AbstractAuthenticationProcessingFilter.doFilter(AbstractAuthenticationProcessingFilter.java:227)
	at org.springframework.security.web.authentication.AbstractAuthenticationProcessingFilter.doFilter(AbstractAuthenticationProcessingFilter.java:221)
	at org.springframework.security.web.FilterChainProxy$VirtualFilterChain.doFilter(FilterChainProxy.java:374)
	at org.springframework.security.web.authentication.logout.LogoutFilter.doFilter(LogoutFilter.java:107)
	at org.springframework.security.web.authentication.logout.LogoutFilter.doFilter(LogoutFilter.java:93)
	at org.springframework.security.web.FilterChainProxy$VirtualFilterChain.doFilter(FilterChainProxy.java:374)
	at org.springframework.security.web.csrf.CsrfFilter.doFilterInternal(CsrfFilter.java:131)
	at org.springframework.web.filter.OncePerRequestFilter.doFilter(OncePerRequestFilter.java:116)
	at org.springframework.security.web.FilterChainProxy$VirtualFilterChain.doFilter(FilterChainProxy.java:374)
	at org.springframework.web.filter.CorsFilter.doFilterInternal(CorsFilter.java:91)
	at org.springframework.web.filter.OncePerRequestFilter.doFilter(OncePerRequestFilter.java:116)
	at org.springframework.security.web.FilterChainProxy$VirtualFilterChain.doFilter(FilterChainProxy.java:374)
	at org.springframework.security.web.header.HeaderWriterFilter.doHeadersAfter(HeaderWriterFilter.java:90)
	at org.springframework.security.web.header.HeaderWriterFilter.doFilterInternal(HeaderWriterFilter.java:75)
	at org.springframework.web.filter.OncePerRequestFilter.doFilter(OncePerRequestFilter.java:116)
	at org.springframework.security.web.FilterChainProxy$VirtualFilterChain.doFilter(FilterChainProxy.java:374)
	at org.springframework.security.web.context.SecurityContextHolderFilter.doFilter(SecurityContextHolderFilter.java:82)
	at org.springframework.security.web.context.SecurityContextHolderFilter.doFilter(SecurityContextHolderFilter.java:69)
	at org.springframework.security.web.FilterChainProxy$VirtualFilterChain.doFilter(FilterChainProxy.java:374)
	at org.springframework.security.web.context.request.async.WebAsyncManagerIntegrationFilter.doFilterInternal(WebAsyncManagerIntegrationFilter.java:62)
	at org.springframework.web.filter.OncePerRequestFilter.doFilter(OncePerRequestFilter.java:116)
	at org.springframework.security.web.FilterChainProxy$VirtualFilterChain.doFilter(FilterChainProxy.java:374)
	at org.springframework.security.web.session.DisableEncodeUrlFilter.doFilterInternal(DisableEncodeUrlFilter.java:42)
	at org.springframework.web.filter.OncePerRequestFilter.doFilter(OncePerRequestFilter.java:116)
	at org.springframework.security.web.FilterChainProxy$VirtualFilterChain.doFilter(FilterChainProxy.java:374)
	at org.springframework.security.web.FilterChainProxy.doFilterInternal(FilterChainProxy.java:233)
	at org.springframework.security.web.FilterChainProxy.doFilter(FilterChainProxy.java:191)
	at org.springframework.web.filter.CompositeFilter$VirtualFilterChain.doFilter(CompositeFilter.java:113)
	at org.springframework.web.servlet.handler.HandlerMappingIntrospector.lambda$createCacheFilter$3(HandlerMappingIntrospector.java:195)
	at org.springframework.web.filter.CompositeFilter$VirtualFilterChain.doFilter(CompositeFilter.java:113)
	at org.springframework.web.filter.CompositeFilter.doFilter(CompositeFilter.java:74)
	at org.springframework.security.config.annotation.web.configuration.WebMvcSecurityConfiguration$CompositeFilterChainProxy.doFilter(WebMvcSecurityConfiguration.java:230)
	at org.springframework.web.filter.DelegatingFilterProxy.invokeDelegate(DelegatingFilterProxy.java:352)
	at org.springframework.web.filter.DelegatingFilterProxy.doFilter(DelegatingFilterProxy.java:268)
	at org.apache.catalina.core.ApplicationFilterChain.internalDoFilter(ApplicationFilterChain.java:164)
	at org.apache.catalina.core.ApplicationFilterChain.doFilter(ApplicationFilterChain.java:140)
	at org.springframework.web.filter.RequestContextFilter.doFilterInternal(RequestContextFilter.java:100)
	at org.springframework.web.filter.OncePerRequestFilter.doFilter(OncePerRequestFilter.java:116)
	at org.apache.catalina.core.ApplicationFilterChain.internalDoFilter(ApplicationFilterChain.java:164)
	at org.apache.catalina.core.ApplicationFilterChain.doFilter(ApplicationFilterChain.java:140)
	at org.springframework.web.filter.FormContentFilter.doFilterInternal(FormContentFilter.java:93)
	at org.springframework.web.filter.OncePerRequestFilter.doFilter(OncePerRequestFilter.java:116)
	at org.apache.catalina.core.ApplicationFilterChain.internalDoFilter(ApplicationFilterChain.java:164)
	at org.apache.catalina.core.ApplicationFilterChain.doFilter(ApplicationFilterChain.java:140)
	at org.springframework.web.filter.CharacterEncodingFilter.doFilterInternal(CharacterEncodingFilter.java:201)
	at org.springframework.web.filter.OncePerRequestFilter.doFilter(OncePerRequestFilter.java:116)
	at org.apache.catalina.core.ApplicationFilterChain.internalDoFilter(ApplicationFilterChain.java:164)
	at org.apache.catalina.core.ApplicationFilterChain.doFilter(ApplicationFilterChain.java:140)
	at org.apache.catalina.core.StandardWrapperValve.invoke(StandardWrapperValve.java:167)
	at org.apache.catalina.core.StandardContextValve.invoke(StandardContextValve.java:90)
	at org.apache.catalina.authenticator.AuthenticatorBase.invoke(AuthenticatorBase.java:482)
	at org.apache.catalina.core.StandardHostValve.invoke(StandardHostValve.java:115)
	at org.apache.catalina.valves.ErrorReportValve.invoke(ErrorReportValve.java:93)
	at org.apache.catalina.core.StandardEngineValve.invoke(StandardEngineValve.java:74)
	at org.apache.catalina.connector.CoyoteAdapter.service(CoyoteAdapter.java:344)
	at org.apache.coyote.http11.Http11Processor.service(Http11Processor.java:389)
	at org.apache.coyote.AbstractProcessorLight.process(AbstractProcessorLight.java:63)
	at org.apache.coyote.AbstractProtocol$ConnectionHandler.process(AbstractProtocol.java:896)
	at org.apache.tomcat.util.net.NioEndpoint$SocketProcessor.doRun(NioEndpoint.java:1741)
	at org.apache.tomcat.util.net.SocketProcessorBase.run(SocketProcessorBase.java:52)
	at org.apache.tomcat.util.threads.ThreadPoolExecutor.runWorker(ThreadPoolExecutor.java:1190)
	at org.apache.tomcat.util.threads.ThreadPoolExecutor$Worker.run(ThreadPoolExecutor.java:659)
	at org.apache.tomcat.util.threads.TaskThread$WrappingRunnable.run(TaskThread.java:63)
	at java.base/java.lang.Thread.run(Thread.java:1583)
Caused by: java.net.ConnectException: Connection refused
	at java.base/sun.nio.ch.Net.connect0(Native Method)
	at java.base/sun.nio.ch.Net.connect(Net.java:589)
	at java.base/sun.nio.ch.Net.connect(Net.java:578)
	at java.base/sun.nio.ch.NioSocketImpl.connect(NioSocketImpl.java:583)
	at java.base/java.net.Socket.connect(Socket.java:751)
	at java.base/java.net.Socket.connect(Socket.java:686)
	at java.base/sun.net.NetworkClient.doConnect(NetworkClient.java:183)
	at java.base/sun.net.www.http.HttpClient.openServer(HttpClient.java:531)
	at java.base/sun.net.www.http.HttpClient.openServer(HttpClient.java:636)
	at java.base/sun.net.www.http.HttpClient.<init>(HttpClient.java:280)
	at java.base/sun.net.www.http.HttpClient.New(HttpClient.java:386)
	at java.base/sun.net.www.http.HttpClient.New(HttpClient.java:408)
	at java.base/sun.net.www.protocol.http.HttpURLConnection.getNewHttpClient(HttpURLConnection.java:1319)
	at java.base/sun.net.www.protocol.http.HttpURLConnection.plainConnect0(HttpURLConnection.java:1252)
	at java.base/sun.net.www.protocol.http.HttpURLConnection.plainConnect(HttpURLConnection.java:1138)
	at java.base/sun.net.www.protocol.http.HttpURLConnection.connect(HttpURLConnection.java:1067)
	at org.springframework.http.client.SimpleClientHttpRequest.executeInternal(SimpleClientHttpRequest.java:79)
	at org.springframework.http.client.AbstractStreamingClientHttpRequest.executeInternal(AbstractStreamingClientHttpRequest.java:70)
	at org.springframework.http.client.AbstractClientHttpRequest.execute(AbstractClientHttpRequest.java:66)
	at org.springframework.web.client.RestTemplate.doExecute(RestTemplate.java:889)
	... 101 common frames omitted
2025-06-24 11:31:51 [http-nio-8080-exec-9] WARN  o.s.w.s.m.m.a.ExceptionHandlerExceptionResolver - Resolved [org.springframework.web.client.ResourceAccessException: I/O error on POST request for "http://localhost:5050/generate-pdf": Connection refused]
2025-06-24 11:31:51 [http-nio-8080-exec-9] DEBUG o.s.s.w.a.AnonymousAuthenticationFilter - Set SecurityContextHolder to anonymous SecurityContext
2025-06-24 12:06:17 [Thread-5] INFO  com.zaxxer.hikari.HikariDataSource - HikariPool-1 - Shutdown initiated...
2025-06-24 12:06:17 [Thread-5] INFO  com.zaxxer.hikari.HikariDataSource - HikariPool-1 - Shutdown completed.
2025-06-24 12:13:12 [restartedMain] INFO  o.e.CulinaryExchangeApplication - Starting CulinaryExchangeApplication using Java 21.0.7 with PID 88272 (/Users/pro/IdeaProjects/culinaryExchangeS2/CulinaryService/target/classes started by pro in /Users/pro/IdeaProjects/culinaryExchangeS2)
2025-06-24 12:13:12 [restartedMain] DEBUG o.e.CulinaryExchangeApplication - Running with Spring Boot v3.3.0, Spring v6.1.8
2025-06-24 12:13:12 [restartedMain] INFO  o.e.CulinaryExchangeApplication - No active profile set, falling back to 1 default profile: "default"
2025-06-24 12:13:13 [restartedMain] INFO  o.a.catalina.core.StandardService - Starting service [Tomcat]
2025-06-24 12:13:13 [restartedMain] INFO  o.a.catalina.core.StandardEngine - Starting Servlet engine: [Apache Tomcat/10.1.24]
2025-06-24 12:13:13 [restartedMain] INFO  o.apache.jasper.servlet.TldScanner - At least one JAR was scanned for TLDs yet contained no TLDs. Enable debug logging for this logger for a complete list of JARs that were scanned but no TLDs were found in them. Skipping unneeded JARs during scanning can improve startup time and JSP compilation time.
2025-06-24 12:13:13 [restartedMain] INFO  o.a.c.c.C.[.[localhost].[/culinary] - Initializing Spring embedded WebApplicationContext
2025-06-24 12:13:13 [restartedMain] INFO  com.zaxxer.hikari.HikariDataSource - HikariPool-1 - Starting...
2025-06-24 12:13:13 [restartedMain] INFO  com.zaxxer.hikari.pool.HikariPool - HikariPool-1 - Added connection org.postgresql.jdbc.PgConnection@5b11116f
2025-06-24 12:13:13 [restartedMain] INFO  com.zaxxer.hikari.HikariDataSource - HikariPool-1 - Start completed.
2025-06-24 12:13:13 [restartedMain] INFO  org.flywaydb.core.FlywayExecutor - Database: jdbc:postgresql://localhost:5432/culinaryExchangeS2 (PostgreSQL 17.1)
2025-06-24 12:13:13 [restartedMain] WARN  o.f.c.i.database.base.Database - Flyway upgrade recommended: PostgreSQL 17.1 is newer than this version of Flyway and support has not been tested. The latest supported version of PostgreSQL is 16.
2025-06-24 12:13:13 [restartedMain] INFO  o.f.core.internal.command.DbValidate - Successfully validated 1 migration (execution time 00:00.012s)
2025-06-24 12:13:13 [restartedMain] INFO  o.f.core.internal.command.DbMigrate - Current version of schema "public": 1
2025-06-24 12:13:13 [restartedMain] INFO  o.f.core.internal.command.DbMigrate - Schema "public" is up to date. No migration necessary.
2025-06-24 12:13:13 [restartedMain] INFO  o.h.jpa.internal.util.LogHelper - HHH000204: Processing PersistenceUnitInfo [name: default]
2025-06-24 12:13:13 [restartedMain] INFO  org.hibernate.Version - HHH000412: Hibernate ORM core version 6.5.2.Final
2025-06-24 12:13:13 [restartedMain] INFO  o.h.c.i.RegionFactoryInitiator - HHH000026: Second-level cache disabled
2025-06-24 12:13:13 [restartedMain] WARN  org.hibernate.orm.deprecation - HHH90000025: PostgreSQLDialect does not need to be specified explicitly using 'hibernate.dialect' (remove the property setting and it will be selected by default)
2025-06-24 12:13:14 [restartedMain] INFO  o.h.e.t.j.p.i.JtaPlatformInitiator - HHH000489: No JTA platform available (set 'hibernate.transaction.jta.platform' to enable JTA platform integration)
2025-06-24 12:13:14 [restartedMain] WARN  o.s.b.a.o.j.JpaBaseConfiguration$JpaWebConfiguration - spring.jpa.open-in-view is enabled by default. Therefore, database queries may be performed during view rendering. Explicitly configure spring.jpa.open-in-view to disable this warning
2025-06-24 12:13:14 [restartedMain] INFO  o.s.s.c.a.a.c.InitializeUserDetailsBeanManagerConfigurer$InitializeUserDetailsManagerConfigurer - Global AuthenticationManager configured with UserDetailsService bean with name customUserDetailsService
2025-06-24 12:13:14 [restartedMain] INFO  o.s.s.web.DefaultSecurityFilterChain - Will secure any request with [org.springframework.security.web.session.DisableEncodeUrlFilter@6b3c693d, org.springframework.security.web.context.request.async.WebAsyncManagerIntegrationFilter@59a565f6, org.springframework.security.web.context.SecurityContextHolderFilter@4cf6aaf3, org.springframework.security.web.header.HeaderWriterFilter@45cc4a18, org.springframework.web.filter.CorsFilter@560a4e49, org.springframework.security.web.csrf.CsrfFilter@2de4588b, org.springframework.security.web.authentication.logout.LogoutFilter@3cb68089, org.springframework.security.web.authentication.UsernamePasswordAuthenticationFilter@6b7b5ad, org.springframework.security.web.savedrequest.RequestCacheAwareFilter@5937fd11, org.springframework.security.web.servletapi.SecurityContextHolderAwareRequestFilter@294c4d87, org.springframework.security.web.authentication.AnonymousAuthenticationFilter@ba2d351, org.springframework.security.web.access.ExceptionTranslationFilter@4df3c5a0, org.springframework.security.web.access.intercept.AuthorizationFilter@4d5b688c]
2025-06-24 12:13:14 [restartedMain] INFO  o.e.CulinaryExchangeApplication - Started CulinaryExchangeApplication in 2.157 seconds (process running for 2.41)
2025-06-24 12:13:24 [SpringApplicationShutdownHook] INFO  com.zaxxer.hikari.HikariDataSource - HikariPool-1 - Shutdown initiated...
2025-06-24 12:13:24 [SpringApplicationShutdownHook] INFO  com.zaxxer.hikari.HikariDataSource - HikariPool-1 - Shutdown completed.
2025-06-24 12:54:02 [restartedMain] INFO  o.e.CulinaryExchangeApplication - Starting CulinaryExchangeApplication using Java 21.0.7 with PID 94970 (/Users/pro/IdeaProjects/culinaryExchangeS2/CulinaryService/target/classes started by pro in /Users/pro/IdeaProjects/culinaryExchangeS2)
2025-06-24 12:54:02 [restartedMain] DEBUG o.e.CulinaryExchangeApplication - Running with Spring Boot v3.3.0, Spring v6.1.8
2025-06-24 12:54:02 [restartedMain] INFO  o.e.CulinaryExchangeApplication - No active profile set, falling back to 1 default profile: "default"
2025-06-24 12:54:02 [restartedMain] INFO  o.a.catalina.core.StandardService - Starting service [Tomcat]
2025-06-24 12:54:02 [restartedMain] INFO  o.a.catalina.core.StandardEngine - Starting Servlet engine: [Apache Tomcat/10.1.24]
2025-06-24 12:54:02 [restartedMain] INFO  o.apache.jasper.servlet.TldScanner - At least one JAR was scanned for TLDs yet contained no TLDs. Enable debug logging for this logger for a complete list of JARs that were scanned but no TLDs were found in them. Skipping unneeded JARs during scanning can improve startup time and JSP compilation time.
2025-06-24 12:54:02 [restartedMain] INFO  o.a.c.c.C.[.[localhost].[/culinary] - Initializing Spring embedded WebApplicationContext
2025-06-24 12:54:02 [restartedMain] INFO  com.zaxxer.hikari.HikariDataSource - HikariPool-1 - Starting...
2025-06-24 12:54:03 [restartedMain] INFO  com.zaxxer.hikari.pool.HikariPool - HikariPool-1 - Added connection org.postgresql.jdbc.PgConnection@6421768c
2025-06-24 12:54:03 [restartedMain] INFO  com.zaxxer.hikari.HikariDataSource - HikariPool-1 - Start completed.
2025-06-24 12:54:03 [restartedMain] INFO  org.flywaydb.core.FlywayExecutor - Database: jdbc:postgresql://localhost:5432/culinaryExchangeS2 (PostgreSQL 17.1)
2025-06-24 12:54:03 [restartedMain] WARN  o.f.c.i.database.base.Database - Flyway upgrade recommended: PostgreSQL 17.1 is newer than this version of Flyway and support has not been tested. The latest supported version of PostgreSQL is 16.
2025-06-24 12:54:03 [restartedMain] INFO  o.f.core.internal.command.DbValidate - Successfully validated 1 migration (execution time 00:00.012s)
2025-06-24 12:54:03 [restartedMain] INFO  o.f.core.internal.command.DbMigrate - Current version of schema "public": 1
2025-06-24 12:54:03 [restartedMain] INFO  o.f.core.internal.command.DbMigrate - Schema "public" is up to date. No migration necessary.
2025-06-24 12:54:03 [restartedMain] INFO  o.h.jpa.internal.util.LogHelper - HHH000204: Processing PersistenceUnitInfo [name: default]
2025-06-24 12:54:03 [restartedMain] INFO  org.hibernate.Version - HHH000412: Hibernate ORM core version 6.5.2.Final
2025-06-24 12:54:03 [restartedMain] INFO  o.h.c.i.RegionFactoryInitiator - HHH000026: Second-level cache disabled
2025-06-24 12:54:03 [restartedMain] WARN  org.hibernate.orm.deprecation - HHH90000025: PostgreSQLDialect does not need to be specified explicitly using 'hibernate.dialect' (remove the property setting and it will be selected by default)
2025-06-24 12:54:03 [restartedMain] WARN  o.s.b.w.s.c.AnnotationConfigServletWebServerApplicationContext - Exception encountered during context initialization - cancelling refresh attempt: org.springframework.beans.factory.BeanCreationException: Error creating bean with name 'entityManagerFactory' defined in class path resource [org/springframework/boot/autoconfigure/orm/jpa/HibernateJpaConfiguration.class]: Type org.example.entity.Recipe not present
2025-06-24 12:54:03 [restartedMain] INFO  com.zaxxer.hikari.HikariDataSource - HikariPool-1 - Shutdown initiated...
2025-06-24 12:54:03 [restartedMain] INFO  com.zaxxer.hikari.HikariDataSource - HikariPool-1 - Shutdown completed.
2025-06-24 12:54:03 [restartedMain] INFO  o.a.catalina.core.StandardService - Stopping service [Tomcat]
2025-06-24 12:54:03 [restartedMain] ERROR o.s.boot.SpringApplication - Application run failed
org.springframework.beans.factory.BeanCreationException: Error creating bean with name 'entityManagerFactory' defined in class path resource [org/springframework/boot/autoconfigure/orm/jpa/HibernateJpaConfiguration.class]: Type org.example.entity.Recipe not present
	at org.springframework.beans.factory.support.AbstractAutowireCapableBeanFactory.initializeBean(AbstractAutowireCapableBeanFactory.java:1788)
	at org.springframework.beans.factory.support.AbstractAutowireCapableBeanFactory.doCreateBean(AbstractAutowireCapableBeanFactory.java:600)
	at org.springframework.beans.factory.support.AbstractAutowireCapableBeanFactory.createBean(AbstractAutowireCapableBeanFactory.java:522)
	at org.springframework.beans.factory.support.AbstractBeanFactory.lambda$doGetBean$0(AbstractBeanFactory.java:337)
	at org.springframework.beans.factory.support.DefaultSingletonBeanRegistry.getSingleton(DefaultSingletonBeanRegistry.java:234)
	at org.springframework.beans.factory.support.AbstractBeanFactory.doGetBean(AbstractBeanFactory.java:335)
	at org.springframework.beans.factory.support.AbstractBeanFactory.getBean(AbstractBeanFactory.java:205)
	at org.springframework.context.support.AbstractApplicationContext.finishBeanFactoryInitialization(AbstractApplicationContext.java:952)
	at org.springframework.context.support.AbstractApplicationContext.refresh(AbstractApplicationContext.java:624)
	at org.springframework.boot.web.servlet.context.ServletWebServerApplicationContext.refresh(ServletWebServerApplicationContext.java:146)
	at org.springframework.boot.SpringApplication.refresh(SpringApplication.java:754)
	at org.springframework.boot.SpringApplication.refreshContext(SpringApplication.java:456)
	at org.springframework.boot.SpringApplication.run(SpringApplication.java:335)
	at org.springframework.boot.SpringApplication.run(SpringApplication.java:1363)
	at org.springframework.boot.SpringApplication.run(SpringApplication.java:1352)
	at org.example.CulinaryExchangeApplication.main(CulinaryExchangeApplication.java:9)
	at java.base/jdk.internal.reflect.DirectMethodHandleAccessor.invoke(DirectMethodHandleAccessor.java:103)
	at java.base/java.lang.reflect.Method.invoke(Method.java:580)
	at org.springframework.boot.devtools.restart.RestartLauncher.run(RestartLauncher.java:50)
Caused by: java.lang.TypeNotPresentException: Type org.example.entity.Recipe not present
	at java.base/sun.reflect.generics.factory.CoreReflectionFactory.makeNamedType(CoreReflectionFactory.java:117)
	at java.base/sun.reflect.generics.visitor.Reifier.visitClassTypeSignature(Reifier.java:125)
	at java.base/sun.reflect.generics.tree.ClassTypeSignature.accept(ClassTypeSignature.java:49)
	at java.base/sun.reflect.generics.visitor.Reifier.reifyTypeArguments(Reifier.java:68)
	at java.base/sun.reflect.generics.visitor.Reifier.visitClassTypeSignature(Reifier.java:138)
	at java.base/sun.reflect.generics.tree.ClassTypeSignature.accept(ClassTypeSignature.java:49)
	at java.base/sun.reflect.generics.repository.FieldRepository.computeGenericType(FieldRepository.java:90)
	at java.base/sun.reflect.generics.repository.FieldRepository.getGenericType(FieldRepository.java:82)
	at java.base/java.lang.reflect.Field.getGenericType(Field.java:294)
	at org.hibernate.annotations.common.reflection.java.JavaXClass.getDeclaredFieldProperties(JavaXClass.java:127)
	at org.hibernate.annotations.common.reflection.java.JavaXClass.getDeclaredProperties(JavaXClass.java:172)
	at org.hibernate.annotations.common.reflection.java.JavaXClass.getDeclaredProperties(JavaXClass.java:167)
	at org.hibernate.boot.model.internal.InheritanceState.determineDefaultAccessType(InheritanceState.java:265)
	at org.hibernate.boot.model.internal.InheritanceState.getElementsToProcess(InheritanceState.java:215)
	at org.hibernate.boot.model.internal.InheritanceState.postProcess(InheritanceState.java:160)
	at org.hibernate.boot.model.internal.EntityBinder.handleIdentifier(EntityBinder.java:407)
	at org.hibernate.boot.model.internal.EntityBinder.bindEntityClass(EntityBinder.java:248)
	at org.hibernate.boot.model.internal.AnnotationBinder.bindClass(AnnotationBinder.java:399)
	at org.hibernate.boot.model.source.internal.annotations.AnnotationMetadataSourceProcessorImpl.processEntityHierarchies(AnnotationMetadataSourceProcessorImpl.java:259)
	at org.hibernate.boot.model.process.spi.MetadataBuildingProcess$1.processEntityHierarchies(MetadataBuildingProcess.java:281)
	at org.hibernate.boot.model.process.spi.MetadataBuildingProcess.complete(MetadataBuildingProcess.java:324)
	at org.hibernate.jpa.boot.internal.EntityManagerFactoryBuilderImpl.metadata(EntityManagerFactoryBuilderImpl.java:1431)
	at org.hibernate.jpa.boot.internal.EntityManagerFactoryBuilderImpl.build(EntityManagerFactoryBuilderImpl.java:1502)
	at org.springframework.orm.jpa.vendor.SpringHibernateJpaPersistenceProvider.createContainerEntityManagerFactory(SpringHibernateJpaPersistenceProvider.java:75)
	at org.springframework.orm.jpa.LocalContainerEntityManagerFactoryBean.createNativeEntityManagerFactory(LocalContainerEntityManagerFactoryBean.java:390)
	at org.springframework.orm.jpa.AbstractEntityManagerFactoryBean.buildNativeEntityManagerFactory(AbstractEntityManagerFactoryBean.java:409)
	at org.springframework.orm.jpa.AbstractEntityManagerFactoryBean.afterPropertiesSet(AbstractEntityManagerFactoryBean.java:396)
	at org.springframework.orm.jpa.LocalContainerEntityManagerFactoryBean.afterPropertiesSet(LocalContainerEntityManagerFactoryBean.java:366)
	at org.springframework.beans.factory.support.AbstractAutowireCapableBeanFactory.invokeInitMethods(AbstractAutowireCapableBeanFactory.java:1835)
	at org.springframework.beans.factory.support.AbstractAutowireCapableBeanFactory.initializeBean(AbstractAutowireCapableBeanFactory.java:1784)
	... 18 common frames omitted
Caused by: java.lang.ClassNotFoundException: org.example.entity.Recipe
	at java.base/jdk.internal.loader.BuiltinClassLoader.loadClass(BuiltinClassLoader.java:641)
	at java.base/jdk.internal.loader.ClassLoaders$AppClassLoader.loadClass(ClassLoaders.java:188)
	at java.base/java.lang.ClassLoader.loadClass(ClassLoader.java:526)
	at java.base/java.lang.Class.forName0(Native Method)
	at java.base/java.lang.Class.forName(Class.java:534)
	at java.base/java.lang.Class.forName(Class.java:513)
	at org.springframework.boot.devtools.restart.classloader.RestartClassLoader.loadClass(RestartClassLoader.java:121)
	at java.base/java.lang.ClassLoader.loadClass(ClassLoader.java:526)
	at java.base/java.lang.Class.forName0(Native Method)
	at java.base/java.lang.Class.forName(Class.java:534)
	at java.base/java.lang.Class.forName(Class.java:513)
	at java.base/sun.reflect.generics.factory.CoreReflectionFactory.makeNamedType(CoreReflectionFactory.java:114)
	... 47 common frames omitted
2025-06-24 13:01:29 [restartedMain] INFO  o.e.CulinaryExchangeApplication - Starting CulinaryExchangeApplication using Java 21.0.7 with PID 95535 (/Users/pro/IdeaProjects/culinaryExchangeS2/CulinaryService/target/classes started by pro in /Users/pro/IdeaProjects/culinaryExchangeS2)
2025-06-24 13:01:29 [restartedMain] DEBUG o.e.CulinaryExchangeApplication - Running with Spring Boot v3.3.0, Spring v6.1.8
2025-06-24 13:01:29 [restartedMain] INFO  o.e.CulinaryExchangeApplication - No active profile set, falling back to 1 default profile: "default"
2025-06-24 13:01:30 [restartedMain] INFO  o.a.catalina.core.StandardService - Starting service [Tomcat]
2025-06-24 13:01:30 [restartedMain] INFO  o.a.catalina.core.StandardEngine - Starting Servlet engine: [Apache Tomcat/10.1.24]
2025-06-24 13:01:30 [restartedMain] INFO  o.apache.jasper.servlet.TldScanner - At least one JAR was scanned for TLDs yet contained no TLDs. Enable debug logging for this logger for a complete list of JARs that were scanned but no TLDs were found in them. Skipping unneeded JARs during scanning can improve startup time and JSP compilation time.
2025-06-24 13:01:30 [restartedMain] INFO  o.a.c.c.C.[.[localhost].[/culinary] - Initializing Spring embedded WebApplicationContext
2025-06-24 13:01:30 [restartedMain] INFO  com.zaxxer.hikari.HikariDataSource - HikariPool-1 - Starting...
2025-06-24 13:01:30 [restartedMain] INFO  com.zaxxer.hikari.pool.HikariPool - HikariPool-1 - Added connection org.postgresql.jdbc.PgConnection@1539240d
2025-06-24 13:01:30 [restartedMain] INFO  com.zaxxer.hikari.HikariDataSource - HikariPool-1 - Start completed.
2025-06-24 13:01:30 [restartedMain] INFO  org.flywaydb.core.FlywayExecutor - Database: jdbc:postgresql://localhost:5432/culinaryExchangeS2 (PostgreSQL 17.1)
2025-06-24 13:01:30 [restartedMain] WARN  o.f.c.i.database.base.Database - Flyway upgrade recommended: PostgreSQL 17.1 is newer than this version of Flyway and support has not been tested. The latest supported version of PostgreSQL is 16.
2025-06-24 13:01:30 [restartedMain] INFO  o.f.core.internal.command.DbValidate - Successfully validated 1 migration (execution time 00:00.009s)
2025-06-24 13:01:30 [restartedMain] INFO  o.f.core.internal.command.DbMigrate - Current version of schema "public": 1
2025-06-24 13:01:30 [restartedMain] INFO  o.f.core.internal.command.DbMigrate - Schema "public" is up to date. No migration necessary.
2025-06-24 13:01:30 [restartedMain] INFO  o.h.jpa.internal.util.LogHelper - HHH000204: Processing PersistenceUnitInfo [name: default]
2025-06-24 13:01:30 [restartedMain] INFO  org.hibernate.Version - HHH000412: Hibernate ORM core version 6.5.2.Final
2025-06-24 13:01:30 [restartedMain] INFO  o.h.c.i.RegionFactoryInitiator - HHH000026: Second-level cache disabled
2025-06-24 13:01:30 [restartedMain] WARN  org.hibernate.orm.deprecation - HHH90000025: PostgreSQLDialect does not need to be specified explicitly using 'hibernate.dialect' (remove the property setting and it will be selected by default)
2025-06-24 13:01:30 [restartedMain] WARN  o.s.b.w.s.c.AnnotationConfigServletWebServerApplicationContext - Exception encountered during context initialization - cancelling refresh attempt: org.springframework.beans.factory.BeanCreationException: Error creating bean with name 'entityManagerFactory' defined in class path resource [org/springframework/boot/autoconfigure/orm/jpa/HibernateJpaConfiguration.class]: Type org.example.entity.Recipe not present
2025-06-24 13:01:30 [restartedMain] INFO  com.zaxxer.hikari.HikariDataSource - HikariPool-1 - Shutdown initiated...
2025-06-24 13:01:30 [restartedMain] INFO  com.zaxxer.hikari.HikariDataSource - HikariPool-1 - Shutdown completed.
2025-06-24 13:01:30 [restartedMain] INFO  o.a.catalina.core.StandardService - Stopping service [Tomcat]
2025-06-24 13:01:30 [restartedMain] ERROR o.s.boot.SpringApplication - Application run failed
org.springframework.beans.factory.BeanCreationException: Error creating bean with name 'entityManagerFactory' defined in class path resource [org/springframework/boot/autoconfigure/orm/jpa/HibernateJpaConfiguration.class]: Type org.example.entity.Recipe not present
	at org.springframework.beans.factory.support.AbstractAutowireCapableBeanFactory.initializeBean(AbstractAutowireCapableBeanFactory.java:1788)
	at org.springframework.beans.factory.support.AbstractAutowireCapableBeanFactory.doCreateBean(AbstractAutowireCapableBeanFactory.java:600)
	at org.springframework.beans.factory.support.AbstractAutowireCapableBeanFactory.createBean(AbstractAutowireCapableBeanFactory.java:522)
	at org.springframework.beans.factory.support.AbstractBeanFactory.lambda$doGetBean$0(AbstractBeanFactory.java:337)
	at org.springframework.beans.factory.support.DefaultSingletonBeanRegistry.getSingleton(DefaultSingletonBeanRegistry.java:234)
	at org.springframework.beans.factory.support.AbstractBeanFactory.doGetBean(AbstractBeanFactory.java:335)
	at org.springframework.beans.factory.support.AbstractBeanFactory.getBean(AbstractBeanFactory.java:205)
	at org.springframework.context.support.AbstractApplicationContext.finishBeanFactoryInitialization(AbstractApplicationContext.java:952)
	at org.springframework.context.support.AbstractApplicationContext.refresh(AbstractApplicationContext.java:624)
	at org.springframework.boot.web.servlet.context.ServletWebServerApplicationContext.refresh(ServletWebServerApplicationContext.java:146)
	at org.springframework.boot.SpringApplication.refresh(SpringApplication.java:754)
	at org.springframework.boot.SpringApplication.refreshContext(SpringApplication.java:456)
	at org.springframework.boot.SpringApplication.run(SpringApplication.java:335)
	at org.springframework.boot.SpringApplication.run(SpringApplication.java:1363)
	at org.springframework.boot.SpringApplication.run(SpringApplication.java:1352)
	at org.example.CulinaryExchangeApplication.main(CulinaryExchangeApplication.java:9)
	at java.base/jdk.internal.reflect.DirectMethodHandleAccessor.invoke(DirectMethodHandleAccessor.java:103)
	at java.base/java.lang.reflect.Method.invoke(Method.java:580)
	at org.springframework.boot.devtools.restart.RestartLauncher.run(RestartLauncher.java:50)
Caused by: java.lang.TypeNotPresentException: Type org.example.entity.Recipe not present
	at java.base/sun.reflect.generics.factory.CoreReflectionFactory.makeNamedType(CoreReflectionFactory.java:117)
	at java.base/sun.reflect.generics.visitor.Reifier.visitClassTypeSignature(Reifier.java:125)
	at java.base/sun.reflect.generics.tree.ClassTypeSignature.accept(ClassTypeSignature.java:49)
	at java.base/sun.reflect.generics.visitor.Reifier.reifyTypeArguments(Reifier.java:68)
	at java.base/sun.reflect.generics.visitor.Reifier.visitClassTypeSignature(Reifier.java:138)
	at java.base/sun.reflect.generics.tree.ClassTypeSignature.accept(ClassTypeSignature.java:49)
	at java.base/sun.reflect.generics.repository.FieldRepository.computeGenericType(FieldRepository.java:90)
	at java.base/sun.reflect.generics.repository.FieldRepository.getGenericType(FieldRepository.java:82)
	at java.base/java.lang.reflect.Field.getGenericType(Field.java:294)
	at org.hibernate.annotations.common.reflection.java.JavaXClass.getDeclaredFieldProperties(JavaXClass.java:127)
	at org.hibernate.annotations.common.reflection.java.JavaXClass.getDeclaredProperties(JavaXClass.java:172)
	at org.hibernate.annotations.common.reflection.java.JavaXClass.getDeclaredProperties(JavaXClass.java:167)
	at org.hibernate.boot.model.internal.InheritanceState.determineDefaultAccessType(InheritanceState.java:265)
	at org.hibernate.boot.model.internal.InheritanceState.getElementsToProcess(InheritanceState.java:215)
	at org.hibernate.boot.model.internal.InheritanceState.postProcess(InheritanceState.java:160)
	at org.hibernate.boot.model.internal.EntityBinder.handleIdentifier(EntityBinder.java:407)
	at org.hibernate.boot.model.internal.EntityBinder.bindEntityClass(EntityBinder.java:248)
	at org.hibernate.boot.model.internal.AnnotationBinder.bindClass(AnnotationBinder.java:399)
	at org.hibernate.boot.model.source.internal.annotations.AnnotationMetadataSourceProcessorImpl.processEntityHierarchies(AnnotationMetadataSourceProcessorImpl.java:259)
	at org.hibernate.boot.model.process.spi.MetadataBuildingProcess$1.processEntityHierarchies(MetadataBuildingProcess.java:281)
	at org.hibernate.boot.model.process.spi.MetadataBuildingProcess.complete(MetadataBuildingProcess.java:324)
	at org.hibernate.jpa.boot.internal.EntityManagerFactoryBuilderImpl.metadata(EntityManagerFactoryBuilderImpl.java:1431)
	at org.hibernate.jpa.boot.internal.EntityManagerFactoryBuilderImpl.build(EntityManagerFactoryBuilderImpl.java:1502)
	at org.springframework.orm.jpa.vendor.SpringHibernateJpaPersistenceProvider.createContainerEntityManagerFactory(SpringHibernateJpaPersistenceProvider.java:75)
	at org.springframework.orm.jpa.LocalContainerEntityManagerFactoryBean.createNativeEntityManagerFactory(LocalContainerEntityManagerFactoryBean.java:390)
	at org.springframework.orm.jpa.AbstractEntityManagerFactoryBean.buildNativeEntityManagerFactory(AbstractEntityManagerFactoryBean.java:409)
	at org.springframework.orm.jpa.AbstractEntityManagerFactoryBean.afterPropertiesSet(AbstractEntityManagerFactoryBean.java:396)
	at org.springframework.orm.jpa.LocalContainerEntityManagerFactoryBean.afterPropertiesSet(LocalContainerEntityManagerFactoryBean.java:366)
	at org.springframework.beans.factory.support.AbstractAutowireCapableBeanFactory.invokeInitMethods(AbstractAutowireCapableBeanFactory.java:1835)
	at org.springframework.beans.factory.support.AbstractAutowireCapableBeanFactory.initializeBean(AbstractAutowireCapableBeanFactory.java:1784)
	... 18 common frames omitted
Caused by: java.lang.ClassNotFoundException: org.example.entity.Recipe
	at java.base/jdk.internal.loader.BuiltinClassLoader.loadClass(BuiltinClassLoader.java:641)
	at java.base/jdk.internal.loader.ClassLoaders$AppClassLoader.loadClass(ClassLoaders.java:188)
	at java.base/java.lang.ClassLoader.loadClass(ClassLoader.java:526)
	at java.base/java.lang.Class.forName0(Native Method)
	at java.base/java.lang.Class.forName(Class.java:534)
	at java.base/java.lang.Class.forName(Class.java:513)
	at org.springframework.boot.devtools.restart.classloader.RestartClassLoader.loadClass(RestartClassLoader.java:121)
	at java.base/java.lang.ClassLoader.loadClass(ClassLoader.java:526)
	at java.base/java.lang.Class.forName0(Native Method)
	at java.base/java.lang.Class.forName(Class.java:534)
	at java.base/java.lang.Class.forName(Class.java:513)
	at java.base/sun.reflect.generics.factory.CoreReflectionFactory.makeNamedType(CoreReflectionFactory.java:114)
	... 47 common frames omitted
2025-06-24 13:03:52 [restartedMain] INFO  o.e.CulinaryExchangeApplication - Starting CulinaryExchangeApplication using Java 21.0.7 with PID 95704 (/Users/pro/IdeaProjects/culinaryExchangeS2/CulinaryService/target/classes started by pro in /Users/pro/IdeaProjects/culinaryExchangeS2)
2025-06-24 13:03:52 [restartedMain] DEBUG o.e.CulinaryExchangeApplication - Running with Spring Boot v3.3.0, Spring v6.1.8
2025-06-24 13:03:52 [restartedMain] INFO  o.e.CulinaryExchangeApplication - No active profile set, falling back to 1 default profile: "default"
2025-06-24 13:03:52 [restartedMain] INFO  o.a.catalina.core.StandardService - Starting service [Tomcat]
2025-06-24 13:03:52 [restartedMain] INFO  o.a.catalina.core.StandardEngine - Starting Servlet engine: [Apache Tomcat/10.1.24]
2025-06-24 13:03:52 [restartedMain] INFO  o.apache.jasper.servlet.TldScanner - At least one JAR was scanned for TLDs yet contained no TLDs. Enable debug logging for this logger for a complete list of JARs that were scanned but no TLDs were found in them. Skipping unneeded JARs during scanning can improve startup time and JSP compilation time.
2025-06-24 13:03:52 [restartedMain] INFO  o.a.c.c.C.[.[localhost].[/culinary] - Initializing Spring embedded WebApplicationContext
2025-06-24 13:03:52 [restartedMain] INFO  com.zaxxer.hikari.HikariDataSource - HikariPool-1 - Starting...
2025-06-24 13:03:52 [restartedMain] INFO  com.zaxxer.hikari.pool.HikariPool - HikariPool-1 - Added connection org.postgresql.jdbc.PgConnection@7cbfbcf1
2025-06-24 13:03:52 [restartedMain] INFO  com.zaxxer.hikari.HikariDataSource - HikariPool-1 - Start completed.
2025-06-24 13:03:52 [restartedMain] INFO  org.flywaydb.core.FlywayExecutor - Database: jdbc:postgresql://localhost:5432/culinaryExchangeS2 (PostgreSQL 17.1)
2025-06-24 13:03:52 [restartedMain] WARN  o.f.c.i.database.base.Database - Flyway upgrade recommended: PostgreSQL 17.1 is newer than this version of Flyway and support has not been tested. The latest supported version of PostgreSQL is 16.
2025-06-24 13:03:52 [restartedMain] INFO  o.f.core.internal.command.DbValidate - Successfully validated 1 migration (execution time 00:00.010s)
2025-06-24 13:03:52 [restartedMain] INFO  o.f.core.internal.command.DbMigrate - Current version of schema "public": 1
2025-06-24 13:03:52 [restartedMain] INFO  o.f.core.internal.command.DbMigrate - Schema "public" is up to date. No migration necessary.
2025-06-24 13:03:52 [restartedMain] INFO  o.h.jpa.internal.util.LogHelper - HHH000204: Processing PersistenceUnitInfo [name: default]
2025-06-24 13:03:52 [restartedMain] INFO  org.hibernate.Version - HHH000412: Hibernate ORM core version 6.5.2.Final
2025-06-24 13:03:52 [restartedMain] INFO  o.h.c.i.RegionFactoryInitiator - HHH000026: Second-level cache disabled
2025-06-24 13:03:53 [restartedMain] WARN  org.hibernate.orm.deprecation - HHH90000025: PostgreSQLDialect does not need to be specified explicitly using 'hibernate.dialect' (remove the property setting and it will be selected by default)
2025-06-24 13:03:53 [restartedMain] WARN  o.s.b.w.s.c.AnnotationConfigServletWebServerApplicationContext - Exception encountered during context initialization - cancelling refresh attempt: org.springframework.beans.factory.BeanCreationException: Error creating bean with name 'entityManagerFactory' defined in class path resource [org/springframework/boot/autoconfigure/orm/jpa/HibernateJpaConfiguration.class]: Type org.example.entity.Recipe not present
2025-06-24 13:03:53 [restartedMain] INFO  com.zaxxer.hikari.HikariDataSource - HikariPool-1 - Shutdown initiated...
2025-06-24 13:03:53 [restartedMain] INFO  com.zaxxer.hikari.HikariDataSource - HikariPool-1 - Shutdown completed.
2025-06-24 13:03:53 [restartedMain] INFO  o.a.catalina.core.StandardService - Stopping service [Tomcat]
2025-06-24 13:03:53 [restartedMain] ERROR o.s.boot.SpringApplication - Application run failed
org.springframework.beans.factory.BeanCreationException: Error creating bean with name 'entityManagerFactory' defined in class path resource [org/springframework/boot/autoconfigure/orm/jpa/HibernateJpaConfiguration.class]: Type org.example.entity.Recipe not present
	at org.springframework.beans.factory.support.AbstractAutowireCapableBeanFactory.initializeBean(AbstractAutowireCapableBeanFactory.java:1788)
	at org.springframework.beans.factory.support.AbstractAutowireCapableBeanFactory.doCreateBean(AbstractAutowireCapableBeanFactory.java:600)
	at org.springframework.beans.factory.support.AbstractAutowireCapableBeanFactory.createBean(AbstractAutowireCapableBeanFactory.java:522)
	at org.springframework.beans.factory.support.AbstractBeanFactory.lambda$doGetBean$0(AbstractBeanFactory.java:337)
	at org.springframework.beans.factory.support.DefaultSingletonBeanRegistry.getSingleton(DefaultSingletonBeanRegistry.java:234)
	at org.springframework.beans.factory.support.AbstractBeanFactory.doGetBean(AbstractBeanFactory.java:335)
	at org.springframework.beans.factory.support.AbstractBeanFactory.getBean(AbstractBeanFactory.java:205)
	at org.springframework.context.support.AbstractApplicationContext.finishBeanFactoryInitialization(AbstractApplicationContext.java:952)
	at org.springframework.context.support.AbstractApplicationContext.refresh(AbstractApplicationContext.java:624)
	at org.springframework.boot.web.servlet.context.ServletWebServerApplicationContext.refresh(ServletWebServerApplicationContext.java:146)
	at org.springframework.boot.SpringApplication.refresh(SpringApplication.java:754)
	at org.springframework.boot.SpringApplication.refreshContext(SpringApplication.java:456)
	at org.springframework.boot.SpringApplication.run(SpringApplication.java:335)
	at org.springframework.boot.SpringApplication.run(SpringApplication.java:1363)
	at org.springframework.boot.SpringApplication.run(SpringApplication.java:1352)
	at org.example.CulinaryExchangeApplication.main(CulinaryExchangeApplication.java:11)
	at java.base/jdk.internal.reflect.DirectMethodHandleAccessor.invoke(DirectMethodHandleAccessor.java:103)
	at java.base/java.lang.reflect.Method.invoke(Method.java:580)
	at org.springframework.boot.devtools.restart.RestartLauncher.run(RestartLauncher.java:50)
Caused by: java.lang.TypeNotPresentException: Type org.example.entity.Recipe not present
	at java.base/sun.reflect.generics.factory.CoreReflectionFactory.makeNamedType(CoreReflectionFactory.java:117)
	at java.base/sun.reflect.generics.visitor.Reifier.visitClassTypeSignature(Reifier.java:125)
	at java.base/sun.reflect.generics.tree.ClassTypeSignature.accept(ClassTypeSignature.java:49)
	at java.base/sun.reflect.generics.visitor.Reifier.reifyTypeArguments(Reifier.java:68)
	at java.base/sun.reflect.generics.visitor.Reifier.visitClassTypeSignature(Reifier.java:138)
	at java.base/sun.reflect.generics.tree.ClassTypeSignature.accept(ClassTypeSignature.java:49)
	at java.base/sun.reflect.generics.repository.FieldRepository.computeGenericType(FieldRepository.java:90)
	at java.base/sun.reflect.generics.repository.FieldRepository.getGenericType(FieldRepository.java:82)
	at java.base/java.lang.reflect.Field.getGenericType(Field.java:294)
	at org.hibernate.annotations.common.reflection.java.JavaXClass.getDeclaredFieldProperties(JavaXClass.java:127)
	at org.hibernate.annotations.common.reflection.java.JavaXClass.getDeclaredProperties(JavaXClass.java:172)
	at org.hibernate.annotations.common.reflection.java.JavaXClass.getDeclaredProperties(JavaXClass.java:167)
	at org.hibernate.boot.model.internal.InheritanceState.determineDefaultAccessType(InheritanceState.java:265)
	at org.hibernate.boot.model.internal.InheritanceState.getElementsToProcess(InheritanceState.java:215)
	at org.hibernate.boot.model.internal.InheritanceState.postProcess(InheritanceState.java:160)
	at org.hibernate.boot.model.internal.EntityBinder.handleIdentifier(EntityBinder.java:407)
	at org.hibernate.boot.model.internal.EntityBinder.bindEntityClass(EntityBinder.java:248)
	at org.hibernate.boot.model.internal.AnnotationBinder.bindClass(AnnotationBinder.java:399)
	at org.hibernate.boot.model.source.internal.annotations.AnnotationMetadataSourceProcessorImpl.processEntityHierarchies(AnnotationMetadataSourceProcessorImpl.java:259)
	at org.hibernate.boot.model.process.spi.MetadataBuildingProcess$1.processEntityHierarchies(MetadataBuildingProcess.java:281)
	at org.hibernate.boot.model.process.spi.MetadataBuildingProcess.complete(MetadataBuildingProcess.java:324)
	at org.hibernate.jpa.boot.internal.EntityManagerFactoryBuilderImpl.metadata(EntityManagerFactoryBuilderImpl.java:1431)
	at org.hibernate.jpa.boot.internal.EntityManagerFactoryBuilderImpl.build(EntityManagerFactoryBuilderImpl.java:1502)
	at org.springframework.orm.jpa.vendor.SpringHibernateJpaPersistenceProvider.createContainerEntityManagerFactory(SpringHibernateJpaPersistenceProvider.java:75)
	at org.springframework.orm.jpa.LocalContainerEntityManagerFactoryBean.createNativeEntityManagerFactory(LocalContainerEntityManagerFactoryBean.java:390)
	at org.springframework.orm.jpa.AbstractEntityManagerFactoryBean.buildNativeEntityManagerFactory(AbstractEntityManagerFactoryBean.java:409)
	at org.springframework.orm.jpa.AbstractEntityManagerFactoryBean.afterPropertiesSet(AbstractEntityManagerFactoryBean.java:396)
	at org.springframework.orm.jpa.LocalContainerEntityManagerFactoryBean.afterPropertiesSet(LocalContainerEntityManagerFactoryBean.java:366)
	at org.springframework.beans.factory.support.AbstractAutowireCapableBeanFactory.invokeInitMethods(AbstractAutowireCapableBeanFactory.java:1835)
	at org.springframework.beans.factory.support.AbstractAutowireCapableBeanFactory.initializeBean(AbstractAutowireCapableBeanFactory.java:1784)
	... 18 common frames omitted
Caused by: java.lang.ClassNotFoundException: org.example.entity.Recipe
	at java.base/jdk.internal.loader.BuiltinClassLoader.loadClass(BuiltinClassLoader.java:641)
	at java.base/jdk.internal.loader.ClassLoaders$AppClassLoader.loadClass(ClassLoaders.java:188)
	at java.base/java.lang.ClassLoader.loadClass(ClassLoader.java:526)
	at java.base/java.lang.Class.forName0(Native Method)
	at java.base/java.lang.Class.forName(Class.java:534)
	at java.base/java.lang.Class.forName(Class.java:513)
	at org.springframework.boot.devtools.restart.classloader.RestartClassLoader.loadClass(RestartClassLoader.java:121)
	at java.base/java.lang.ClassLoader.loadClass(ClassLoader.java:526)
	at java.base/java.lang.Class.forName0(Native Method)
	at java.base/java.lang.Class.forName(Class.java:534)
	at java.base/java.lang.Class.forName(Class.java:513)
	at java.base/sun.reflect.generics.factory.CoreReflectionFactory.makeNamedType(CoreReflectionFactory.java:114)
	... 47 common frames omitted
2025-06-24 13:05:44 [main] INFO  o.e.CulinaryExchangeApplication - Starting CulinaryExchangeApplication using Java 21.0.7 with PID 95885 (/Users/pro/IdeaProjects/culinaryExchangeS2/CulinaryService/target/classes started by pro in /Users/pro/IdeaProjects/culinaryExchangeS2)
2025-06-24 13:05:44 [main] DEBUG o.e.CulinaryExchangeApplication - Running with Spring Boot v3.3.0, Spring v6.1.8
2025-06-24 13:05:44 [main] INFO  o.e.CulinaryExchangeApplication - No active profile set, falling back to 1 default profile: "default"
2025-06-24 13:05:44 [main] INFO  o.a.catalina.core.StandardService - Starting service [Tomcat]
2025-06-24 13:05:44 [main] INFO  o.a.catalina.core.StandardEngine - Starting Servlet engine: [Apache Tomcat/10.1.24]
2025-06-24 13:05:44 [main] INFO  o.apache.jasper.servlet.TldScanner - At least one JAR was scanned for TLDs yet contained no TLDs. Enable debug logging for this logger for a complete list of JARs that were scanned but no TLDs were found in them. Skipping unneeded JARs during scanning can improve startup time and JSP compilation time.
2025-06-24 13:05:44 [main] INFO  o.a.c.c.C.[.[localhost].[/culinary] - Initializing Spring embedded WebApplicationContext
2025-06-24 13:05:44 [main] INFO  com.zaxxer.hikari.HikariDataSource - HikariPool-1 - Starting...
2025-06-24 13:05:44 [main] INFO  com.zaxxer.hikari.pool.HikariPool - HikariPool-1 - Added connection org.postgresql.jdbc.PgConnection@2dd0a0d0
2025-06-24 13:05:44 [main] INFO  com.zaxxer.hikari.HikariDataSource - HikariPool-1 - Start completed.
2025-06-24 13:05:44 [main] INFO  org.flywaydb.core.FlywayExecutor - Database: jdbc:postgresql://localhost:5432/culinaryExchangeS2 (PostgreSQL 17.1)
2025-06-24 13:05:44 [main] WARN  o.f.c.i.database.base.Database - Flyway upgrade recommended: PostgreSQL 17.1 is newer than this version of Flyway and support has not been tested. The latest supported version of PostgreSQL is 16.
2025-06-24 13:05:44 [main] INFO  o.f.core.internal.command.DbValidate - Successfully validated 1 migration (execution time 00:00.009s)
2025-06-24 13:05:45 [main] INFO  o.f.core.internal.command.DbMigrate - Current version of schema "public": 1
2025-06-24 13:05:45 [main] INFO  o.f.core.internal.command.DbMigrate - Schema "public" is up to date. No migration necessary.
2025-06-24 13:05:45 [main] INFO  o.h.jpa.internal.util.LogHelper - HHH000204: Processing PersistenceUnitInfo [name: default]
2025-06-24 13:05:45 [main] INFO  org.hibernate.Version - HHH000412: Hibernate ORM core version 6.5.2.Final
2025-06-24 13:05:45 [main] INFO  o.h.c.i.RegionFactoryInitiator - HHH000026: Second-level cache disabled
2025-06-24 13:05:45 [main] WARN  org.hibernate.orm.deprecation - HHH90000025: PostgreSQLDialect does not need to be specified explicitly using 'hibernate.dialect' (remove the property setting and it will be selected by default)
2025-06-24 13:05:45 [main] INFO  o.h.e.t.j.p.i.JtaPlatformInitiator - HHH000489: No JTA platform available (set 'hibernate.transaction.jta.platform' to enable JTA platform integration)
2025-06-24 13:05:46 [main] WARN  o.s.b.a.o.j.JpaBaseConfiguration$JpaWebConfiguration - spring.jpa.open-in-view is enabled by default. Therefore, database queries may be performed during view rendering. Explicitly configure spring.jpa.open-in-view to disable this warning
2025-06-24 13:05:46 [main] INFO  o.s.s.c.a.a.c.InitializeUserDetailsBeanManagerConfigurer$InitializeUserDetailsManagerConfigurer - Global AuthenticationManager configured with UserDetailsService bean with name customUserDetailsService
2025-06-24 13:05:46 [main] INFO  o.s.s.web.DefaultSecurityFilterChain - Will secure any request with [org.springframework.security.web.session.DisableEncodeUrlFilter@539f0729, org.springframework.security.web.context.request.async.WebAsyncManagerIntegrationFilter@ebad9a, org.springframework.security.web.context.SecurityContextHolderFilter@64992713, org.springframework.security.web.header.HeaderWriterFilter@1222d0e4, org.springframework.web.filter.CorsFilter@3fa27158, org.springframework.security.web.csrf.CsrfFilter@13e59265, org.springframework.security.web.authentication.logout.LogoutFilter@da87122, org.springframework.security.web.authentication.UsernamePasswordAuthenticationFilter@d3e9b94, org.springframework.security.web.savedrequest.RequestCacheAwareFilter@22cc2ae5, org.springframework.security.web.servletapi.SecurityContextHolderAwareRequestFilter@2f930be7, org.springframework.security.web.authentication.AnonymousAuthenticationFilter@4b2b2757, org.springframework.security.web.access.ExceptionTranslationFilter@76600c90, org.springframework.security.web.access.intercept.AuthorizationFilter@1c8ab147]
2025-06-24 13:05:46 [main] INFO  o.e.CulinaryExchangeApplication - Started CulinaryExchangeApplication in 2.144 seconds (process running for 2.366)
2025-06-24 13:23:02 [SpringApplicationShutdownHook] INFO  com.zaxxer.hikari.HikariDataSource - HikariPool-1 - Shutdown initiated...
2025-06-24 13:23:02 [SpringApplicationShutdownHook] INFO  com.zaxxer.hikari.HikariDataSource - HikariPool-1 - Shutdown completed.
2025-06-24 13:24:45 [main] INFO  o.e.CulinaryExchangeApplication - Starting CulinaryExchangeApplication using Java 21.0.7 with PID 97382 (/Users/pro/IdeaProjects/culinaryExchangeS2/CulinaryService/target/classes started by pro in /Users/pro/IdeaProjects/culinaryExchangeS2)
2025-06-24 13:24:45 [main] DEBUG o.e.CulinaryExchangeApplication - Running with Spring Boot v3.3.0, Spring v6.1.8
2025-06-24 13:24:45 [main] INFO  o.e.CulinaryExchangeApplication - No active profile set, falling back to 1 default profile: "default"
2025-06-24 13:24:45 [main] INFO  o.a.catalina.core.StandardService - Starting service [Tomcat]
2025-06-24 13:24:45 [main] INFO  o.a.catalina.core.StandardEngine - Starting Servlet engine: [Apache Tomcat/10.1.24]
2025-06-24 13:24:45 [main] INFO  o.apache.jasper.servlet.TldScanner - At least one JAR was scanned for TLDs yet contained no TLDs. Enable debug logging for this logger for a complete list of JARs that were scanned but no TLDs were found in them. Skipping unneeded JARs during scanning can improve startup time and JSP compilation time.
2025-06-24 13:24:45 [main] INFO  o.a.c.c.C.[.[localhost].[/culinary] - Initializing Spring embedded WebApplicationContext
2025-06-24 13:24:45 [main] INFO  com.zaxxer.hikari.HikariDataSource - HikariPool-1 - Starting...
2025-06-24 13:24:45 [main] INFO  com.zaxxer.hikari.pool.HikariPool - HikariPool-1 - Added connection org.postgresql.jdbc.PgConnection@736b21ee
2025-06-24 13:24:45 [main] INFO  com.zaxxer.hikari.HikariDataSource - HikariPool-1 - Start completed.
2025-06-24 13:24:45 [main] INFO  org.flywaydb.core.FlywayExecutor - Database: jdbc:postgresql://localhost:5432/culinaryExchangeS2 (PostgreSQL 17.1)
2025-06-24 13:24:45 [main] WARN  o.f.c.i.database.base.Database - Flyway upgrade recommended: PostgreSQL 17.1 is newer than this version of Flyway and support has not been tested. The latest supported version of PostgreSQL is 16.
2025-06-24 13:24:45 [main] INFO  o.f.core.internal.command.DbValidate - Successfully validated 1 migration (execution time 00:00.011s)
2025-06-24 13:24:45 [main] INFO  o.f.core.internal.command.DbMigrate - Current version of schema "public": 1
2025-06-24 13:24:45 [main] INFO  o.f.core.internal.command.DbMigrate - Schema "public" is up to date. No migration necessary.
2025-06-24 13:24:45 [main] INFO  o.h.jpa.internal.util.LogHelper - HHH000204: Processing PersistenceUnitInfo [name: default]
2025-06-24 13:24:45 [main] INFO  org.hibernate.Version - HHH000412: Hibernate ORM core version 6.5.2.Final
2025-06-24 13:24:45 [main] INFO  o.h.c.i.RegionFactoryInitiator - HHH000026: Second-level cache disabled
2025-06-24 13:24:46 [main] WARN  org.hibernate.orm.deprecation - HHH90000025: PostgreSQLDialect does not need to be specified explicitly using 'hibernate.dialect' (remove the property setting and it will be selected by default)
2025-06-24 13:24:46 [main] WARN  o.s.b.w.s.c.AnnotationConfigServletWebServerApplicationContext - Exception encountered during context initialization - cancelling refresh attempt: org.springframework.beans.factory.BeanCreationException: Error creating bean with name 'entityManagerFactory' defined in class path resource [org/springframework/boot/autoconfigure/orm/jpa/HibernateJpaConfiguration.class]: Type org.example.entity.Recipe not present
2025-06-24 13:24:46 [main] INFO  com.zaxxer.hikari.HikariDataSource - HikariPool-1 - Shutdown initiated...
2025-06-24 13:24:46 [main] INFO  com.zaxxer.hikari.HikariDataSource - HikariPool-1 - Shutdown completed.
2025-06-24 13:24:46 [main] INFO  o.a.catalina.core.StandardService - Stopping service [Tomcat]
2025-06-24 13:24:46 [main] ERROR o.s.boot.SpringApplication - Application run failed
org.springframework.beans.factory.BeanCreationException: Error creating bean with name 'entityManagerFactory' defined in class path resource [org/springframework/boot/autoconfigure/orm/jpa/HibernateJpaConfiguration.class]: Type org.example.entity.Recipe not present
	at org.springframework.beans.factory.support.AbstractAutowireCapableBeanFactory.initializeBean(AbstractAutowireCapableBeanFactory.java:1788)
	at org.springframework.beans.factory.support.AbstractAutowireCapableBeanFactory.doCreateBean(AbstractAutowireCapableBeanFactory.java:600)
	at org.springframework.beans.factory.support.AbstractAutowireCapableBeanFactory.createBean(AbstractAutowireCapableBeanFactory.java:522)
	at org.springframework.beans.factory.support.AbstractBeanFactory.lambda$doGetBean$0(AbstractBeanFactory.java:337)
	at org.springframework.beans.factory.support.DefaultSingletonBeanRegistry.getSingleton(DefaultSingletonBeanRegistry.java:234)
	at org.springframework.beans.factory.support.AbstractBeanFactory.doGetBean(AbstractBeanFactory.java:335)
	at org.springframework.beans.factory.support.AbstractBeanFactory.getBean(AbstractBeanFactory.java:205)
	at org.springframework.context.support.AbstractApplicationContext.finishBeanFactoryInitialization(AbstractApplicationContext.java:952)
	at org.springframework.context.support.AbstractApplicationContext.refresh(AbstractApplicationContext.java:624)
	at org.springframework.boot.web.servlet.context.ServletWebServerApplicationContext.refresh(ServletWebServerApplicationContext.java:146)
	at org.springframework.boot.SpringApplication.refresh(SpringApplication.java:754)
	at org.springframework.boot.SpringApplication.refreshContext(SpringApplication.java:456)
	at org.springframework.boot.SpringApplication.run(SpringApplication.java:335)
	at org.springframework.boot.SpringApplication.run(SpringApplication.java:1363)
	at org.springframework.boot.SpringApplication.run(SpringApplication.java:1352)
	at org.example.CulinaryExchangeApplication.main(CulinaryExchangeApplication.java:9)
Caused by: java.lang.TypeNotPresentException: Type org.example.entity.Recipe not present
	at java.base/sun.reflect.generics.factory.CoreReflectionFactory.makeNamedType(CoreReflectionFactory.java:117)
	at java.base/sun.reflect.generics.visitor.Reifier.visitClassTypeSignature(Reifier.java:125)
	at java.base/sun.reflect.generics.tree.ClassTypeSignature.accept(ClassTypeSignature.java:49)
	at java.base/sun.reflect.generics.visitor.Reifier.reifyTypeArguments(Reifier.java:68)
	at java.base/sun.reflect.generics.visitor.Reifier.visitClassTypeSignature(Reifier.java:138)
	at java.base/sun.reflect.generics.tree.ClassTypeSignature.accept(ClassTypeSignature.java:49)
	at java.base/sun.reflect.generics.repository.FieldRepository.computeGenericType(FieldRepository.java:90)
	at java.base/sun.reflect.generics.repository.FieldRepository.getGenericType(FieldRepository.java:82)
	at java.base/java.lang.reflect.Field.getGenericType(Field.java:294)
	at org.hibernate.annotations.common.reflection.java.JavaXClass.getDeclaredFieldProperties(JavaXClass.java:127)
	at org.hibernate.annotations.common.reflection.java.JavaXClass.getDeclaredProperties(JavaXClass.java:172)
	at org.hibernate.annotations.common.reflection.java.JavaXClass.getDeclaredProperties(JavaXClass.java:167)
	at org.hibernate.boot.model.internal.InheritanceState.determineDefaultAccessType(InheritanceState.java:265)
	at org.hibernate.boot.model.internal.InheritanceState.getElementsToProcess(InheritanceState.java:215)
	at org.hibernate.boot.model.internal.InheritanceState.postProcess(InheritanceState.java:160)
	at org.hibernate.boot.model.internal.EntityBinder.handleIdentifier(EntityBinder.java:407)
	at org.hibernate.boot.model.internal.EntityBinder.bindEntityClass(EntityBinder.java:248)
	at org.hibernate.boot.model.internal.AnnotationBinder.bindClass(AnnotationBinder.java:399)
	at org.hibernate.boot.model.source.internal.annotations.AnnotationMetadataSourceProcessorImpl.processEntityHierarchies(AnnotationMetadataSourceProcessorImpl.java:259)
	at org.hibernate.boot.model.process.spi.MetadataBuildingProcess$1.processEntityHierarchies(MetadataBuildingProcess.java:281)
	at org.hibernate.boot.model.process.spi.MetadataBuildingProcess.complete(MetadataBuildingProcess.java:324)
	at org.hibernate.jpa.boot.internal.EntityManagerFactoryBuilderImpl.metadata(EntityManagerFactoryBuilderImpl.java:1431)
	at org.hibernate.jpa.boot.internal.EntityManagerFactoryBuilderImpl.build(EntityManagerFactoryBuilderImpl.java:1502)
	at org.springframework.orm.jpa.vendor.SpringHibernateJpaPersistenceProvider.createContainerEntityManagerFactory(SpringHibernateJpaPersistenceProvider.java:75)
	at org.springframework.orm.jpa.LocalContainerEntityManagerFactoryBean.createNativeEntityManagerFactory(LocalContainerEntityManagerFactoryBean.java:390)
	at org.springframework.orm.jpa.AbstractEntityManagerFactoryBean.buildNativeEntityManagerFactory(AbstractEntityManagerFactoryBean.java:409)
	at org.springframework.orm.jpa.AbstractEntityManagerFactoryBean.afterPropertiesSet(AbstractEntityManagerFactoryBean.java:396)
	at org.springframework.orm.jpa.LocalContainerEntityManagerFactoryBean.afterPropertiesSet(LocalContainerEntityManagerFactoryBean.java:366)
	at org.springframework.beans.factory.support.AbstractAutowireCapableBeanFactory.invokeInitMethods(AbstractAutowireCapableBeanFactory.java:1835)
	at org.springframework.beans.factory.support.AbstractAutowireCapableBeanFactory.initializeBean(AbstractAutowireCapableBeanFactory.java:1784)
	... 15 common frames omitted
Caused by: java.lang.ClassNotFoundException: org.example.entity.Recipe
	at java.base/jdk.internal.loader.BuiltinClassLoader.loadClass(BuiltinClassLoader.java:641)
	at java.base/jdk.internal.loader.ClassLoaders$AppClassLoader.loadClass(ClassLoaders.java:188)
	at java.base/java.lang.ClassLoader.loadClass(ClassLoader.java:526)
	at java.base/java.lang.Class.forName0(Native Method)
	at java.base/java.lang.Class.forName(Class.java:534)
	at java.base/java.lang.Class.forName(Class.java:513)
	at java.base/sun.reflect.generics.factory.CoreReflectionFactory.makeNamedType(CoreReflectionFactory.java:114)
	... 44 common frames omitted
2025-06-24 13:25:01 [main] INFO  o.e.CulinaryExchangeApplication - Starting CulinaryExchangeApplication using Java 21.0.7 with PID 97421 (/Users/pro/IdeaProjects/culinaryExchangeS2/CulinaryService/target/classes started by pro in /Users/pro/IdeaProjects/culinaryExchangeS2)
2025-06-24 13:25:01 [main] DEBUG o.e.CulinaryExchangeApplication - Running with Spring Boot v3.3.0, Spring v6.1.8
2025-06-24 13:25:01 [main] INFO  o.e.CulinaryExchangeApplication - No active profile set, falling back to 1 default profile: "default"
2025-06-24 13:25:01 [main] INFO  o.a.catalina.core.StandardService - Starting service [Tomcat]
2025-06-24 13:25:01 [main] INFO  o.a.catalina.core.StandardEngine - Starting Servlet engine: [Apache Tomcat/10.1.24]
2025-06-24 13:25:01 [main] INFO  o.apache.jasper.servlet.TldScanner - At least one JAR was scanned for TLDs yet contained no TLDs. Enable debug logging for this logger for a complete list of JARs that were scanned but no TLDs were found in them. Skipping unneeded JARs during scanning can improve startup time and JSP compilation time.
2025-06-24 13:25:01 [main] INFO  o.a.c.c.C.[.[localhost].[/culinary] - Initializing Spring embedded WebApplicationContext
2025-06-24 13:25:01 [main] INFO  com.zaxxer.hikari.HikariDataSource - HikariPool-1 - Starting...
2025-06-24 13:25:02 [main] INFO  com.zaxxer.hikari.pool.HikariPool - HikariPool-1 - Added connection org.postgresql.jdbc.PgConnection@57a667c8
2025-06-24 13:25:02 [main] INFO  com.zaxxer.hikari.HikariDataSource - HikariPool-1 - Start completed.
2025-06-24 13:25:02 [main] INFO  org.flywaydb.core.FlywayExecutor - Database: jdbc:postgresql://localhost:5432/culinaryExchangeS2 (PostgreSQL 17.1)
2025-06-24 13:25:02 [main] WARN  o.f.c.i.database.base.Database - Flyway upgrade recommended: PostgreSQL 17.1 is newer than this version of Flyway and support has not been tested. The latest supported version of PostgreSQL is 16.
2025-06-24 13:25:02 [main] INFO  o.f.core.internal.command.DbValidate - Successfully validated 1 migration (execution time 00:00.009s)
2025-06-24 13:25:02 [main] INFO  o.f.core.internal.command.DbMigrate - Current version of schema "public": 1
2025-06-24 13:25:02 [main] INFO  o.f.core.internal.command.DbMigrate - Schema "public" is up to date. No migration necessary.
2025-06-24 13:25:02 [main] INFO  o.h.jpa.internal.util.LogHelper - HHH000204: Processing PersistenceUnitInfo [name: default]
2025-06-24 13:25:02 [main] INFO  org.hibernate.Version - HHH000412: Hibernate ORM core version 6.5.2.Final
2025-06-24 13:25:02 [main] INFO  o.h.c.i.RegionFactoryInitiator - HHH000026: Second-level cache disabled
2025-06-24 13:25:02 [main] WARN  org.hibernate.orm.deprecation - HHH90000025: PostgreSQLDialect does not need to be specified explicitly using 'hibernate.dialect' (remove the property setting and it will be selected by default)
2025-06-24 13:25:02 [main] INFO  o.h.e.t.j.p.i.JtaPlatformInitiator - HHH000489: No JTA platform available (set 'hibernate.transaction.jta.platform' to enable JTA platform integration)
2025-06-24 13:25:03 [main] WARN  o.s.b.a.o.j.JpaBaseConfiguration$JpaWebConfiguration - spring.jpa.open-in-view is enabled by default. Therefore, database queries may be performed during view rendering. Explicitly configure spring.jpa.open-in-view to disable this warning
2025-06-24 13:25:03 [main] INFO  o.s.s.c.a.a.c.InitializeUserDetailsBeanManagerConfigurer$InitializeUserDetailsManagerConfigurer - Global AuthenticationManager configured with UserDetailsService bean with name customUserDetailsService
2025-06-24 13:25:03 [main] INFO  o.s.s.web.DefaultSecurityFilterChain - Will secure any request with [org.springframework.security.web.session.DisableEncodeUrlFilter@7e2f1454, org.springframework.security.web.context.request.async.WebAsyncManagerIntegrationFilter@35b1e5e5, org.springframework.security.web.context.SecurityContextHolderFilter@27c243a3, org.springframework.security.web.header.HeaderWriterFilter@53a41fbe, org.springframework.web.filter.CorsFilter@7caf0725, org.springframework.security.web.csrf.CsrfFilter@210d1b45, org.springframework.security.web.authentication.logout.LogoutFilter@20e06a86, org.springframework.security.web.authentication.UsernamePasswordAuthenticationFilter@45ef4dcb, org.springframework.security.web.savedrequest.RequestCacheAwareFilter@49bf800f, org.springframework.security.web.servletapi.SecurityContextHolderAwareRequestFilter@4089505c, org.springframework.security.web.authentication.AnonymousAuthenticationFilter@644acaff, org.springframework.security.web.access.ExceptionTranslationFilter@6dd6c64c, org.springframework.security.web.access.intercept.AuthorizationFilter@5dea8bf2]
2025-06-24 13:25:03 [main] INFO  o.e.CulinaryExchangeApplication - Started CulinaryExchangeApplication in 2.114 seconds (process running for 2.338)
2025-06-24 13:31:09 [SpringApplicationShutdownHook] INFO  com.zaxxer.hikari.HikariDataSource - HikariPool-1 - Shutdown initiated...
2025-06-24 13:31:09 [SpringApplicationShutdownHook] INFO  com.zaxxer.hikari.HikariDataSource - HikariPool-1 - Shutdown completed.
2025-06-24 18:26:27 [main] INFO  o.e.CulinaryExchangeApplication - Starting CulinaryExchangeApplication using Java 21.0.7 with PID 1189 (/Users/pro/IdeaProjects/culinaryExchangeS2/CulinaryService/target/classes started by pro in /Users/pro/IdeaProjects/culinaryExchangeS2)
2025-06-24 18:26:27 [main] DEBUG o.e.CulinaryExchangeApplication - Running with Spring Boot v3.3.0, Spring v6.1.8
2025-06-24 18:26:27 [main] INFO  o.e.CulinaryExchangeApplication - No active profile set, falling back to 1 default profile: "default"
2025-06-24 18:26:27 [main] INFO  o.a.catalina.core.StandardService - Starting service [Tomcat]
2025-06-24 18:26:27 [main] INFO  o.a.catalina.core.StandardEngine - Starting Servlet engine: [Apache Tomcat/10.1.24]
2025-06-24 18:26:27 [main] INFO  o.apache.jasper.servlet.TldScanner - At least one JAR was scanned for TLDs yet contained no TLDs. Enable debug logging for this logger for a complete list of JARs that were scanned but no TLDs were found in them. Skipping unneeded JARs during scanning can improve startup time and JSP compilation time.
2025-06-24 18:26:27 [main] INFO  o.a.c.c.C.[.[localhost].[/culinary] - Initializing Spring embedded WebApplicationContext
2025-06-24 18:26:27 [main] INFO  com.zaxxer.hikari.HikariDataSource - HikariPool-1 - Starting...
2025-06-24 18:26:27 [main] INFO  com.zaxxer.hikari.pool.HikariPool - HikariPool-1 - Added connection org.postgresql.jdbc.PgConnection@7f12094d
2025-06-24 18:26:27 [main] INFO  com.zaxxer.hikari.HikariDataSource - HikariPool-1 - Start completed.
2025-06-24 18:26:27 [main] INFO  org.flywaydb.core.FlywayExecutor - Database: jdbc:postgresql://localhost:5432/culinaryExchangeS2 (PostgreSQL 17.1)
2025-06-24 18:26:27 [main] WARN  o.f.c.i.database.base.Database - Flyway upgrade recommended: PostgreSQL 17.1 is newer than this version of Flyway and support has not been tested. The latest supported version of PostgreSQL is 16.
2025-06-24 18:26:27 [main] INFO  o.f.core.internal.command.DbValidate - Successfully validated 1 migration (execution time 00:00.010s)
2025-06-24 18:26:27 [main] INFO  o.f.core.internal.command.DbMigrate - Current version of schema "public": 1
2025-06-24 18:26:27 [main] INFO  o.f.core.internal.command.DbMigrate - Schema "public" is up to date. No migration necessary.
2025-06-24 18:26:27 [main] INFO  o.h.jpa.internal.util.LogHelper - HHH000204: Processing PersistenceUnitInfo [name: default]
2025-06-24 18:26:27 [main] INFO  org.hibernate.Version - HHH000412: Hibernate ORM core version 6.5.2.Final
2025-06-24 18:26:27 [main] INFO  o.h.c.i.RegionFactoryInitiator - HHH000026: Second-level cache disabled
2025-06-24 18:26:27 [main] WARN  org.hibernate.orm.deprecation - HHH90000025: PostgreSQLDialect does not need to be specified explicitly using 'hibernate.dialect' (remove the property setting and it will be selected by default)
2025-06-24 18:26:28 [main] INFO  o.h.e.t.j.p.i.JtaPlatformInitiator - HHH000489: No JTA platform available (set 'hibernate.transaction.jta.platform' to enable JTA platform integration)
2025-06-24 18:26:28 [main] WARN  o.s.b.a.o.j.JpaBaseConfiguration$JpaWebConfiguration - spring.jpa.open-in-view is enabled by default. Therefore, database queries may be performed during view rendering. Explicitly configure spring.jpa.open-in-view to disable this warning
2025-06-24 18:26:28 [main] INFO  o.s.s.web.DefaultSecurityFilterChain - Will secure any request with [org.springframework.security.web.session.DisableEncodeUrlFilter@1a593fc7, org.springframework.security.web.context.request.async.WebAsyncManagerIntegrationFilter@13e59265, org.springframework.security.web.context.SecurityContextHolderFilter@7746ae18, org.springframework.security.web.header.HeaderWriterFilter@76600c90, org.springframework.web.filter.CorsFilter@2c5b04c7, org.springframework.security.web.csrf.CsrfFilter@45ef4dcb, org.springframework.security.web.authentication.logout.LogoutFilter@4089505c, org.springframework.security.web.authentication.UsernamePasswordAuthenticationFilter@67fc98fe, org.springframework.security.web.savedrequest.RequestCacheAwareFilter@64992713, org.springframework.security.web.servletapi.SecurityContextHolderAwareRequestFilter@60386e94, org.springframework.security.web.authentication.AnonymousAuthenticationFilter@539f0729, org.springframework.security.web.access.ExceptionTranslationFilter@1a9d873b, org.springframework.security.web.access.intercept.AuthorizationFilter@2e47ec5e]
2025-06-24 18:26:28 [main] INFO  o.e.CulinaryExchangeApplication - Started CulinaryExchangeApplication in 2.117 seconds (process running for 2.348)
2025-06-24 18:27:42 [SpringApplicationShutdownHook] INFO  com.zaxxer.hikari.HikariDataSource - HikariPool-1 - Shutdown initiated...
2025-06-24 18:27:42 [SpringApplicationShutdownHook] INFO  com.zaxxer.hikari.HikariDataSource - HikariPool-1 - Shutdown completed.
2025-06-24 21:13:40 [main] INFO  o.e.CulinaryExchangeApplication - Starting CulinaryExchangeApplication using Java 21.0.7 with PID 5398 (/Users/pro/IdeaProjects/culinaryExchangeS2/CulinaryService/target/classes started by pro in /Users/pro/IdeaProjects/culinaryExchangeS2)
2025-06-24 21:13:40 [main] DEBUG o.e.CulinaryExchangeApplication - Running with Spring Boot v3.3.0, Spring v6.1.8
2025-06-24 21:13:40 [main] INFO  o.e.CulinaryExchangeApplication - No active profile set, falling back to 1 default profile: "default"
2025-06-24 21:13:40 [main] INFO  o.a.catalina.core.StandardService - Starting service [Tomcat]
2025-06-24 21:13:40 [main] INFO  o.a.catalina.core.StandardEngine - Starting Servlet engine: [Apache Tomcat/10.1.24]
2025-06-24 21:13:40 [main] INFO  o.apache.jasper.servlet.TldScanner - At least one JAR was scanned for TLDs yet contained no TLDs. Enable debug logging for this logger for a complete list of JARs that were scanned but no TLDs were found in them. Skipping unneeded JARs during scanning can improve startup time and JSP compilation time.
2025-06-24 21:13:40 [main] INFO  o.a.c.c.C.[.[localhost].[/culinary] - Initializing Spring embedded WebApplicationContext
2025-06-24 21:13:40 [main] INFO  com.zaxxer.hikari.HikariDataSource - HikariPool-1 - Starting...
2025-06-24 21:13:40 [main] INFO  com.zaxxer.hikari.pool.HikariPool - HikariPool-1 - Added connection org.postgresql.jdbc.PgConnection@7f12094d
2025-06-24 21:13:40 [main] INFO  com.zaxxer.hikari.HikariDataSource - HikariPool-1 - Start completed.
2025-06-24 21:13:40 [main] INFO  org.flywaydb.core.FlywayExecutor - Database: jdbc:postgresql://localhost:5432/culinaryExchangeS2 (PostgreSQL 17.1)
2025-06-24 21:13:40 [main] WARN  o.f.c.i.database.base.Database - Flyway upgrade recommended: PostgreSQL 17.1 is newer than this version of Flyway and support has not been tested. The latest supported version of PostgreSQL is 16.
2025-06-24 21:13:40 [main] INFO  o.f.core.internal.command.DbValidate - Successfully validated 1 migration (execution time 00:00.013s)
2025-06-24 21:13:40 [main] INFO  o.f.core.internal.command.DbMigrate - Current version of schema "public": 1
2025-06-24 21:13:40 [main] INFO  o.f.core.internal.command.DbMigrate - Schema "public" is up to date. No migration necessary.
2025-06-24 21:13:40 [main] INFO  o.h.jpa.internal.util.LogHelper - HHH000204: Processing PersistenceUnitInfo [name: default]
2025-06-24 21:13:40 [main] INFO  org.hibernate.Version - HHH000412: Hibernate ORM core version 6.5.2.Final
2025-06-24 21:13:41 [main] INFO  o.h.c.i.RegionFactoryInitiator - HHH000026: Second-level cache disabled
2025-06-24 21:13:41 [main] WARN  org.hibernate.orm.deprecation - HHH90000025: PostgreSQLDialect does not need to be specified explicitly using 'hibernate.dialect' (remove the property setting and it will be selected by default)
2025-06-24 21:13:41 [main] INFO  o.h.e.t.j.p.i.JtaPlatformInitiator - HHH000489: No JTA platform available (set 'hibernate.transaction.jta.platform' to enable JTA platform integration)
2025-06-24 21:13:41 [main] WARN  o.s.b.a.o.j.JpaBaseConfiguration$JpaWebConfiguration - spring.jpa.open-in-view is enabled by default. Therefore, database queries may be performed during view rendering. Explicitly configure spring.jpa.open-in-view to disable this warning
2025-06-24 21:13:42 [main] INFO  o.s.s.web.DefaultSecurityFilterChain - Will secure any request with [org.springframework.security.web.session.DisableEncodeUrlFilter@59d2e20f, org.springframework.security.web.context.request.async.WebAsyncManagerIntegrationFilter@5dea8bf2, org.springframework.security.web.context.SecurityContextHolderFilter@3b2bd545, org.springframework.security.web.header.HeaderWriterFilter@65450878, org.springframework.web.filter.CorsFilter@45ef4dcb, org.springframework.security.web.csrf.CsrfFilter@639f7054, org.springframework.security.web.authentication.logout.LogoutFilter@27c243a3, org.springframework.security.web.authentication.UsernamePasswordAuthenticationFilter@729cb7b, org.springframework.security.web.savedrequest.RequestCacheAwareFilter@64f0271e, org.springframework.security.web.servletapi.SecurityContextHolderAwareRequestFilter@1222d0e4, org.springframework.security.web.authentication.AnonymousAuthenticationFilter@54557dd8, org.springframework.security.web.access.ExceptionTranslationFilter@9b9a322, org.springframework.security.web.access.intercept.AuthorizationFilter@da87122]
2025-06-24 21:13:42 [main] INFO  o.e.CulinaryExchangeApplication - Started CulinaryExchangeApplication in 2.124 seconds (process running for 2.349)
2025-06-24 21:13:49 [http-nio-8080-exec-1] INFO  o.a.c.c.C.[.[localhost].[/culinary] - Initializing Spring DispatcherServlet 'dispatcherServlet'
2025-06-24 21:13:49 [http-nio-8080-exec-1] DEBUG o.s.security.web.FilterChainProxy - Securing GET /recipe/4
2025-06-24 21:13:49 [http-nio-8080-exec-1] DEBUG o.s.security.web.FilterChainProxy - Secured GET /recipe/4
2025-06-24 21:13:49 [http-nio-8080-exec-1] DEBUG o.s.s.w.a.AnonymousAuthenticationFilter - Set SecurityContextHolder to anonymous SecurityContext
2025-06-24 21:13:49 [http-nio-8080-exec-1] DEBUG o.s.security.web.FilterChainProxy - Securing GET /WEB-INF/views/showRecipe.jsp
2025-06-24 21:13:49 [http-nio-8080-exec-1] DEBUG o.s.security.web.FilterChainProxy - Secured GET /WEB-INF/views/showRecipe.jsp
2025-06-24 21:13:49 [http-nio-8080-exec-1] DEBUG o.s.security.web.FilterChainProxy - Securing GET /error
2025-06-24 21:13:49 [http-nio-8080-exec-1] DEBUG o.s.security.web.FilterChainProxy - Secured GET /error
2025-06-24 21:13:49 [http-nio-8080-exec-1] DEBUG o.s.s.w.a.AnonymousAuthenticationFilter - Set SecurityContextHolder to anonymous SecurityContext
2025-06-24 21:13:50 [http-nio-8080-exec-2] DEBUG o.s.security.web.FilterChainProxy - Securing GET /
2025-06-24 21:13:50 [http-nio-8080-exec-2] DEBUG o.s.security.web.FilterChainProxy - Secured GET /
2025-06-24 21:13:50 [http-nio-8080-exec-2] DEBUG o.s.security.web.FilterChainProxy - Securing GET /WEB-INF/views/mainPage.jsp
2025-06-24 21:13:50 [http-nio-8080-exec-2] DEBUG o.s.security.web.FilterChainProxy - Secured GET /WEB-INF/views/mainPage.jsp
2025-06-24 21:13:50 [http-nio-8080-exec-2] DEBUG o.s.s.w.a.AnonymousAuthenticationFilter - Set SecurityContextHolder to anonymous SecurityContext
2025-06-24 21:13:50 [http-nio-8080-exec-2] DEBUG o.s.security.web.FilterChainProxy - Securing GET /error
2025-06-24 21:13:50 [http-nio-8080-exec-2] DEBUG o.s.security.web.FilterChainProxy - Secured GET /error
2025-06-24 21:13:50 [http-nio-8080-exec-2] DEBUG o.s.s.w.a.AnonymousAuthenticationFilter - Set SecurityContextHolder to anonymous SecurityContext
2025-06-24 21:18:18 [SpringApplicationShutdownHook] INFO  com.zaxxer.hikari.HikariDataSource - HikariPool-1 - Shutdown initiated...
2025-06-24 21:18:18 [SpringApplicationShutdownHook] INFO  com.zaxxer.hikari.HikariDataSource - HikariPool-1 - Shutdown completed.
2025-06-24 22:52:22 [main] INFO  o.e.CulinaryExchangeApplication - Starting CulinaryExchangeApplication using Java 21.0.7 with PID 13769 (/Users/pro/IdeaProjects/culinaryExchangeS2/CulinaryService/target/classes started by pro in /Users/pro/IdeaProjects/culinaryExchangeS2)
2025-06-24 22:52:22 [main] DEBUG o.e.CulinaryExchangeApplication - Running with Spring Boot v3.3.0, Spring v6.1.8
2025-06-24 22:52:22 [main] INFO  o.e.CulinaryExchangeApplication - No active profile set, falling back to 1 default profile: "default"
2025-06-24 22:52:23 [main] INFO  o.a.catalina.core.StandardService - Starting service [Tomcat]
2025-06-24 22:52:23 [main] INFO  o.a.catalina.core.StandardEngine - Starting Servlet engine: [Apache Tomcat/10.1.24]
2025-06-24 22:52:23 [main] INFO  o.apache.jasper.servlet.TldScanner - At least one JAR was scanned for TLDs yet contained no TLDs. Enable debug logging for this logger for a complete list of JARs that were scanned but no TLDs were found in them. Skipping unneeded JARs during scanning can improve startup time and JSP compilation time.
2025-06-24 22:52:23 [main] INFO  o.a.c.c.C.[.[localhost].[/culinary] - Initializing Spring embedded WebApplicationContext
2025-06-24 22:52:23 [main] INFO  com.zaxxer.hikari.HikariDataSource - HikariPool-1 - Starting...
2025-06-24 22:52:23 [main] INFO  com.zaxxer.hikari.pool.HikariPool - HikariPool-1 - Added connection org.postgresql.jdbc.PgConnection@8eb6f9a
2025-06-24 22:52:23 [main] INFO  com.zaxxer.hikari.HikariDataSource - HikariPool-1 - Start completed.
2025-06-24 22:52:23 [main] INFO  org.flywaydb.core.FlywayExecutor - Database: jdbc:postgresql://localhost:5432/culinaryExchangeS2 (PostgreSQL 17.1)
2025-06-24 22:52:23 [main] WARN  o.f.c.i.database.base.Database - Flyway upgrade recommended: PostgreSQL 17.1 is newer than this version of Flyway and support has not been tested. The latest supported version of PostgreSQL is 16.
2025-06-24 22:52:23 [main] INFO  o.f.core.internal.command.DbValidate - Successfully validated 1 migration (execution time 00:00.011s)
2025-06-24 22:52:23 [main] INFO  o.f.core.internal.command.DbMigrate - Current version of schema "public": 1
2025-06-24 22:52:23 [main] INFO  o.f.core.internal.command.DbMigrate - Schema "public" is up to date. No migration necessary.
2025-06-24 22:52:23 [main] INFO  o.h.jpa.internal.util.LogHelper - HHH000204: Processing PersistenceUnitInfo [name: default]
2025-06-24 22:52:23 [main] INFO  org.hibernate.Version - HHH000412: Hibernate ORM core version 6.5.2.Final
2025-06-24 22:52:23 [main] INFO  o.h.c.i.RegionFactoryInitiator - HHH000026: Second-level cache disabled
2025-06-24 22:52:23 [main] WARN  org.hibernate.orm.deprecation - HHH90000025: PostgreSQLDialect does not need to be specified explicitly using 'hibernate.dialect' (remove the property setting and it will be selected by default)
2025-06-24 22:52:24 [main] INFO  o.h.e.t.j.p.i.JtaPlatformInitiator - HHH000489: No JTA platform available (set 'hibernate.transaction.jta.platform' to enable JTA platform integration)
2025-06-24 22:52:24 [main] WARN  o.s.b.a.o.j.JpaBaseConfiguration$JpaWebConfiguration - spring.jpa.open-in-view is enabled by default. Therefore, database queries may be performed during view rendering. Explicitly configure spring.jpa.open-in-view to disable this warning
2025-06-24 22:52:24 [main] INFO  o.s.s.web.DefaultSecurityFilterChain - Will secure any request with [org.springframework.security.web.session.DisableEncodeUrlFilter@4b2b2757, org.springframework.security.web.context.request.async.WebAsyncManagerIntegrationFilter@6026c754, org.springframework.security.web.context.SecurityContextHolderFilter@2f930be7, org.springframework.security.web.header.HeaderWriterFilter@60386e94, org.springframework.web.filter.CorsFilter@3d7c21b7, org.springframework.security.web.csrf.CsrfFilter@ebad9a, org.springframework.security.web.authentication.logout.LogoutFilter@6028b018, org.springframework.security.web.authentication.UsernamePasswordAuthenticationFilter@45ba21bc, org.springframework.security.web.savedrequest.RequestCacheAwareFilter@4f241437, org.springframework.security.web.servletapi.SecurityContextHolderAwareRequestFilter@35697f9e, org.springframework.security.web.authentication.AnonymousAuthenticationFilter@11f8bff1, org.springframework.security.web.access.ExceptionTranslationFilter@1b438ec, org.springframework.security.web.access.intercept.AuthorizationFilter@c73b9fc]
2025-06-24 22:52:24 [main] WARN  o.s.b.w.s.c.AnnotationConfigServletWebServerApplicationContext - Exception encountered during context initialization - cancelling refresh attempt: org.springframework.context.ApplicationContextException: Failed to start bean 'webServerStartStop'
2025-06-24 22:52:24 [main] INFO  com.zaxxer.hikari.HikariDataSource - HikariPool-1 - Shutdown initiated...
2025-06-24 22:52:24 [main] INFO  com.zaxxer.hikari.HikariDataSource - HikariPool-1 - Shutdown completed.
2025-06-24 22:52:24 [main] ERROR o.s.b.d.LoggingFailureAnalysisReporter - 

***************************
APPLICATION FAILED TO START
***************************

Description:

Web server failed to start. Port 8080 was already in use.

Action:

Identify and stop the process that's listening on port 8080 or configure this application to listen on another port.

2025-06-24 22:52:36 [main] INFO  o.e.CulinaryExchangeApplication - Starting CulinaryExchangeApplication using Java 21.0.7 with PID 13801 (/Users/pro/IdeaProjects/culinaryExchangeS2/CulinaryService/target/classes started by pro in /Users/pro/IdeaProjects/culinaryExchangeS2)
2025-06-24 22:52:36 [main] DEBUG o.e.CulinaryExchangeApplication - Running with Spring Boot v3.3.0, Spring v6.1.8
2025-06-24 22:52:36 [main] INFO  o.e.CulinaryExchangeApplication - No active profile set, falling back to 1 default profile: "default"
2025-06-24 22:52:36 [main] INFO  o.a.catalina.core.StandardService - Starting service [Tomcat]
2025-06-24 22:52:36 [main] INFO  o.a.catalina.core.StandardEngine - Starting Servlet engine: [Apache Tomcat/10.1.24]
2025-06-24 22:52:36 [main] INFO  o.apache.jasper.servlet.TldScanner - At least one JAR was scanned for TLDs yet contained no TLDs. Enable debug logging for this logger for a complete list of JARs that were scanned but no TLDs were found in them. Skipping unneeded JARs during scanning can improve startup time and JSP compilation time.
2025-06-24 22:52:36 [main] INFO  o.a.c.c.C.[.[localhost].[/culinary] - Initializing Spring embedded WebApplicationContext
2025-06-24 22:52:36 [main] INFO  com.zaxxer.hikari.HikariDataSource - HikariPool-1 - Starting...
2025-06-24 22:52:36 [main] INFO  com.zaxxer.hikari.pool.HikariPool - HikariPool-1 - Added connection org.postgresql.jdbc.PgConnection@267ff4df
2025-06-24 22:52:36 [main] INFO  com.zaxxer.hikari.HikariDataSource - HikariPool-1 - Start completed.
2025-06-24 22:52:36 [main] INFO  org.flywaydb.core.FlywayExecutor - Database: jdbc:postgresql://localhost:5432/culinaryExchangeS2 (PostgreSQL 17.1)
2025-06-24 22:52:36 [main] WARN  o.f.c.i.database.base.Database - Flyway upgrade recommended: PostgreSQL 17.1 is newer than this version of Flyway and support has not been tested. The latest supported version of PostgreSQL is 16.
2025-06-24 22:52:36 [main] INFO  o.f.core.internal.command.DbValidate - Successfully validated 1 migration (execution time 00:00.010s)
2025-06-24 22:52:36 [main] INFO  o.f.core.internal.command.DbMigrate - Current version of schema "public": 1
2025-06-24 22:52:36 [main] INFO  o.f.core.internal.command.DbMigrate - Schema "public" is up to date. No migration necessary.
2025-06-24 22:52:36 [main] INFO  o.h.jpa.internal.util.LogHelper - HHH000204: Processing PersistenceUnitInfo [name: default]
2025-06-24 22:52:36 [main] INFO  org.hibernate.Version - HHH000412: Hibernate ORM core version 6.5.2.Final
2025-06-24 22:52:36 [main] INFO  o.h.c.i.RegionFactoryInitiator - HHH000026: Second-level cache disabled
2025-06-24 22:52:37 [main] WARN  org.hibernate.orm.deprecation - HHH90000025: PostgreSQLDialect does not need to be specified explicitly using 'hibernate.dialect' (remove the property setting and it will be selected by default)
2025-06-24 22:52:37 [main] INFO  o.h.e.t.j.p.i.JtaPlatformInitiator - HHH000489: No JTA platform available (set 'hibernate.transaction.jta.platform' to enable JTA platform integration)
2025-06-24 22:52:37 [main] WARN  o.s.b.a.o.j.JpaBaseConfiguration$JpaWebConfiguration - spring.jpa.open-in-view is enabled by default. Therefore, database queries may be performed during view rendering. Explicitly configure spring.jpa.open-in-view to disable this warning
2025-06-24 22:52:37 [main] INFO  o.s.s.web.DefaultSecurityFilterChain - Will secure any request with [org.springframework.security.web.session.DisableEncodeUrlFilter@3fb2306, org.springframework.security.web.context.request.async.WebAsyncManagerIntegrationFilter@5531484a, org.springframework.security.web.context.SecurityContextHolderFilter@29296e7, org.springframework.security.web.header.HeaderWriterFilter@cfc9c4f, org.springframework.web.filter.CorsFilter@99caac2, org.springframework.security.web.csrf.CsrfFilter@3d7c21b7, org.springframework.security.web.authentication.logout.LogoutFilter@1c8ab147, org.springframework.security.web.authentication.UsernamePasswordAuthenticationFilter@15c5c99, org.springframework.security.web.savedrequest.RequestCacheAwareFilter@58e48d9, org.springframework.security.web.servletapi.SecurityContextHolderAwareRequestFilter@7be55279, org.springframework.security.web.authentication.AnonymousAuthenticationFilter@5dcf8b37, org.springframework.security.web.access.ExceptionTranslationFilter@21f0508, org.springframework.security.web.access.intercept.AuthorizationFilter@157f284b]
2025-06-24 22:52:38 [main] WARN  o.s.b.w.s.c.AnnotationConfigServletWebServerApplicationContext - Exception encountered during context initialization - cancelling refresh attempt: org.springframework.context.ApplicationContextException: Failed to start bean 'webServerStartStop'
2025-06-24 22:52:38 [main] INFO  com.zaxxer.hikari.HikariDataSource - HikariPool-1 - Shutdown initiated...
2025-06-24 22:52:38 [main] INFO  com.zaxxer.hikari.HikariDataSource - HikariPool-1 - Shutdown completed.
2025-06-24 22:52:38 [main] ERROR o.s.b.d.LoggingFailureAnalysisReporter - 

***************************
APPLICATION FAILED TO START
***************************

Description:

Web server failed to start. Port 8080 was already in use.

Action:

Identify and stop the process that's listening on port 8080 or configure this application to listen on another port.

