2025-06-26 10:28:32 [main] INFO  o.e.CulinaryExchangeApplication - Starting CulinaryExchangeApplication using Java 21.0.7 with PID 50913 (/Users/pro/IdeaProjects/culinaryExchangeS2/CulinaryService/target/classes started by pro in /Users/pro/IdeaProjects/culinaryExchangeS2/CulinaryService)
2025-06-26 10:28:32 [main] DEBUG o.e.CulinaryExchangeApplication - Running with Spring Boot v3.3.0, Spring v6.1.8
2025-06-26 10:28:32 [main] INFO  o.e.CulinaryExchangeApplication - No active profile set, falling back to 1 default profile: "default"
2025-06-26 10:28:33 [main] INFO  o.a.catalina.core.StandardService - Starting service [Tomcat]
2025-06-26 10:28:33 [main] INFO  o.a.catalina.core.StandardEngine - Starting Servlet engine: [Apache Tomcat/10.1.24]
2025-06-26 10:28:33 [main] INFO  o.apache.jasper.servlet.TldScanner - At least one JAR was scanned for TLDs yet contained no TLDs. Enable debug logging for this logger for a complete list of JARs that were scanned but no TLDs were found in them. Skipping unneeded JARs during scanning can improve startup time and JSP compilation time.
2025-06-26 10:28:33 [main] INFO  o.a.c.c.C.[.[localhost].[/culinary] - Initializing Spring embedded WebApplicationContext
2025-06-26 10:28:33 [main] INFO  com.zaxxer.hikari.HikariDataSource - HikariPool-1 - Starting...
2025-06-26 10:28:33 [main] INFO  com.zaxxer.hikari.pool.HikariPool - HikariPool-1 - Added connection org.postgresql.jdbc.PgConnection@6eda012b
2025-06-26 10:28:33 [main] INFO  com.zaxxer.hikari.HikariDataSource - HikariPool-1 - Start completed.
2025-06-26 10:28:33 [main] INFO  org.flywaydb.core.FlywayExecutor - Database: jdbc:postgresql://localhost:5432/culinaryExchangeS2 (PostgreSQL 17.1)
2025-06-26 10:28:33 [main] WARN  o.f.c.i.database.base.Database - Flyway upgrade recommended: PostgreSQL 17.1 is newer than this version of Flyway and support has not been tested. The latest supported version of PostgreSQL is 16.
2025-06-26 10:28:33 [main] INFO  o.f.core.internal.command.DbValidate - Successfully validated 1 migration (execution time 00:00.012s)
2025-06-26 10:28:33 [main] INFO  o.f.core.internal.command.DbMigrate - Current version of schema "public": 1
2025-06-26 10:28:33 [main] INFO  o.f.core.internal.command.DbMigrate - Schema "public" is up to date. No migration necessary.
2025-06-26 10:28:33 [main] INFO  o.h.jpa.internal.util.LogHelper - HHH000204: Processing PersistenceUnitInfo [name: default]
2025-06-26 10:28:33 [main] INFO  org.hibernate.Version - HHH000412: Hibernate ORM core version 6.5.2.Final
2025-06-26 10:28:33 [main] INFO  o.h.c.i.RegionFactoryInitiator - HHH000026: Second-level cache disabled
2025-06-26 10:28:33 [main] WARN  org.hibernate.orm.deprecation - HHH90000025: PostgreSQLDialect does not need to be specified explicitly using 'hibernate.dialect' (remove the property setting and it will be selected by default)
2025-06-26 10:28:34 [main] INFO  o.h.e.t.j.p.i.JtaPlatformInitiator - HHH000489: No JTA platform available (set 'hibernate.transaction.jta.platform' to enable JTA platform integration)
2025-06-26 10:28:34 [main] WARN  o.s.b.a.o.j.JpaBaseConfiguration$JpaWebConfiguration - spring.jpa.open-in-view is enabled by default. Therefore, database queries may be performed during view rendering. Explicitly configure spring.jpa.open-in-view to disable this warning
2025-06-26 10:28:34 [main] INFO  o.s.s.web.DefaultSecurityFilterChain - Will secure any request with [org.springframework.security.web.session.DisableEncodeUrlFilter@38849a1, org.springframework.security.web.context.request.async.WebAsyncManagerIntegrationFilter@769fbb26, org.springframework.security.web.context.SecurityContextHolderFilter@9bd7c1, org.springframework.security.web.header.HeaderWriterFilter@6670d46e, org.springframework.web.filter.CorsFilter@129bc797, org.springframework.security.web.csrf.CsrfFilter@5c7712f0, org.springframework.security.web.authentication.logout.LogoutFilter@45ef4dcb, org.springframework.security.web.authentication.UsernamePasswordAuthenticationFilter@4b2b2757, org.springframework.security.web.savedrequest.RequestCacheAwareFilter@2e47ec5e, org.springframework.security.web.servletapi.SecurityContextHolderAwareRequestFilter@67fc98fe, org.springframework.security.web.authentication.AnonymousAuthenticationFilter@3dd916d9, org.springframework.security.web.access.ExceptionTranslationFilter@4089505c, org.springframework.security.web.access.intercept.AuthorizationFilter@3fa27158]
2025-06-26 10:28:34 [main] INFO  o.e.CulinaryExchangeApplication - Started CulinaryExchangeApplication in 2.222 seconds (process running for 2.627)
2025-06-26 10:28:40 [http-nio-8080-exec-1] INFO  o.a.c.c.C.[.[localhost].[/culinary] - Initializing Spring DispatcherServlet 'dispatcherServlet'
2025-06-26 10:28:40 [http-nio-8080-exec-1] DEBUG o.s.security.web.FilterChainProxy - Securing GET /recipe/4
2025-06-26 10:28:40 [http-nio-8080-exec-1] DEBUG o.s.security.web.FilterChainProxy - Secured GET /recipe/4
2025-06-26 10:28:40 [http-nio-8080-exec-1] DEBUG o.s.s.w.a.AnonymousAuthenticationFilter - Set SecurityContextHolder to anonymous SecurityContext
2025-06-26 10:28:40 [http-nio-8080-exec-1] DEBUG o.s.security.web.FilterChainProxy - Securing GET /WEB-INF/views/showRecipe.jsp
2025-06-26 10:28:40 [http-nio-8080-exec-1] DEBUG o.s.security.web.FilterChainProxy - Secured GET /WEB-INF/views/showRecipe.jsp
2025-06-26 10:28:41 [http-nio-8080-exec-2] DEBUG o.s.security.web.FilterChainProxy - Securing GET /styles/normalize.8.0.1.css
2025-06-26 10:28:41 [http-nio-8080-exec-2] DEBUG o.s.security.web.FilterChainProxy - Secured GET /styles/normalize.8.0.1.css
2025-06-26 10:28:41 [http-nio-8080-exec-3] DEBUG o.s.security.web.FilterChainProxy - Securing GET /styles/reset.css
2025-06-26 10:28:41 [http-nio-8080-exec-5] DEBUG o.s.security.web.FilterChainProxy - Securing GET /styles/header.css
2025-06-26 10:28:41 [http-nio-8080-exec-5] DEBUG o.s.security.web.FilterChainProxy - Secured GET /styles/header.css
2025-06-26 10:28:41 [http-nio-8080-exec-4] DEBUG o.s.security.web.FilterChainProxy - Securing GET /styles/showRecipe.css
2025-06-26 10:28:41 [http-nio-8080-exec-7] DEBUG o.s.security.web.FilterChainProxy - Securing GET /styles/global.css
2025-06-26 10:28:41 [http-nio-8080-exec-3] DEBUG o.s.security.web.FilterChainProxy - Secured GET /styles/reset.css
2025-06-26 10:28:41 [http-nio-8080-exec-7] DEBUG o.s.security.web.FilterChainProxy - Secured GET /styles/global.css
2025-06-26 10:28:41 [http-nio-8080-exec-4] DEBUG o.s.security.web.FilterChainProxy - Secured GET /styles/showRecipe.css
2025-06-26 10:28:41 [http-nio-8080-exec-6] DEBUG o.s.security.web.FilterChainProxy - Securing GET /styles/footer.css
2025-06-26 10:28:41 [http-nio-8080-exec-6] DEBUG o.s.security.web.FilterChainProxy - Secured GET /styles/footer.css
2025-06-26 10:28:41 [http-nio-8080-exec-2] DEBUG o.s.s.w.a.AnonymousAuthenticationFilter - Set SecurityContextHolder to anonymous SecurityContext
2025-06-26 10:28:41 [http-nio-8080-exec-4] DEBUG o.s.s.w.a.AnonymousAuthenticationFilter - Set SecurityContextHolder to anonymous SecurityContext
2025-06-26 10:28:41 [http-nio-8080-exec-3] DEBUG o.s.s.w.a.AnonymousAuthenticationFilter - Set SecurityContextHolder to anonymous SecurityContext
2025-06-26 10:28:41 [http-nio-8080-exec-5] DEBUG o.s.s.w.a.AnonymousAuthenticationFilter - Set SecurityContextHolder to anonymous SecurityContext
2025-06-26 10:28:41 [http-nio-8080-exec-7] DEBUG o.s.s.w.a.AnonymousAuthenticationFilter - Set SecurityContextHolder to anonymous SecurityContext
2025-06-26 10:28:41 [http-nio-8080-exec-6] DEBUG o.s.s.w.a.AnonymousAuthenticationFilter - Set SecurityContextHolder to anonymous SecurityContext
2025-06-26 10:28:41 [http-nio-8080-exec-8] DEBUG o.s.security.web.FilterChainProxy - Securing GET /image?file=1750635278979_%D0%A1%D0%BD%D0%B8%D0%BC%D0%BE%D0%BA%20%D1%8D%D0%BA%D1%80%D0%B0%D0%BD%D0%B0%202025-02-20%20%D0%B2%2015.38.15.png
2025-06-26 10:28:41 [http-nio-8080-exec-8] DEBUG o.s.security.web.FilterChainProxy - Secured GET /image?file=1750635278979_%D0%A1%D0%BD%D0%B8%D0%BC%D0%BE%D0%BA%20%D1%8D%D0%BA%D1%80%D0%B0%D0%BD%D0%B0%202025-02-20%20%D0%B2%2015.38.15.png
2025-06-26 10:28:41 [http-nio-8080-exec-8] DEBUG o.s.s.w.a.AnonymousAuthenticationFilter - Set SecurityContextHolder to anonymous SecurityContext
2025-06-26 10:28:42 [http-nio-8080-exec-9] DEBUG o.s.security.web.FilterChainProxy - Securing POST /recipe/4/pdf
2025-06-26 10:28:42 [http-nio-8080-exec-9] DEBUG o.s.security.web.FilterChainProxy - Secured POST /recipe/4/pdf
2025-06-26 10:28:42 [http-nio-8080-exec-9] ERROR o.e.e.GlobalExceptionHandler - Unhandled exception: 500 INTERNAL SERVER ERROR: "{"error":"TTF Font file not found: /Users/pro/Library/Fonts/DejaVuSans.ttf"}<EOL>"
org.springframework.web.client.HttpServerErrorException$InternalServerError: 500 INTERNAL SERVER ERROR: "{"error":"TTF Font file not found: /Users/pro/Library/Fonts/DejaVuSans.ttf"}<EOL>"
	at org.springframework.web.client.HttpServerErrorException.create(HttpServerErrorException.java:102)
	at org.springframework.web.client.DefaultResponseErrorHandler.handleError(DefaultResponseErrorHandler.java:186)
	at org.springframework.web.client.DefaultResponseErrorHandler.handleError(DefaultResponseErrorHandler.java:137)
	at org.springframework.web.client.ResponseErrorHandler.handleError(ResponseErrorHandler.java:63)
	at org.springframework.web.client.RestTemplate.handleResponse(RestTemplate.java:942)
	at org.springframework.web.client.RestTemplate.doExecute(RestTemplate.java:891)
	at org.springframework.web.client.RestTemplate.execute(RestTemplate.java:790)
	at org.springframework.web.client.RestTemplate.postForObject(RestTemplate.java:507)
	at org.example.controllers.ShowRecipeController.generatePdf(ShowRecipeController.java:116)
	at java.base/jdk.internal.reflect.DirectMethodHandleAccessor.invoke(DirectMethodHandleAccessor.java:103)
	at java.base/java.lang.reflect.Method.invoke(Method.java:580)
	at org.springframework.web.method.support.InvocableHandlerMethod.doInvoke(InvocableHandlerMethod.java:255)
	at org.springframework.web.method.support.InvocableHandlerMethod.invokeForRequest(InvocableHandlerMethod.java:188)
	at org.springframework.web.servlet.mvc.method.annotation.ServletInvocableHandlerMethod.invokeAndHandle(ServletInvocableHandlerMethod.java:118)
	at org.springframework.web.servlet.mvc.method.annotation.RequestMappingHandlerAdapter.invokeHandlerMethod(RequestMappingHandlerAdapter.java:926)
	at org.springframework.web.servlet.mvc.method.annotation.RequestMappingHandlerAdapter.handleInternal(RequestMappingHandlerAdapter.java:831)
	at org.springframework.web.servlet.mvc.method.AbstractHandlerMethodAdapter.handle(AbstractHandlerMethodAdapter.java:87)
	at org.springframework.web.servlet.DispatcherServlet.doDispatch(DispatcherServlet.java:1089)
	at org.springframework.web.servlet.DispatcherServlet.doService(DispatcherServlet.java:979)
	at org.springframework.web.servlet.FrameworkServlet.processRequest(FrameworkServlet.java:1014)
	at org.springframework.web.servlet.FrameworkServlet.doPost(FrameworkServlet.java:914)
	at jakarta.servlet.http.HttpServlet.service(HttpServlet.java:590)
	at org.springframework.web.servlet.FrameworkServlet.service(FrameworkServlet.java:885)
	at jakarta.servlet.http.HttpServlet.service(HttpServlet.java:658)
	at org.apache.catalina.core.ApplicationFilterChain.internalDoFilter(ApplicationFilterChain.java:195)
	at org.apache.catalina.core.ApplicationFilterChain.doFilter(ApplicationFilterChain.java:140)
	at org.apache.tomcat.websocket.server.WsFilter.doFilter(WsFilter.java:51)
	at org.apache.catalina.core.ApplicationFilterChain.internalDoFilter(ApplicationFilterChain.java:164)
	at org.apache.catalina.core.ApplicationFilterChain.doFilter(ApplicationFilterChain.java:140)
	at org.springframework.web.filter.CompositeFilter$VirtualFilterChain.doFilter(CompositeFilter.java:108)
	at org.springframework.security.web.FilterChainProxy.lambda$doFilterInternal$3(FilterChainProxy.java:231)
	at org.springframework.security.web.FilterChainProxy$VirtualFilterChain.doFilter(FilterChainProxy.java:365)
	at org.springframework.security.web.access.intercept.AuthorizationFilter.doFilter(AuthorizationFilter.java:100)
	at org.springframework.security.web.FilterChainProxy$VirtualFilterChain.doFilter(FilterChainProxy.java:374)
	at org.springframework.security.web.access.ExceptionTranslationFilter.doFilter(ExceptionTranslationFilter.java:126)
	at org.springframework.security.web.access.ExceptionTranslationFilter.doFilter(ExceptionTranslationFilter.java:120)
	at org.springframework.security.web.FilterChainProxy$VirtualFilterChain.doFilter(FilterChainProxy.java:374)
	at org.springframework.security.web.authentication.AnonymousAuthenticationFilter.doFilter(AnonymousAuthenticationFilter.java:100)
	at org.springframework.security.web.FilterChainProxy$VirtualFilterChain.doFilter(FilterChainProxy.java:374)
	at org.springframework.security.web.servletapi.SecurityContextHolderAwareRequestFilter.doFilter(SecurityContextHolderAwareRequestFilter.java:179)
	at org.springframework.security.web.FilterChainProxy$VirtualFilterChain.doFilter(FilterChainProxy.java:374)
	at org.springframework.security.web.savedrequest.RequestCacheAwareFilter.doFilter(RequestCacheAwareFilter.java:63)
	at org.springframework.security.web.FilterChainProxy$VirtualFilterChain.doFilter(FilterChainProxy.java:374)
	at org.springframework.security.web.authentication.AbstractAuthenticationProcessingFilter.doFilter(AbstractAuthenticationProcessingFilter.java:227)
	at org.springframework.security.web.authentication.AbstractAuthenticationProcessingFilter.doFilter(AbstractAuthenticationProcessingFilter.java:221)
	at org.springframework.security.web.FilterChainProxy$VirtualFilterChain.doFilter(FilterChainProxy.java:374)
	at org.springframework.security.web.authentication.logout.LogoutFilter.doFilter(LogoutFilter.java:107)
	at org.springframework.security.web.authentication.logout.LogoutFilter.doFilter(LogoutFilter.java:93)
	at org.springframework.security.web.FilterChainProxy$VirtualFilterChain.doFilter(FilterChainProxy.java:374)
	at org.springframework.security.web.csrf.CsrfFilter.doFilterInternal(CsrfFilter.java:131)
	at org.springframework.web.filter.OncePerRequestFilter.doFilter(OncePerRequestFilter.java:116)
	at org.springframework.security.web.FilterChainProxy$VirtualFilterChain.doFilter(FilterChainProxy.java:374)
	at org.springframework.web.filter.CorsFilter.doFilterInternal(CorsFilter.java:91)
	at org.springframework.web.filter.OncePerRequestFilter.doFilter(OncePerRequestFilter.java:116)
	at org.springframework.security.web.FilterChainProxy$VirtualFilterChain.doFilter(FilterChainProxy.java:374)
	at org.springframework.security.web.header.HeaderWriterFilter.doHeadersAfter(HeaderWriterFilter.java:90)
	at org.springframework.security.web.header.HeaderWriterFilter.doFilterInternal(HeaderWriterFilter.java:75)
	at org.springframework.web.filter.OncePerRequestFilter.doFilter(OncePerRequestFilter.java:116)
	at org.springframework.security.web.FilterChainProxy$VirtualFilterChain.doFilter(FilterChainProxy.java:374)
	at org.springframework.security.web.context.SecurityContextHolderFilter.doFilter(SecurityContextHolderFilter.java:82)
	at org.springframework.security.web.context.SecurityContextHolderFilter.doFilter(SecurityContextHolderFilter.java:69)
	at org.springframework.security.web.FilterChainProxy$VirtualFilterChain.doFilter(FilterChainProxy.java:374)
	at org.springframework.security.web.context.request.async.WebAsyncManagerIntegrationFilter.doFilterInternal(WebAsyncManagerIntegrationFilter.java:62)
	at org.springframework.web.filter.OncePerRequestFilter.doFilter(OncePerRequestFilter.java:116)
	at org.springframework.security.web.FilterChainProxy$VirtualFilterChain.doFilter(FilterChainProxy.java:374)
	at org.springframework.security.web.session.DisableEncodeUrlFilter.doFilterInternal(DisableEncodeUrlFilter.java:42)
	at org.springframework.web.filter.OncePerRequestFilter.doFilter(OncePerRequestFilter.java:116)
	at org.springframework.security.web.FilterChainProxy$VirtualFilterChain.doFilter(FilterChainProxy.java:374)
	at org.springframework.security.web.FilterChainProxy.doFilterInternal(FilterChainProxy.java:233)
	at org.springframework.security.web.FilterChainProxy.doFilter(FilterChainProxy.java:191)
	at org.springframework.web.filter.CompositeFilter$VirtualFilterChain.doFilter(CompositeFilter.java:113)
	at org.springframework.web.servlet.handler.HandlerMappingIntrospector.lambda$createCacheFilter$3(HandlerMappingIntrospector.java:195)
	at org.springframework.web.filter.CompositeFilter$VirtualFilterChain.doFilter(CompositeFilter.java:113)
	at org.springframework.web.filter.CompositeFilter.doFilter(CompositeFilter.java:74)
	at org.springframework.security.config.annotation.web.configuration.WebMvcSecurityConfiguration$CompositeFilterChainProxy.doFilter(WebMvcSecurityConfiguration.java:230)
	at org.springframework.web.filter.DelegatingFilterProxy.invokeDelegate(DelegatingFilterProxy.java:352)
	at org.springframework.web.filter.DelegatingFilterProxy.doFilter(DelegatingFilterProxy.java:268)
	at org.apache.catalina.core.ApplicationFilterChain.internalDoFilter(ApplicationFilterChain.java:164)
	at org.apache.catalina.core.ApplicationFilterChain.doFilter(ApplicationFilterChain.java:140)
	at org.springframework.web.filter.RequestContextFilter.doFilterInternal(RequestContextFilter.java:100)
	at org.springframework.web.filter.OncePerRequestFilter.doFilter(OncePerRequestFilter.java:116)
	at org.apache.catalina.core.ApplicationFilterChain.internalDoFilter(ApplicationFilterChain.java:164)
	at org.apache.catalina.core.ApplicationFilterChain.doFilter(ApplicationFilterChain.java:140)
	at org.springframework.web.filter.FormContentFilter.doFilterInternal(FormContentFilter.java:93)
	at org.springframework.web.filter.OncePerRequestFilter.doFilter(OncePerRequestFilter.java:116)
	at org.apache.catalina.core.ApplicationFilterChain.internalDoFilter(ApplicationFilterChain.java:164)
	at org.apache.catalina.core.ApplicationFilterChain.doFilter(ApplicationFilterChain.java:140)
	at org.springframework.web.filter.CharacterEncodingFilter.doFilterInternal(CharacterEncodingFilter.java:201)
	at org.springframework.web.filter.OncePerRequestFilter.doFilter(OncePerRequestFilter.java:116)
	at org.apache.catalina.core.ApplicationFilterChain.internalDoFilter(ApplicationFilterChain.java:164)
	at org.apache.catalina.core.ApplicationFilterChain.doFilter(ApplicationFilterChain.java:140)
	at org.apache.catalina.core.StandardWrapperValve.invoke(StandardWrapperValve.java:167)
	at org.apache.catalina.core.StandardContextValve.invoke(StandardContextValve.java:90)
	at org.apache.catalina.authenticator.AuthenticatorBase.invoke(AuthenticatorBase.java:482)
	at org.apache.catalina.core.StandardHostValve.invoke(StandardHostValve.java:115)
	at org.apache.catalina.valves.ErrorReportValve.invoke(ErrorReportValve.java:93)
	at org.apache.catalina.core.StandardEngineValve.invoke(StandardEngineValve.java:74)
	at org.apache.catalina.connector.CoyoteAdapter.service(CoyoteAdapter.java:344)
	at org.apache.coyote.http11.Http11Processor.service(Http11Processor.java:389)
	at org.apache.coyote.AbstractProcessorLight.process(AbstractProcessorLight.java:63)
	at org.apache.coyote.AbstractProtocol$ConnectionHandler.process(AbstractProtocol.java:896)
	at org.apache.tomcat.util.net.NioEndpoint$SocketProcessor.doRun(NioEndpoint.java:1741)
	at org.apache.tomcat.util.net.SocketProcessorBase.run(SocketProcessorBase.java:52)
	at org.apache.tomcat.util.threads.ThreadPoolExecutor.runWorker(ThreadPoolExecutor.java:1190)
	at org.apache.tomcat.util.threads.ThreadPoolExecutor$Worker.run(ThreadPoolExecutor.java:659)
	at org.apache.tomcat.util.threads.TaskThread$WrappingRunnable.run(TaskThread.java:63)
	at java.base/java.lang.Thread.run(Thread.java:1583)
2025-06-26 10:28:42 [http-nio-8080-exec-9] DEBUG o.s.s.w.a.AnonymousAuthenticationFilter - Set SecurityContextHolder to anonymous SecurityContext
2025-06-26 10:40:52 [HikariPool-1 housekeeper] WARN  com.zaxxer.hikari.pool.HikariPool - HikariPool-1 - Thread starvation or clock leap detected (housekeeper delta=11m18s635ms).
2025-06-26 10:44:26 [SpringApplicationShutdownHook] INFO  com.zaxxer.hikari.HikariDataSource - HikariPool-1 - Shutdown initiated...
2025-06-26 10:44:26 [SpringApplicationShutdownHook] INFO  com.zaxxer.hikari.HikariDataSource - HikariPool-1 - Shutdown completed.
2025-06-26 11:53:09 [main] INFO  o.e.CulinaryExchangeApplication - Starting CulinaryExchangeApplication using Java 21.0.7 with PID 51764 (/Users/pro/IdeaProjects/culinaryExchangeS2/CulinaryService/target/classes started by pro in /Users/pro/IdeaProjects/culinaryExchangeS2/CulinaryService)
2025-06-26 11:53:09 [main] DEBUG o.e.CulinaryExchangeApplication - Running with Spring Boot v3.3.0, Spring v6.1.8
2025-06-26 11:53:09 [main] INFO  o.e.CulinaryExchangeApplication - No active profile set, falling back to 1 default profile: "default"
2025-06-26 11:53:09 [main] INFO  o.a.catalina.core.StandardService - Starting service [Tomcat]
2025-06-26 11:53:09 [main] INFO  o.a.catalina.core.StandardEngine - Starting Servlet engine: [Apache Tomcat/10.1.24]
2025-06-26 11:53:09 [main] INFO  o.apache.jasper.servlet.TldScanner - At least one JAR was scanned for TLDs yet contained no TLDs. Enable debug logging for this logger for a complete list of JARs that were scanned but no TLDs were found in them. Skipping unneeded JARs during scanning can improve startup time and JSP compilation time.
2025-06-26 11:53:09 [main] INFO  o.a.c.c.C.[.[localhost].[/culinary] - Initializing Spring embedded WebApplicationContext
2025-06-26 11:53:09 [main] INFO  com.zaxxer.hikari.HikariDataSource - HikariPool-1 - Starting...
2025-06-26 11:53:09 [main] INFO  com.zaxxer.hikari.pool.HikariPool - HikariPool-1 - Added connection org.postgresql.jdbc.PgConnection@714e861f
2025-06-26 11:53:09 [main] INFO  com.zaxxer.hikari.HikariDataSource - HikariPool-1 - Start completed.
2025-06-26 11:53:09 [main] INFO  org.flywaydb.core.FlywayExecutor - Database: jdbc:postgresql://localhost:5432/culinaryExchangeS2 (PostgreSQL 17.1)
2025-06-26 11:53:09 [main] WARN  o.f.c.i.database.base.Database - Flyway upgrade recommended: PostgreSQL 17.1 is newer than this version of Flyway and support has not been tested. The latest supported version of PostgreSQL is 16.
2025-06-26 11:53:09 [main] INFO  o.f.core.internal.command.DbValidate - Successfully validated 1 migration (execution time 00:00.023s)
2025-06-26 11:53:09 [main] INFO  o.f.core.internal.command.DbMigrate - Current version of schema "public": 1
2025-06-26 11:53:09 [main] INFO  o.f.core.internal.command.DbMigrate - Schema "public" is up to date. No migration necessary.
2025-06-26 11:53:09 [main] INFO  o.h.jpa.internal.util.LogHelper - HHH000204: Processing PersistenceUnitInfo [name: default]
2025-06-26 11:53:09 [main] INFO  org.hibernate.Version - HHH000412: Hibernate ORM core version 6.5.2.Final
2025-06-26 11:53:09 [main] INFO  o.h.c.i.RegionFactoryInitiator - HHH000026: Second-level cache disabled
2025-06-26 11:53:10 [main] WARN  org.hibernate.orm.deprecation - HHH90000025: PostgreSQLDialect does not need to be specified explicitly using 'hibernate.dialect' (remove the property setting and it will be selected by default)
2025-06-26 11:53:10 [main] INFO  o.h.e.t.j.p.i.JtaPlatformInitiator - HHH000489: No JTA platform available (set 'hibernate.transaction.jta.platform' to enable JTA platform integration)
2025-06-26 11:53:10 [main] WARN  o.s.b.a.o.j.JpaBaseConfiguration$JpaWebConfiguration - spring.jpa.open-in-view is enabled by default. Therefore, database queries may be performed during view rendering. Explicitly configure spring.jpa.open-in-view to disable this warning
2025-06-26 11:53:10 [main] INFO  o.s.s.web.DefaultSecurityFilterChain - Will secure any request with [org.springframework.security.web.session.DisableEncodeUrlFilter@5865b0f6, org.springframework.security.web.context.request.async.WebAsyncManagerIntegrationFilter@5c7712f0, org.springframework.security.web.context.SecurityContextHolderFilter@6670d46e, org.springframework.security.web.header.HeaderWriterFilter@7563ca08, org.springframework.web.filter.CorsFilter@6ed836b3, org.springframework.security.web.csrf.CsrfFilter@644acaff, org.springframework.security.web.authentication.logout.LogoutFilter@26f6fbbd, org.springframework.security.web.authentication.UsernamePasswordAuthenticationFilter@539f0729, org.springframework.security.web.savedrequest.RequestCacheAwareFilter@729cb7b, org.springframework.security.web.servletapi.SecurityContextHolderAwareRequestFilter@9bd7c1, org.springframework.security.web.authentication.AnonymousAuthenticationFilter@38849a1, org.springframework.security.web.access.ExceptionTranslationFilter@54e8f10a, org.springframework.security.web.access.intercept.AuthorizationFilter@2c5b04c7]
2025-06-26 11:53:11 [main] INFO  o.e.CulinaryExchangeApplication - Started CulinaryExchangeApplication in 2.083 seconds (process running for 2.387)
2025-06-26 11:53:14 [http-nio-8080-exec-1] INFO  o.a.c.c.C.[.[localhost].[/culinary] - Initializing Spring DispatcherServlet 'dispatcherServlet'
2025-06-26 11:53:14 [http-nio-8080-exec-1] DEBUG o.s.security.web.FilterChainProxy - Securing GET /recipe/4
2025-06-26 11:53:14 [http-nio-8080-exec-1] DEBUG o.s.security.web.FilterChainProxy - Secured GET /recipe/4
2025-06-26 11:53:14 [http-nio-8080-exec-1] DEBUG o.s.s.w.a.AnonymousAuthenticationFilter - Set SecurityContextHolder to anonymous SecurityContext
2025-06-26 11:53:14 [http-nio-8080-exec-1] DEBUG o.s.security.web.FilterChainProxy - Securing GET /WEB-INF/views/showRecipe.jsp
2025-06-26 11:53:14 [http-nio-8080-exec-1] DEBUG o.s.security.web.FilterChainProxy - Secured GET /WEB-INF/views/showRecipe.jsp
2025-06-26 11:53:15 [http-nio-8080-exec-2] DEBUG o.s.security.web.FilterChainProxy - Securing GET /styles/normalize.8.0.1.css
2025-06-26 11:53:15 [http-nio-8080-exec-2] DEBUG o.s.security.web.FilterChainProxy - Secured GET /styles/normalize.8.0.1.css
2025-06-26 11:53:15 [http-nio-8080-exec-5] DEBUG o.s.security.web.FilterChainProxy - Securing GET /styles/header.css
2025-06-26 11:53:15 [http-nio-8080-exec-3] DEBUG o.s.security.web.FilterChainProxy - Securing GET /styles/reset.css
2025-06-26 11:53:15 [http-nio-8080-exec-3] DEBUG o.s.security.web.FilterChainProxy - Secured GET /styles/reset.css
2025-06-26 11:53:15 [http-nio-8080-exec-6] DEBUG o.s.security.web.FilterChainProxy - Securing GET /styles/footer.css
2025-06-26 11:53:15 [http-nio-8080-exec-5] DEBUG o.s.security.web.FilterChainProxy - Secured GET /styles/header.css
2025-06-26 11:53:15 [http-nio-8080-exec-6] DEBUG o.s.security.web.FilterChainProxy - Secured GET /styles/footer.css
2025-06-26 11:53:15 [http-nio-8080-exec-4] DEBUG o.s.security.web.FilterChainProxy - Securing GET /styles/showRecipe.css
2025-06-26 11:53:15 [http-nio-8080-exec-4] DEBUG o.s.security.web.FilterChainProxy - Secured GET /styles/showRecipe.css
2025-06-26 11:53:15 [http-nio-8080-exec-7] DEBUG o.s.security.web.FilterChainProxy - Securing GET /styles/global.css
2025-06-26 11:53:15 [http-nio-8080-exec-7] DEBUG o.s.security.web.FilterChainProxy - Secured GET /styles/global.css
2025-06-26 11:53:15 [http-nio-8080-exec-2] DEBUG o.s.s.w.a.AnonymousAuthenticationFilter - Set SecurityContextHolder to anonymous SecurityContext
2025-06-26 11:53:15 [http-nio-8080-exec-3] DEBUG o.s.s.w.a.AnonymousAuthenticationFilter - Set SecurityContextHolder to anonymous SecurityContext
2025-06-26 11:53:15 [http-nio-8080-exec-7] DEBUG o.s.s.w.a.AnonymousAuthenticationFilter - Set SecurityContextHolder to anonymous SecurityContext
2025-06-26 11:53:15 [http-nio-8080-exec-4] DEBUG o.s.s.w.a.AnonymousAuthenticationFilter - Set SecurityContextHolder to anonymous SecurityContext
2025-06-26 11:53:15 [http-nio-8080-exec-6] DEBUG o.s.s.w.a.AnonymousAuthenticationFilter - Set SecurityContextHolder to anonymous SecurityContext
2025-06-26 11:53:15 [http-nio-8080-exec-5] DEBUG o.s.s.w.a.AnonymousAuthenticationFilter - Set SecurityContextHolder to anonymous SecurityContext
2025-06-26 11:53:15 [http-nio-8080-exec-8] DEBUG o.s.security.web.FilterChainProxy - Securing GET /image?file=1750635278979_%D0%A1%D0%BD%D0%B8%D0%BC%D0%BE%D0%BA%20%D1%8D%D0%BA%D1%80%D0%B0%D0%BD%D0%B0%202025-02-20%20%D0%B2%2015.38.15.png
2025-06-26 11:53:15 [http-nio-8080-exec-8] DEBUG o.s.security.web.FilterChainProxy - Secured GET /image?file=1750635278979_%D0%A1%D0%BD%D0%B8%D0%BC%D0%BE%D0%BA%20%D1%8D%D0%BA%D1%80%D0%B0%D0%BD%D0%B0%202025-02-20%20%D0%B2%2015.38.15.png
2025-06-26 11:53:15 [http-nio-8080-exec-8] DEBUG o.s.s.w.a.AnonymousAuthenticationFilter - Set SecurityContextHolder to anonymous SecurityContext
2025-06-26 11:53:18 [http-nio-8080-exec-6] DEBUG o.s.security.web.FilterChainProxy - Securing GET /
2025-06-26 11:53:18 [http-nio-8080-exec-6] DEBUG o.s.security.web.FilterChainProxy - Secured GET /
2025-06-26 11:53:18 [http-nio-8080-exec-6] DEBUG o.s.security.web.FilterChainProxy - Securing GET /WEB-INF/views/mainPage.jsp
2025-06-26 11:53:18 [http-nio-8080-exec-6] DEBUG o.s.security.web.FilterChainProxy - Secured GET /WEB-INF/views/mainPage.jsp
2025-06-26 11:53:18 [http-nio-8080-exec-6] DEBUG o.s.s.w.a.AnonymousAuthenticationFilter - Set SecurityContextHolder to anonymous SecurityContext
2025-06-26 11:53:18 [http-nio-8080-exec-4] DEBUG o.s.security.web.FilterChainProxy - Securing GET /styles/normalize.8.0.1.css
2025-06-26 11:53:18 [http-nio-8080-exec-10] DEBUG o.s.security.web.FilterChainProxy - Securing GET /styles/global.css
2025-06-26 11:53:18 [http-nio-8080-exec-8] DEBUG o.s.security.web.FilterChainProxy - Securing GET /styles/mainPage.css
2025-06-26 11:53:18 [http-nio-8080-exec-5] DEBUG o.s.security.web.FilterChainProxy - Securing GET /styles/reset.css
2025-06-26 11:53:18 [http-nio-8080-exec-7] DEBUG o.s.security.web.FilterChainProxy - Securing GET /styles/header.css
2025-06-26 11:53:18 [http-nio-8080-exec-2] DEBUG o.s.security.web.FilterChainProxy - Securing GET /styles/footer.css
2025-06-26 11:53:18 [http-nio-8080-exec-4] DEBUG o.s.security.web.FilterChainProxy - Secured GET /styles/normalize.8.0.1.css
2025-06-26 11:53:18 [http-nio-8080-exec-8] DEBUG o.s.security.web.FilterChainProxy - Secured GET /styles/mainPage.css
2025-06-26 11:53:18 [http-nio-8080-exec-5] DEBUG o.s.security.web.FilterChainProxy - Secured GET /styles/reset.css
2025-06-26 11:53:18 [http-nio-8080-exec-2] DEBUG o.s.security.web.FilterChainProxy - Secured GET /styles/footer.css
2025-06-26 11:53:18 [http-nio-8080-exec-7] DEBUG o.s.security.web.FilterChainProxy - Secured GET /styles/header.css
2025-06-26 11:53:18 [http-nio-8080-exec-10] DEBUG o.s.security.web.FilterChainProxy - Secured GET /styles/global.css
2025-06-26 11:53:18 [http-nio-8080-exec-8] DEBUG o.s.s.w.a.AnonymousAuthenticationFilter - Set SecurityContextHolder to anonymous SecurityContext
2025-06-26 11:53:18 [http-nio-8080-exec-4] DEBUG o.s.s.w.a.AnonymousAuthenticationFilter - Set SecurityContextHolder to anonymous SecurityContext
2025-06-26 11:53:18 [http-nio-8080-exec-2] DEBUG o.s.s.w.a.AnonymousAuthenticationFilter - Set SecurityContextHolder to anonymous SecurityContext
2025-06-26 11:53:18 [http-nio-8080-exec-5] DEBUG o.s.s.w.a.AnonymousAuthenticationFilter - Set SecurityContextHolder to anonymous SecurityContext
2025-06-26 11:53:18 [http-nio-8080-exec-7] DEBUG o.s.s.w.a.AnonymousAuthenticationFilter - Set SecurityContextHolder to anonymous SecurityContext
2025-06-26 11:53:18 [http-nio-8080-exec-10] DEBUG o.s.s.w.a.AnonymousAuthenticationFilter - Set SecurityContextHolder to anonymous SecurityContext
2025-06-26 11:53:18 [http-nio-8080-exec-1] DEBUG o.s.security.web.FilterChainProxy - Securing GET /image?file=1750635278979_%D0%A1%D0%BD%D0%B8%D0%BC%D0%BE%D0%BA%20%D1%8D%D0%BA%D1%80%D0%B0%D0%BD%D0%B0%202025-02-20%20%D0%B2%2015.38.15.png
2025-06-26 11:53:18 [http-nio-8080-exec-9] DEBUG o.s.security.web.FilterChainProxy - Securing GET /image?file=1750635976463_%D0%A1%D0%BD%D0%B8%D0%BC%D0%BE%D0%BA%20%D1%8D%D0%BA%D1%80%D0%B0%D0%BD%D0%B0%202025-03-16%20%D0%B2%2011.03.50.png
2025-06-26 11:53:18 [http-nio-8080-exec-3] DEBUG o.s.security.web.FilterChainProxy - Securing GET /image?file=1750687597303_%D0%A1%D0%BD%D0%B8%D0%BC%D0%BE%D0%BA%20%D1%8D%D0%BA%D1%80%D0%B0%D0%BD%D0%B0%202025-03-16%20%D0%B2%2019.33.55.png
2025-06-26 11:53:18 [http-nio-8080-exec-1] DEBUG o.s.security.web.FilterChainProxy - Secured GET /image?file=1750635278979_%D0%A1%D0%BD%D0%B8%D0%BC%D0%BE%D0%BA%20%D1%8D%D0%BA%D1%80%D0%B0%D0%BD%D0%B0%202025-02-20%20%D0%B2%2015.38.15.png
2025-06-26 11:53:18 [http-nio-8080-exec-3] DEBUG o.s.security.web.FilterChainProxy - Secured GET /image?file=1750687597303_%D0%A1%D0%BD%D0%B8%D0%BC%D0%BE%D0%BA%20%D1%8D%D0%BA%D1%80%D0%B0%D0%BD%D0%B0%202025-03-16%20%D0%B2%2019.33.55.png
2025-06-26 11:53:18 [http-nio-8080-exec-9] DEBUG o.s.security.web.FilterChainProxy - Secured GET /image?file=1750635976463_%D0%A1%D0%BD%D0%B8%D0%BC%D0%BE%D0%BA%20%D1%8D%D0%BA%D1%80%D0%B0%D0%BD%D0%B0%202025-03-16%20%D0%B2%2011.03.50.png
2025-06-26 11:53:18 [http-nio-8080-exec-9] DEBUG o.s.s.w.a.AnonymousAuthenticationFilter - Set SecurityContextHolder to anonymous SecurityContext
2025-06-26 11:53:18 [http-nio-8080-exec-1] DEBUG o.s.s.w.a.AnonymousAuthenticationFilter - Set SecurityContextHolder to anonymous SecurityContext
2025-06-26 11:53:18 [http-nio-8080-exec-3] DEBUG o.s.s.w.a.AnonymousAuthenticationFilter - Set SecurityContextHolder to anonymous SecurityContext
2025-06-26 11:53:25 [http-nio-8080-exec-4] DEBUG o.s.security.web.FilterChainProxy - Securing GET /login
2025-06-26 11:53:25 [http-nio-8080-exec-4] DEBUG o.s.security.web.FilterChainProxy - Secured GET /login
2025-06-26 11:53:25 [http-nio-8080-exec-4] DEBUG o.s.security.web.FilterChainProxy - Securing GET /WEB-INF/views/login.jsp
2025-06-26 11:53:25 [http-nio-8080-exec-4] DEBUG o.s.security.web.FilterChainProxy - Secured GET /WEB-INF/views/login.jsp
2025-06-26 11:53:25 [http-nio-8080-exec-4] DEBUG o.s.s.w.a.AnonymousAuthenticationFilter - Set SecurityContextHolder to anonymous SecurityContext
2025-06-26 11:53:25 [http-nio-8080-exec-9] DEBUG o.s.security.web.FilterChainProxy - Securing GET /styles/normalize.8.0.1.css
2025-06-26 11:53:25 [http-nio-8080-exec-1] DEBUG o.s.security.web.FilterChainProxy - Securing GET /styles/reset.css
2025-06-26 11:53:25 [http-nio-8080-exec-1] DEBUG o.s.security.web.FilterChainProxy - Secured GET /styles/reset.css
2025-06-26 11:53:25 [http-nio-8080-exec-9] DEBUG o.s.security.web.FilterChainProxy - Secured GET /styles/normalize.8.0.1.css
2025-06-26 11:53:25 [http-nio-8080-exec-3] DEBUG o.s.security.web.FilterChainProxy - Securing GET /styles/login.css
2025-06-26 11:53:25 [http-nio-8080-exec-8] DEBUG o.s.security.web.FilterChainProxy - Securing GET /styles/global.css
2025-06-26 11:53:25 [http-nio-8080-exec-8] DEBUG o.s.security.web.FilterChainProxy - Secured GET /styles/global.css
2025-06-26 11:53:25 [http-nio-8080-exec-7] DEBUG o.s.security.web.FilterChainProxy - Securing GET /styles/header.css
2025-06-26 11:53:25 [http-nio-8080-exec-3] DEBUG o.s.security.web.FilterChainProxy - Secured GET /styles/login.css
2025-06-26 11:53:25 [http-nio-8080-exec-6] DEBUG o.s.security.web.FilterChainProxy - Securing GET /styles/footer.css
2025-06-26 11:53:25 [http-nio-8080-exec-7] DEBUG o.s.security.web.FilterChainProxy - Secured GET /styles/header.css
2025-06-26 11:53:25 [http-nio-8080-exec-6] DEBUG o.s.security.web.FilterChainProxy - Secured GET /styles/footer.css
2025-06-26 11:53:25 [http-nio-8080-exec-1] DEBUG o.s.s.w.a.AnonymousAuthenticationFilter - Set SecurityContextHolder to anonymous SecurityContext
2025-06-26 11:53:25 [http-nio-8080-exec-7] DEBUG o.s.s.w.a.AnonymousAuthenticationFilter - Set SecurityContextHolder to anonymous SecurityContext
2025-06-26 11:53:25 [http-nio-8080-exec-6] DEBUG o.s.s.w.a.AnonymousAuthenticationFilter - Set SecurityContextHolder to anonymous SecurityContext
2025-06-26 11:53:25 [http-nio-8080-exec-8] DEBUG o.s.s.w.a.AnonymousAuthenticationFilter - Set SecurityContextHolder to anonymous SecurityContext
2025-06-26 11:53:25 [http-nio-8080-exec-9] DEBUG o.s.s.w.a.AnonymousAuthenticationFilter - Set SecurityContextHolder to anonymous SecurityContext
2025-06-26 11:53:25 [http-nio-8080-exec-3] DEBUG o.s.s.w.a.AnonymousAuthenticationFilter - Set SecurityContextHolder to anonymous SecurityContext
2025-06-26 11:53:30 [http-nio-8080-exec-6] DEBUG o.s.security.web.FilterChainProxy - Securing POST /login
2025-06-26 11:53:30 [http-nio-8080-exec-6] DEBUG o.s.s.a.d.DaoAuthenticationProvider - Failed to authenticate since user account is disabled
2025-06-26 11:53:30 [http-nio-8080-exec-6] DEBUG o.s.s.web.DefaultRedirectStrategy - Redirecting to /culinary/login?error=true
2025-06-26 11:53:30 [http-nio-8080-exec-8] DEBUG o.s.security.web.FilterChainProxy - Securing GET /login?error=true
2025-06-26 11:53:30 [http-nio-8080-exec-8] DEBUG o.s.security.web.FilterChainProxy - Secured GET /login?error=true
2025-06-26 11:53:30 [http-nio-8080-exec-8] DEBUG o.s.security.web.FilterChainProxy - Securing GET /WEB-INF/views/login.jsp?error=true
2025-06-26 11:53:30 [http-nio-8080-exec-8] DEBUG o.s.security.web.FilterChainProxy - Secured GET /WEB-INF/views/login.jsp?error=true
2025-06-26 11:53:30 [http-nio-8080-exec-8] DEBUG o.s.s.w.a.AnonymousAuthenticationFilter - Set SecurityContextHolder to anonymous SecurityContext
2025-06-26 11:53:30 [http-nio-8080-exec-9] DEBUG o.s.security.web.FilterChainProxy - Securing GET /styles/normalize.8.0.1.css
2025-06-26 11:53:30 [http-nio-8080-exec-2] DEBUG o.s.security.web.FilterChainProxy - Securing GET /styles/footer.css
2025-06-26 11:53:30 [http-nio-8080-exec-3] DEBUG o.s.security.web.FilterChainProxy - Securing GET /styles/reset.css
2025-06-26 11:53:30 [http-nio-8080-exec-5] DEBUG o.s.security.web.FilterChainProxy - Securing GET /styles/login.css
2025-06-26 11:53:30 [http-nio-8080-exec-2] DEBUG o.s.security.web.FilterChainProxy - Secured GET /styles/footer.css
2025-06-26 11:53:30 [http-nio-8080-exec-9] DEBUG o.s.security.web.FilterChainProxy - Secured GET /styles/normalize.8.0.1.css
2025-06-26 11:53:30 [http-nio-8080-exec-5] DEBUG o.s.security.web.FilterChainProxy - Secured GET /styles/login.css
2025-06-26 11:53:30 [http-nio-8080-exec-3] DEBUG o.s.security.web.FilterChainProxy - Secured GET /styles/reset.css
2025-06-26 11:53:30 [http-nio-8080-exec-4] DEBUG o.s.security.web.FilterChainProxy - Securing GET /styles/global.css
2025-06-26 11:53:30 [http-nio-8080-exec-10] DEBUG o.s.security.web.FilterChainProxy - Securing GET /styles/header.css
2025-06-26 11:53:30 [http-nio-8080-exec-10] DEBUG o.s.security.web.FilterChainProxy - Secured GET /styles/header.css
2025-06-26 11:53:30 [http-nio-8080-exec-4] DEBUG o.s.security.web.FilterChainProxy - Secured GET /styles/global.css
2025-06-26 11:53:30 [http-nio-8080-exec-2] DEBUG o.s.s.w.a.AnonymousAuthenticationFilter - Set SecurityContextHolder to anonymous SecurityContext
2025-06-26 11:53:30 [http-nio-8080-exec-5] DEBUG o.s.s.w.a.AnonymousAuthenticationFilter - Set SecurityContextHolder to anonymous SecurityContext
2025-06-26 11:53:30 [http-nio-8080-exec-10] DEBUG o.s.s.w.a.AnonymousAuthenticationFilter - Set SecurityContextHolder to anonymous SecurityContext
2025-06-26 11:53:30 [http-nio-8080-exec-4] DEBUG o.s.s.w.a.AnonymousAuthenticationFilter - Set SecurityContextHolder to anonymous SecurityContext
2025-06-26 11:53:30 [http-nio-8080-exec-9] DEBUG o.s.s.w.a.AnonymousAuthenticationFilter - Set SecurityContextHolder to anonymous SecurityContext
2025-06-26 11:53:30 [http-nio-8080-exec-3] DEBUG o.s.s.w.a.AnonymousAuthenticationFilter - Set SecurityContextHolder to anonymous SecurityContext
2025-06-26 11:53:39 [http-nio-8080-exec-9] DEBUG o.s.security.web.FilterChainProxy - Securing POST /login
2025-06-26 11:53:39 [http-nio-8080-exec-9] DEBUG o.s.s.a.d.DaoAuthenticationProvider - Failed to authenticate since user account is disabled
2025-06-26 11:53:39 [http-nio-8080-exec-9] DEBUG o.s.s.web.DefaultRedirectStrategy - Redirecting to /culinary/login?error=true
2025-06-26 11:53:39 [http-nio-8080-exec-2] DEBUG o.s.security.web.FilterChainProxy - Securing GET /login?error=true
2025-06-26 11:53:39 [http-nio-8080-exec-2] DEBUG o.s.security.web.FilterChainProxy - Secured GET /login?error=true
2025-06-26 11:53:39 [http-nio-8080-exec-2] DEBUG o.s.security.web.FilterChainProxy - Securing GET /WEB-INF/views/login.jsp?error=true
2025-06-26 11:53:39 [http-nio-8080-exec-2] DEBUG o.s.security.web.FilterChainProxy - Secured GET /WEB-INF/views/login.jsp?error=true
2025-06-26 11:53:39 [http-nio-8080-exec-2] DEBUG o.s.s.w.a.AnonymousAuthenticationFilter - Set SecurityContextHolder to anonymous SecurityContext
2025-06-26 11:53:39 [http-nio-8080-exec-3] DEBUG o.s.security.web.FilterChainProxy - Securing GET /styles/reset.css
2025-06-26 11:53:39 [http-nio-8080-exec-5] DEBUG o.s.security.web.FilterChainProxy - Securing GET /styles/normalize.8.0.1.css
2025-06-26 11:53:39 [http-nio-8080-exec-3] DEBUG o.s.security.web.FilterChainProxy - Secured GET /styles/reset.css
2025-06-26 11:53:39 [http-nio-8080-exec-5] DEBUG o.s.security.web.FilterChainProxy - Secured GET /styles/normalize.8.0.1.css
2025-06-26 11:53:39 [http-nio-8080-exec-6] DEBUG o.s.security.web.FilterChainProxy - Securing GET /styles/header.css
2025-06-26 11:53:39 [http-nio-8080-exec-6] DEBUG o.s.security.web.FilterChainProxy - Secured GET /styles/header.css
2025-06-26 11:53:39 [http-nio-8080-exec-5] DEBUG o.s.s.w.a.AnonymousAuthenticationFilter - Set SecurityContextHolder to anonymous SecurityContext
2025-06-26 11:53:39 [http-nio-8080-exec-3] DEBUG o.s.s.w.a.AnonymousAuthenticationFilter - Set SecurityContextHolder to anonymous SecurityContext
2025-06-26 11:53:39 [http-nio-8080-exec-6] DEBUG o.s.s.w.a.AnonymousAuthenticationFilter - Set SecurityContextHolder to anonymous SecurityContext
2025-06-26 11:53:39 [http-nio-8080-exec-3] DEBUG o.s.security.web.FilterChainProxy - Securing GET /styles/footer.css
2025-06-26 11:53:39 [http-nio-8080-exec-6] DEBUG o.s.security.web.FilterChainProxy - Securing GET /styles/login.css
2025-06-26 11:53:39 [http-nio-8080-exec-10] DEBUG o.s.security.web.FilterChainProxy - Securing GET /styles/global.css
2025-06-26 11:53:39 [http-nio-8080-exec-3] DEBUG o.s.security.web.FilterChainProxy - Secured GET /styles/footer.css
2025-06-26 11:53:39 [http-nio-8080-exec-10] DEBUG o.s.security.web.FilterChainProxy - Secured GET /styles/global.css
2025-06-26 11:53:39 [http-nio-8080-exec-6] DEBUG o.s.security.web.FilterChainProxy - Secured GET /styles/login.css
2025-06-26 11:53:39 [http-nio-8080-exec-3] DEBUG o.s.s.w.a.AnonymousAuthenticationFilter - Set SecurityContextHolder to anonymous SecurityContext
2025-06-26 11:53:39 [http-nio-8080-exec-10] DEBUG o.s.s.w.a.AnonymousAuthenticationFilter - Set SecurityContextHolder to anonymous SecurityContext
2025-06-26 11:53:39 [http-nio-8080-exec-6] DEBUG o.s.s.w.a.AnonymousAuthenticationFilter - Set SecurityContextHolder to anonymous SecurityContext
2025-06-26 11:53:55 [http-nio-8080-exec-7] DEBUG o.s.security.web.FilterChainProxy - Securing POST /login
2025-06-26 11:53:55 [http-nio-8080-exec-7] DEBUG o.s.s.a.d.DaoAuthenticationProvider - Failed to authenticate since user account is disabled
2025-06-26 11:53:55 [http-nio-8080-exec-7] DEBUG o.s.s.web.DefaultRedirectStrategy - Redirecting to /culinary/login?error=true
2025-06-26 11:53:55 [http-nio-8080-exec-3] DEBUG o.s.security.web.FilterChainProxy - Securing GET /login?error=true
2025-06-26 11:53:55 [http-nio-8080-exec-3] DEBUG o.s.security.web.FilterChainProxy - Secured GET /login?error=true
2025-06-26 11:53:55 [http-nio-8080-exec-3] DEBUG o.s.security.web.FilterChainProxy - Securing GET /WEB-INF/views/login.jsp?error=true
2025-06-26 11:53:55 [http-nio-8080-exec-3] DEBUG o.s.security.web.FilterChainProxy - Secured GET /WEB-INF/views/login.jsp?error=true
2025-06-26 11:53:55 [http-nio-8080-exec-3] DEBUG o.s.s.w.a.AnonymousAuthenticationFilter - Set SecurityContextHolder to anonymous SecurityContext
2025-06-26 11:53:55 [http-nio-8080-exec-6] DEBUG o.s.security.web.FilterChainProxy - Securing GET /styles/reset.css
2025-06-26 11:53:55 [http-nio-8080-exec-10] DEBUG o.s.security.web.FilterChainProxy - Securing GET /styles/normalize.8.0.1.css
2025-06-26 11:53:55 [http-nio-8080-exec-10] DEBUG o.s.security.web.FilterChainProxy - Secured GET /styles/normalize.8.0.1.css
2025-06-26 11:53:55 [http-nio-8080-exec-6] DEBUG o.s.security.web.FilterChainProxy - Secured GET /styles/reset.css
2025-06-26 11:53:55 [http-nio-8080-exec-4] DEBUG o.s.security.web.FilterChainProxy - Securing GET /styles/footer.css
2025-06-26 11:53:55 [http-nio-8080-exec-4] DEBUG o.s.security.web.FilterChainProxy - Secured GET /styles/footer.css
2025-06-26 11:53:55 [http-nio-8080-exec-2] DEBUG o.s.security.web.FilterChainProxy - Securing GET /styles/login.css
2025-06-26 11:53:55 [http-nio-8080-exec-9] DEBUG o.s.security.web.FilterChainProxy - Securing GET /styles/header.css
2025-06-26 11:53:55 [http-nio-8080-exec-5] DEBUG o.s.security.web.FilterChainProxy - Securing GET /styles/global.css
2025-06-26 11:53:55 [http-nio-8080-exec-2] DEBUG o.s.security.web.FilterChainProxy - Secured GET /styles/login.css
2025-06-26 11:53:55 [http-nio-8080-exec-5] DEBUG o.s.security.web.FilterChainProxy - Secured GET /styles/global.css
2025-06-26 11:53:55 [http-nio-8080-exec-9] DEBUG o.s.security.web.FilterChainProxy - Secured GET /styles/header.css
2025-06-26 11:53:55 [http-nio-8080-exec-5] DEBUG o.s.s.w.a.AnonymousAuthenticationFilter - Set SecurityContextHolder to anonymous SecurityContext
2025-06-26 11:53:55 [http-nio-8080-exec-6] DEBUG o.s.s.w.a.AnonymousAuthenticationFilter - Set SecurityContextHolder to anonymous SecurityContext
2025-06-26 11:53:55 [http-nio-8080-exec-10] DEBUG o.s.s.w.a.AnonymousAuthenticationFilter - Set SecurityContextHolder to anonymous SecurityContext
2025-06-26 11:53:55 [http-nio-8080-exec-2] DEBUG o.s.s.w.a.AnonymousAuthenticationFilter - Set SecurityContextHolder to anonymous SecurityContext
2025-06-26 11:53:55 [http-nio-8080-exec-4] DEBUG o.s.s.w.a.AnonymousAuthenticationFilter - Set SecurityContextHolder to anonymous SecurityContext
2025-06-26 11:53:55 [http-nio-8080-exec-9] DEBUG o.s.s.w.a.AnonymousAuthenticationFilter - Set SecurityContextHolder to anonymous SecurityContext
2025-06-26 11:53:56 [http-nio-8080-exec-5] DEBUG o.s.security.web.FilterChainProxy - Securing GET /register
2025-06-26 11:53:56 [http-nio-8080-exec-5] DEBUG o.s.security.web.FilterChainProxy - Secured GET /register
2025-06-26 11:53:56 [http-nio-8080-exec-5] DEBUG o.s.security.web.FilterChainProxy - Securing GET /WEB-INF/views/register.jsp
2025-06-26 11:53:56 [http-nio-8080-exec-5] DEBUG o.s.security.web.FilterChainProxy - Secured GET /WEB-INF/views/register.jsp
2025-06-26 11:53:56 [http-nio-8080-exec-5] DEBUG o.s.s.w.a.AnonymousAuthenticationFilter - Set SecurityContextHolder to anonymous SecurityContext
2025-06-26 11:53:56 [http-nio-8080-exec-6] DEBUG o.s.security.web.FilterChainProxy - Securing GET /styles/normalize.8.0.1.css
2025-06-26 11:53:56 [http-nio-8080-exec-4] DEBUG o.s.security.web.FilterChainProxy - Securing GET /styles/reset.css
2025-06-26 11:53:56 [http-nio-8080-exec-9] DEBUG o.s.security.web.FilterChainProxy - Securing GET /styles/register.css
2025-06-26 11:53:56 [http-nio-8080-exec-4] DEBUG o.s.security.web.FilterChainProxy - Secured GET /styles/reset.css
2025-06-26 11:53:56 [http-nio-8080-exec-9] DEBUG o.s.security.web.FilterChainProxy - Secured GET /styles/register.css
2025-06-26 11:53:56 [http-nio-8080-exec-6] DEBUG o.s.security.web.FilterChainProxy - Secured GET /styles/normalize.8.0.1.css
2025-06-26 11:53:56 [http-nio-8080-exec-7] DEBUG o.s.security.web.FilterChainProxy - Securing GET /styles/global.css
2025-06-26 11:53:56 [http-nio-8080-exec-7] DEBUG o.s.security.web.FilterChainProxy - Secured GET /styles/global.css
2025-06-26 11:53:56 [http-nio-8080-exec-8] DEBUG o.s.security.web.FilterChainProxy - Securing GET /styles/header.css
2025-06-26 11:53:56 [http-nio-8080-exec-8] DEBUG o.s.security.web.FilterChainProxy - Secured GET /styles/header.css
2025-06-26 11:53:56 [http-nio-8080-exec-1] DEBUG o.s.security.web.FilterChainProxy - Securing GET /styles/footer.css
2025-06-26 11:53:56 [http-nio-8080-exec-4] DEBUG o.s.s.w.a.AnonymousAuthenticationFilter - Set SecurityContextHolder to anonymous SecurityContext
2025-06-26 11:53:56 [http-nio-8080-exec-1] DEBUG o.s.security.web.FilterChainProxy - Secured GET /styles/footer.css
2025-06-26 11:53:56 [http-nio-8080-exec-6] DEBUG o.s.s.w.a.AnonymousAuthenticationFilter - Set SecurityContextHolder to anonymous SecurityContext
2025-06-26 11:53:56 [http-nio-8080-exec-9] DEBUG o.s.s.w.a.AnonymousAuthenticationFilter - Set SecurityContextHolder to anonymous SecurityContext
2025-06-26 11:53:56 [http-nio-8080-exec-7] DEBUG o.s.s.w.a.AnonymousAuthenticationFilter - Set SecurityContextHolder to anonymous SecurityContext
2025-06-26 11:53:56 [http-nio-8080-exec-8] DEBUG o.s.s.w.a.AnonymousAuthenticationFilter - Set SecurityContextHolder to anonymous SecurityContext
2025-06-26 11:53:56 [http-nio-8080-exec-1] DEBUG o.s.s.w.a.AnonymousAuthenticationFilter - Set SecurityContextHolder to anonymous SecurityContext
2025-06-26 11:54:09 [http-nio-8080-exec-7] DEBUG o.s.security.web.FilterChainProxy - Securing POST /register
2025-06-26 11:54:09 [http-nio-8080-exec-7] DEBUG o.s.security.web.FilterChainProxy - Secured POST /register
2025-06-26 11:54:09 [http-nio-8080-exec-7] WARN  o.e.service.impl.UserServiceImpl - Попытка регистрации с существующим именем: Аделина
2025-06-26 11:54:09 [http-nio-8080-exec-7] DEBUG o.s.security.web.FilterChainProxy - Securing POST /WEB-INF/views/register.jsp
2025-06-26 11:54:09 [http-nio-8080-exec-7] DEBUG o.s.security.web.FilterChainProxy - Secured POST /WEB-INF/views/register.jsp
2025-06-26 11:54:09 [http-nio-8080-exec-7] DEBUG o.s.s.w.a.AnonymousAuthenticationFilter - Set SecurityContextHolder to anonymous SecurityContext
2025-06-26 11:54:09 [http-nio-8080-exec-8] DEBUG o.s.security.web.FilterChainProxy - Securing GET /styles/normalize.8.0.1.css
2025-06-26 11:54:09 [http-nio-8080-exec-9] DEBUG o.s.security.web.FilterChainProxy - Securing GET /styles/reset.css
2025-06-26 11:54:09 [http-nio-8080-exec-8] DEBUG o.s.security.web.FilterChainProxy - Secured GET /styles/normalize.8.0.1.css
2025-06-26 11:54:09 [http-nio-8080-exec-5] DEBUG o.s.security.web.FilterChainProxy - Securing GET /styles/header.css
2025-06-26 11:54:09 [http-nio-8080-exec-3] DEBUG o.s.security.web.FilterChainProxy - Securing GET /styles/footer.css
2025-06-26 11:54:09 [http-nio-8080-exec-5] DEBUG o.s.security.web.FilterChainProxy - Secured GET /styles/header.css
2025-06-26 11:54:09 [http-nio-8080-exec-3] DEBUG o.s.security.web.FilterChainProxy - Secured GET /styles/footer.css
2025-06-26 11:54:09 [http-nio-8080-exec-9] DEBUG o.s.security.web.FilterChainProxy - Secured GET /styles/reset.css
2025-06-26 11:54:09 [http-nio-8080-exec-1] DEBUG o.s.security.web.FilterChainProxy - Securing GET /styles/register.css
2025-06-26 11:54:09 [http-nio-8080-exec-1] DEBUG o.s.security.web.FilterChainProxy - Secured GET /styles/register.css
2025-06-26 11:54:09 [http-nio-8080-exec-2] DEBUG o.s.security.web.FilterChainProxy - Securing GET /styles/global.css
2025-06-26 11:54:09 [http-nio-8080-exec-2] DEBUG o.s.security.web.FilterChainProxy - Secured GET /styles/global.css
2025-06-26 11:54:09 [http-nio-8080-exec-3] DEBUG o.s.s.w.a.AnonymousAuthenticationFilter - Set SecurityContextHolder to anonymous SecurityContext
2025-06-26 11:54:09 [http-nio-8080-exec-5] DEBUG o.s.s.w.a.AnonymousAuthenticationFilter - Set SecurityContextHolder to anonymous SecurityContext
2025-06-26 11:54:09 [http-nio-8080-exec-9] DEBUG o.s.s.w.a.AnonymousAuthenticationFilter - Set SecurityContextHolder to anonymous SecurityContext
2025-06-26 11:54:09 [http-nio-8080-exec-8] DEBUG o.s.s.w.a.AnonymousAuthenticationFilter - Set SecurityContextHolder to anonymous SecurityContext
2025-06-26 11:54:09 [http-nio-8080-exec-2] DEBUG o.s.s.w.a.AnonymousAuthenticationFilter - Set SecurityContextHolder to anonymous SecurityContext
2025-06-26 11:54:09 [http-nio-8080-exec-1] DEBUG o.s.s.w.a.AnonymousAuthenticationFilter - Set SecurityContextHolder to anonymous SecurityContext
2025-06-26 11:54:29 [http-nio-8080-exec-9] DEBUG o.s.security.web.FilterChainProxy - Securing GET /login
2025-06-26 11:54:29 [http-nio-8080-exec-9] DEBUG o.s.security.web.FilterChainProxy - Secured GET /login
2025-06-26 11:54:29 [http-nio-8080-exec-9] DEBUG o.s.security.web.FilterChainProxy - Securing GET /WEB-INF/views/login.jsp
2025-06-26 11:54:29 [http-nio-8080-exec-9] DEBUG o.s.security.web.FilterChainProxy - Secured GET /WEB-INF/views/login.jsp
2025-06-26 11:54:29 [http-nio-8080-exec-9] DEBUG o.s.s.w.a.AnonymousAuthenticationFilter - Set SecurityContextHolder to anonymous SecurityContext
2025-06-26 11:54:29 [http-nio-8080-exec-2] DEBUG o.s.security.web.FilterChainProxy - Securing GET /styles/reset.css
2025-06-26 11:54:29 [http-nio-8080-exec-2] DEBUG o.s.security.web.FilterChainProxy - Secured GET /styles/reset.css
2025-06-26 11:54:29 [http-nio-8080-exec-8] DEBUG o.s.security.web.FilterChainProxy - Securing GET /styles/normalize.8.0.1.css
2025-06-26 11:54:29 [http-nio-8080-exec-8] DEBUG o.s.security.web.FilterChainProxy - Secured GET /styles/normalize.8.0.1.css
2025-06-26 11:54:29 [http-nio-8080-exec-7] DEBUG o.s.security.web.FilterChainProxy - Securing GET /styles/footer.css
2025-06-26 11:54:29 [http-nio-8080-exec-10] DEBUG o.s.security.web.FilterChainProxy - Securing GET /styles/header.css
2025-06-26 11:54:29 [http-nio-8080-exec-7] DEBUG o.s.security.web.FilterChainProxy - Secured GET /styles/footer.css
2025-06-26 11:54:29 [http-nio-8080-exec-4] DEBUG o.s.security.web.FilterChainProxy - Securing GET /styles/global.css
2025-06-26 11:54:29 [http-nio-8080-exec-10] DEBUG o.s.security.web.FilterChainProxy - Secured GET /styles/header.css
2025-06-26 11:54:29 [http-nio-8080-exec-1] DEBUG o.s.security.web.FilterChainProxy - Securing GET /styles/login.css
2025-06-26 11:54:29 [http-nio-8080-exec-4] DEBUG o.s.security.web.FilterChainProxy - Secured GET /styles/global.css
2025-06-26 11:54:29 [http-nio-8080-exec-1] DEBUG o.s.security.web.FilterChainProxy - Secured GET /styles/login.css
2025-06-26 11:54:29 [http-nio-8080-exec-7] DEBUG o.s.s.w.a.AnonymousAuthenticationFilter - Set SecurityContextHolder to anonymous SecurityContext
2025-06-26 11:54:29 [http-nio-8080-exec-8] DEBUG o.s.s.w.a.AnonymousAuthenticationFilter - Set SecurityContextHolder to anonymous SecurityContext
2025-06-26 11:54:29 [http-nio-8080-exec-10] DEBUG o.s.s.w.a.AnonymousAuthenticationFilter - Set SecurityContextHolder to anonymous SecurityContext
2025-06-26 11:54:29 [http-nio-8080-exec-1] DEBUG o.s.s.w.a.AnonymousAuthenticationFilter - Set SecurityContextHolder to anonymous SecurityContext
2025-06-26 11:54:29 [http-nio-8080-exec-2] DEBUG o.s.s.w.a.AnonymousAuthenticationFilter - Set SecurityContextHolder to anonymous SecurityContext
2025-06-26 11:54:29 [http-nio-8080-exec-4] DEBUG o.s.s.w.a.AnonymousAuthenticationFilter - Set SecurityContextHolder to anonymous SecurityContext
2025-06-26 11:54:32 [http-nio-8080-exec-10] DEBUG o.s.security.web.FilterChainProxy - Securing GET /
2025-06-26 11:54:32 [http-nio-8080-exec-10] DEBUG o.s.security.web.FilterChainProxy - Secured GET /
2025-06-26 11:54:32 [http-nio-8080-exec-10] DEBUG o.s.security.web.FilterChainProxy - Securing GET /WEB-INF/views/mainPage.jsp
2025-06-26 11:54:32 [http-nio-8080-exec-10] DEBUG o.s.security.web.FilterChainProxy - Secured GET /WEB-INF/views/mainPage.jsp
2025-06-26 11:54:32 [http-nio-8080-exec-10] DEBUG o.s.s.w.a.AnonymousAuthenticationFilter - Set SecurityContextHolder to anonymous SecurityContext
2025-06-26 11:54:32 [http-nio-8080-exec-2] DEBUG o.s.security.web.FilterChainProxy - Securing GET /styles/reset.css
2025-06-26 11:54:32 [http-nio-8080-exec-1] DEBUG o.s.security.web.FilterChainProxy - Securing GET /styles/normalize.8.0.1.css
2025-06-26 11:54:32 [http-nio-8080-exec-2] DEBUG o.s.security.web.FilterChainProxy - Secured GET /styles/reset.css
2025-06-26 11:54:32 [http-nio-8080-exec-4] DEBUG o.s.security.web.FilterChainProxy - Securing GET /styles/mainPage.css
2025-06-26 11:54:32 [http-nio-8080-exec-4] DEBUG o.s.security.web.FilterChainProxy - Secured GET /styles/mainPage.css
2025-06-26 11:54:32 [http-nio-8080-exec-1] DEBUG o.s.security.web.FilterChainProxy - Secured GET /styles/normalize.8.0.1.css
2025-06-26 11:54:32 [http-nio-8080-exec-4] DEBUG o.s.s.w.a.AnonymousAuthenticationFilter - Set SecurityContextHolder to anonymous SecurityContext
2025-06-26 11:54:32 [http-nio-8080-exec-2] DEBUG o.s.s.w.a.AnonymousAuthenticationFilter - Set SecurityContextHolder to anonymous SecurityContext
2025-06-26 11:54:32 [http-nio-8080-exec-1] DEBUG o.s.s.w.a.AnonymousAuthenticationFilter - Set SecurityContextHolder to anonymous SecurityContext
2025-06-26 11:54:32 [http-nio-8080-exec-3] DEBUG o.s.security.web.FilterChainProxy - Securing GET /styles/header.css
2025-06-26 11:54:32 [http-nio-8080-exec-6] DEBUG o.s.security.web.FilterChainProxy - Securing GET /styles/footer.css
2025-06-26 11:54:32 [http-nio-8080-exec-3] DEBUG o.s.security.web.FilterChainProxy - Secured GET /styles/header.css
2025-06-26 11:54:32 [http-nio-8080-exec-6] DEBUG o.s.security.web.FilterChainProxy - Secured GET /styles/footer.css
2025-06-26 11:54:32 [http-nio-8080-exec-5] DEBUG o.s.security.web.FilterChainProxy - Securing GET /image?file=1750635976463_%D0%A1%D0%BD%D0%B8%D0%BC%D0%BE%D0%BA%20%D1%8D%D0%BA%D1%80%D0%B0%D0%BD%D0%B0%202025-03-16%20%D0%B2%2011.03.50.png
2025-06-26 11:54:32 [http-nio-8080-exec-7] DEBUG o.s.security.web.FilterChainProxy - Securing GET /image?file=1750635278979_%D0%A1%D0%BD%D0%B8%D0%BC%D0%BE%D0%BA%20%D1%8D%D0%BA%D1%80%D0%B0%D0%BD%D0%B0%202025-02-20%20%D0%B2%2015.38.15.png
2025-06-26 11:54:32 [http-nio-8080-exec-5] DEBUG o.s.security.web.FilterChainProxy - Secured GET /image?file=1750635976463_%D0%A1%D0%BD%D0%B8%D0%BC%D0%BE%D0%BA%20%D1%8D%D0%BA%D1%80%D0%B0%D0%BD%D0%B0%202025-03-16%20%D0%B2%2011.03.50.png
2025-06-26 11:54:32 [http-nio-8080-exec-9] DEBUG o.s.security.web.FilterChainProxy - Securing GET /styles/global.css
2025-06-26 11:54:32 [http-nio-8080-exec-9] DEBUG o.s.security.web.FilterChainProxy - Secured GET /styles/global.css
2025-06-26 11:54:32 [http-nio-8080-exec-7] DEBUG o.s.security.web.FilterChainProxy - Secured GET /image?file=1750635278979_%D0%A1%D0%BD%D0%B8%D0%BC%D0%BE%D0%BA%20%D1%8D%D0%BA%D1%80%D0%B0%D0%BD%D0%B0%202025-02-20%20%D0%B2%2015.38.15.png
2025-06-26 11:54:32 [http-nio-8080-exec-6] DEBUG o.s.s.w.a.AnonymousAuthenticationFilter - Set SecurityContextHolder to anonymous SecurityContext
2025-06-26 11:54:32 [http-nio-8080-exec-3] DEBUG o.s.s.w.a.AnonymousAuthenticationFilter - Set SecurityContextHolder to anonymous SecurityContext
2025-06-26 11:54:32 [http-nio-8080-exec-9] DEBUG o.s.s.w.a.AnonymousAuthenticationFilter - Set SecurityContextHolder to anonymous SecurityContext
2025-06-26 11:54:32 [http-nio-8080-exec-5] DEBUG o.s.s.w.a.AnonymousAuthenticationFilter - Set SecurityContextHolder to anonymous SecurityContext
2025-06-26 11:54:32 [http-nio-8080-exec-7] DEBUG o.s.s.w.a.AnonymousAuthenticationFilter - Set SecurityContextHolder to anonymous SecurityContext
2025-06-26 11:54:32 [http-nio-8080-exec-8] DEBUG o.s.security.web.FilterChainProxy - Securing GET /image?file=1750687597303_%D0%A1%D0%BD%D0%B8%D0%BC%D0%BE%D0%BA%20%D1%8D%D0%BA%D1%80%D0%B0%D0%BD%D0%B0%202025-03-16%20%D0%B2%2019.33.55.png
2025-06-26 11:54:32 [http-nio-8080-exec-8] DEBUG o.s.security.web.FilterChainProxy - Secured GET /image?file=1750687597303_%D0%A1%D0%BD%D0%B8%D0%BC%D0%BE%D0%BA%20%D1%8D%D0%BA%D1%80%D0%B0%D0%BD%D0%B0%202025-03-16%20%D0%B2%2019.33.55.png
2025-06-26 11:54:32 [http-nio-8080-exec-8] DEBUG o.s.s.w.a.AnonymousAuthenticationFilter - Set SecurityContextHolder to anonymous SecurityContext
2025-06-26 11:54:34 [http-nio-8080-exec-10] DEBUG o.s.security.web.FilterChainProxy - Securing GET /
2025-06-26 11:54:34 [http-nio-8080-exec-10] DEBUG o.s.security.web.FilterChainProxy - Secured GET /
2025-06-26 11:54:34 [http-nio-8080-exec-10] DEBUG o.s.security.web.FilterChainProxy - Securing GET /WEB-INF/views/mainPage.jsp
2025-06-26 11:54:34 [http-nio-8080-exec-10] DEBUG o.s.security.web.FilterChainProxy - Secured GET /WEB-INF/views/mainPage.jsp
2025-06-26 11:54:34 [http-nio-8080-exec-10] DEBUG o.s.s.w.a.AnonymousAuthenticationFilter - Set SecurityContextHolder to anonymous SecurityContext
2025-06-26 11:54:34 [http-nio-8080-exec-2] DEBUG o.s.security.web.FilterChainProxy - Securing GET /styles/normalize.8.0.1.css
2025-06-26 11:54:34 [http-nio-8080-exec-2] DEBUG o.s.security.web.FilterChainProxy - Secured GET /styles/normalize.8.0.1.css
2025-06-26 11:54:34 [http-nio-8080-exec-1] DEBUG o.s.security.web.FilterChainProxy - Securing GET /styles/mainPage.css
2025-06-26 11:54:34 [http-nio-8080-exec-1] DEBUG o.s.security.web.FilterChainProxy - Secured GET /styles/mainPage.css
2025-06-26 11:54:34 [http-nio-8080-exec-6] DEBUG o.s.security.web.FilterChainProxy - Securing GET /styles/footer.css
2025-06-26 11:54:34 [http-nio-8080-exec-6] DEBUG o.s.security.web.FilterChainProxy - Secured GET /styles/footer.css
2025-06-26 11:54:34 [http-nio-8080-exec-2] DEBUG o.s.s.w.a.AnonymousAuthenticationFilter - Set SecurityContextHolder to anonymous SecurityContext
2025-06-26 11:54:34 [http-nio-8080-exec-1] DEBUG o.s.s.w.a.AnonymousAuthenticationFilter - Set SecurityContextHolder to anonymous SecurityContext
2025-06-26 11:54:34 [http-nio-8080-exec-4] DEBUG o.s.security.web.FilterChainProxy - Securing GET /styles/reset.css
2025-06-26 11:54:34 [http-nio-8080-exec-6] DEBUG o.s.s.w.a.AnonymousAuthenticationFilter - Set SecurityContextHolder to anonymous SecurityContext
2025-06-26 11:54:34 [http-nio-8080-exec-3] DEBUG o.s.security.web.FilterChainProxy - Securing GET /styles/header.css
2025-06-26 11:54:34 [http-nio-8080-exec-2] DEBUG o.s.security.web.FilterChainProxy - Securing GET /styles/global.css
2025-06-26 11:54:34 [http-nio-8080-exec-4] DEBUG o.s.security.web.FilterChainProxy - Secured GET /styles/reset.css
2025-06-26 11:54:34 [http-nio-8080-exec-2] DEBUG o.s.security.web.FilterChainProxy - Secured GET /styles/global.css
2025-06-26 11:54:34 [http-nio-8080-exec-3] DEBUG o.s.security.web.FilterChainProxy - Secured GET /styles/header.css
2025-06-26 11:54:34 [http-nio-8080-exec-4] DEBUG o.s.s.w.a.AnonymousAuthenticationFilter - Set SecurityContextHolder to anonymous SecurityContext
2025-06-26 11:54:34 [http-nio-8080-exec-3] DEBUG o.s.s.w.a.AnonymousAuthenticationFilter - Set SecurityContextHolder to anonymous SecurityContext
2025-06-26 11:54:34 [http-nio-8080-exec-2] DEBUG o.s.s.w.a.AnonymousAuthenticationFilter - Set SecurityContextHolder to anonymous SecurityContext
2025-06-26 11:54:34 [http-nio-8080-exec-5] DEBUG o.s.security.web.FilterChainProxy - Securing GET /image?file=1750635278979_%D0%A1%D0%BD%D0%B8%D0%BC%D0%BE%D0%BA%20%D1%8D%D0%BA%D1%80%D0%B0%D0%BD%D0%B0%202025-02-20%20%D0%B2%2015.38.15.png
2025-06-26 11:54:34 [http-nio-8080-exec-7] DEBUG o.s.security.web.FilterChainProxy - Securing GET /image?file=1750687597303_%D0%A1%D0%BD%D0%B8%D0%BC%D0%BE%D0%BA%20%D1%8D%D0%BA%D1%80%D0%B0%D0%BD%D0%B0%202025-03-16%20%D0%B2%2019.33.55.png
2025-06-26 11:54:34 [http-nio-8080-exec-4] DEBUG o.s.security.web.FilterChainProxy - Securing GET /image?file=1750635976463_%D0%A1%D0%BD%D0%B8%D0%BC%D0%BE%D0%BA%20%D1%8D%D0%BA%D1%80%D0%B0%D0%BD%D0%B0%202025-03-16%20%D0%B2%2011.03.50.png
2025-06-26 11:54:34 [http-nio-8080-exec-7] DEBUG o.s.security.web.FilterChainProxy - Secured GET /image?file=1750687597303_%D0%A1%D0%BD%D0%B8%D0%BC%D0%BE%D0%BA%20%D1%8D%D0%BA%D1%80%D0%B0%D0%BD%D0%B0%202025-03-16%20%D0%B2%2019.33.55.png
2025-06-26 11:54:34 [http-nio-8080-exec-5] DEBUG o.s.security.web.FilterChainProxy - Secured GET /image?file=1750635278979_%D0%A1%D0%BD%D0%B8%D0%BC%D0%BE%D0%BA%20%D1%8D%D0%BA%D1%80%D0%B0%D0%BD%D0%B0%202025-02-20%20%D0%B2%2015.38.15.png
2025-06-26 11:54:34 [http-nio-8080-exec-4] DEBUG o.s.security.web.FilterChainProxy - Secured GET /image?file=1750635976463_%D0%A1%D0%BD%D0%B8%D0%BC%D0%BE%D0%BA%20%D1%8D%D0%BA%D1%80%D0%B0%D0%BD%D0%B0%202025-03-16%20%D0%B2%2011.03.50.png
2025-06-26 11:54:34 [http-nio-8080-exec-4] DEBUG o.s.s.w.a.AnonymousAuthenticationFilter - Set SecurityContextHolder to anonymous SecurityContext
2025-06-26 11:54:34 [http-nio-8080-exec-7] DEBUG o.s.s.w.a.AnonymousAuthenticationFilter - Set SecurityContextHolder to anonymous SecurityContext
2025-06-26 11:54:34 [http-nio-8080-exec-5] DEBUG o.s.s.w.a.AnonymousAuthenticationFilter - Set SecurityContextHolder to anonymous SecurityContext
2025-06-26 11:54:35 [http-nio-8080-exec-10] DEBUG o.s.security.web.FilterChainProxy - Securing GET /recipe/4
2025-06-26 11:54:35 [http-nio-8080-exec-10] DEBUG o.s.security.web.FilterChainProxy - Secured GET /recipe/4
2025-06-26 11:54:35 [http-nio-8080-exec-10] DEBUG o.s.s.w.a.AnonymousAuthenticationFilter - Set SecurityContextHolder to anonymous SecurityContext
2025-06-26 11:54:35 [http-nio-8080-exec-10] DEBUG o.s.security.web.FilterChainProxy - Securing GET /WEB-INF/views/showRecipe.jsp
2025-06-26 11:54:35 [http-nio-8080-exec-10] DEBUG o.s.security.web.FilterChainProxy - Secured GET /WEB-INF/views/showRecipe.jsp
2025-06-26 11:54:35 [http-nio-8080-exec-6] DEBUG o.s.security.web.FilterChainProxy - Securing GET /styles/reset.css
2025-06-26 11:54:35 [http-nio-8080-exec-2] DEBUG o.s.security.web.FilterChainProxy - Securing GET /styles/footer.css
2025-06-26 11:54:35 [http-nio-8080-exec-3] DEBUG o.s.security.web.FilterChainProxy - Securing GET /styles/showRecipe.css
2025-06-26 11:54:35 [http-nio-8080-exec-2] DEBUG o.s.security.web.FilterChainProxy - Secured GET /styles/footer.css
2025-06-26 11:54:35 [http-nio-8080-exec-9] DEBUG o.s.security.web.FilterChainProxy - Securing GET /styles/header.css
2025-06-26 11:54:35 [http-nio-8080-exec-8] DEBUG o.s.security.web.FilterChainProxy - Securing GET /styles/global.css
2025-06-26 11:54:35 [http-nio-8080-exec-6] DEBUG o.s.security.web.FilterChainProxy - Secured GET /styles/reset.css
2025-06-26 11:54:35 [http-nio-8080-exec-8] DEBUG o.s.security.web.FilterChainProxy - Secured GET /styles/global.css
2025-06-26 11:54:35 [http-nio-8080-exec-1] DEBUG o.s.security.web.FilterChainProxy - Securing GET /styles/normalize.8.0.1.css
2025-06-26 11:54:35 [http-nio-8080-exec-3] DEBUG o.s.security.web.FilterChainProxy - Secured GET /styles/showRecipe.css
2025-06-26 11:54:35 [http-nio-8080-exec-1] DEBUG o.s.security.web.FilterChainProxy - Secured GET /styles/normalize.8.0.1.css
2025-06-26 11:54:35 [http-nio-8080-exec-2] DEBUG o.s.s.w.a.AnonymousAuthenticationFilter - Set SecurityContextHolder to anonymous SecurityContext
2025-06-26 11:54:35 [http-nio-8080-exec-6] DEBUG o.s.s.w.a.AnonymousAuthenticationFilter - Set SecurityContextHolder to anonymous SecurityContext
2025-06-26 11:54:35 [http-nio-8080-exec-9] DEBUG o.s.security.web.FilterChainProxy - Secured GET /styles/header.css
2025-06-26 11:54:35 [http-nio-8080-exec-1] DEBUG o.s.s.w.a.AnonymousAuthenticationFilter - Set SecurityContextHolder to anonymous SecurityContext
2025-06-26 11:54:35 [http-nio-8080-exec-3] DEBUG o.s.s.w.a.AnonymousAuthenticationFilter - Set SecurityContextHolder to anonymous SecurityContext
2025-06-26 11:54:35 [http-nio-8080-exec-8] DEBUG o.s.s.w.a.AnonymousAuthenticationFilter - Set SecurityContextHolder to anonymous SecurityContext
2025-06-26 11:54:35 [http-nio-8080-exec-8] DEBUG o.s.security.web.FilterChainProxy - Securing GET /image?file=1750635278979_%D0%A1%D0%BD%D0%B8%D0%BC%D0%BE%D0%BA%20%D1%8D%D0%BA%D1%80%D0%B0%D0%BD%D0%B0%202025-02-20%20%D0%B2%2015.38.15.png
2025-06-26 11:54:35 [http-nio-8080-exec-8] DEBUG o.s.security.web.FilterChainProxy - Secured GET /image?file=1750635278979_%D0%A1%D0%BD%D0%B8%D0%BC%D0%BE%D0%BA%20%D1%8D%D0%BA%D1%80%D0%B0%D0%BD%D0%B0%202025-02-20%20%D0%B2%2015.38.15.png
2025-06-26 11:54:35 [http-nio-8080-exec-9] DEBUG o.s.s.w.a.AnonymousAuthenticationFilter - Set SecurityContextHolder to anonymous SecurityContext
2025-06-26 11:54:35 [http-nio-8080-exec-8] DEBUG o.s.s.w.a.AnonymousAuthenticationFilter - Set SecurityContextHolder to anonymous SecurityContext
2025-06-26 11:54:51 [http-nio-8080-exec-1] DEBUG o.s.security.web.FilterChainProxy - Securing GET /
2025-06-26 11:54:51 [http-nio-8080-exec-1] DEBUG o.s.security.web.FilterChainProxy - Secured GET /
2025-06-26 11:54:51 [http-nio-8080-exec-1] DEBUG o.s.security.web.FilterChainProxy - Securing GET /WEB-INF/views/mainPage.jsp
2025-06-26 11:54:51 [http-nio-8080-exec-1] DEBUG o.s.security.web.FilterChainProxy - Secured GET /WEB-INF/views/mainPage.jsp
2025-06-26 11:54:51 [http-nio-8080-exec-1] DEBUG o.s.s.w.a.AnonymousAuthenticationFilter - Set SecurityContextHolder to anonymous SecurityContext
2025-06-26 11:54:51 [http-nio-8080-exec-3] DEBUG o.s.security.web.FilterChainProxy - Securing GET /styles/normalize.8.0.1.css
2025-06-26 11:54:51 [http-nio-8080-exec-9] DEBUG o.s.security.web.FilterChainProxy - Securing GET /styles/reset.css
2025-06-26 11:54:51 [http-nio-8080-exec-3] DEBUG o.s.security.web.FilterChainProxy - Secured GET /styles/normalize.8.0.1.css
2025-06-26 11:54:51 [http-nio-8080-exec-8] DEBUG o.s.security.web.FilterChainProxy - Securing GET /styles/mainPage.css
2025-06-26 11:54:51 [http-nio-8080-exec-8] DEBUG o.s.security.web.FilterChainProxy - Secured GET /styles/mainPage.css
2025-06-26 11:54:51 [http-nio-8080-exec-5] DEBUG o.s.security.web.FilterChainProxy - Securing GET /styles/footer.css
2025-06-26 11:54:51 [http-nio-8080-exec-5] DEBUG o.s.security.web.FilterChainProxy - Secured GET /styles/footer.css
2025-06-26 11:54:51 [http-nio-8080-exec-9] DEBUG o.s.security.web.FilterChainProxy - Secured GET /styles/reset.css
2025-06-26 11:54:51 [http-nio-8080-exec-3] DEBUG o.s.s.w.a.AnonymousAuthenticationFilter - Set SecurityContextHolder to anonymous SecurityContext
2025-06-26 11:54:51 [http-nio-8080-exec-4] DEBUG o.s.security.web.FilterChainProxy - Securing GET /styles/global.css
2025-06-26 11:54:51 [http-nio-8080-exec-4] DEBUG o.s.security.web.FilterChainProxy - Secured GET /styles/global.css
2025-06-26 11:54:51 [http-nio-8080-exec-8] DEBUG o.s.s.w.a.AnonymousAuthenticationFilter - Set SecurityContextHolder to anonymous SecurityContext
2025-06-26 11:54:51 [http-nio-8080-exec-3] DEBUG o.s.security.web.FilterChainProxy - Securing GET /styles/header.css
2025-06-26 11:54:51 [http-nio-8080-exec-3] DEBUG o.s.security.web.FilterChainProxy - Secured GET /styles/header.css
2025-06-26 11:54:51 [http-nio-8080-exec-9] DEBUG o.s.s.w.a.AnonymousAuthenticationFilter - Set SecurityContextHolder to anonymous SecurityContext
2025-06-26 11:54:51 [http-nio-8080-exec-5] DEBUG o.s.s.w.a.AnonymousAuthenticationFilter - Set SecurityContextHolder to anonymous SecurityContext
2025-06-26 11:54:51 [http-nio-8080-exec-4] DEBUG o.s.s.w.a.AnonymousAuthenticationFilter - Set SecurityContextHolder to anonymous SecurityContext
2025-06-26 11:54:51 [http-nio-8080-exec-3] DEBUG o.s.s.w.a.AnonymousAuthenticationFilter - Set SecurityContextHolder to anonymous SecurityContext
2025-06-26 11:54:51 [http-nio-8080-exec-4] DEBUG o.s.security.web.FilterChainProxy - Securing GET /image?file=1750635278979_%D0%A1%D0%BD%D0%B8%D0%BC%D0%BE%D0%BA%20%D1%8D%D0%BA%D1%80%D0%B0%D0%BD%D0%B0%202025-02-20%20%D0%B2%2015.38.15.png
2025-06-26 11:54:51 [http-nio-8080-exec-5] DEBUG o.s.security.web.FilterChainProxy - Securing GET /image?file=1750687597303_%D0%A1%D0%BD%D0%B8%D0%BC%D0%BE%D0%BA%20%D1%8D%D0%BA%D1%80%D0%B0%D0%BD%D0%B0%202025-03-16%20%D0%B2%2019.33.55.png
2025-06-26 11:54:51 [http-nio-8080-exec-2] DEBUG o.s.security.web.FilterChainProxy - Securing GET /image?file=1750635976463_%D0%A1%D0%BD%D0%B8%D0%BC%D0%BE%D0%BA%20%D1%8D%D0%BA%D1%80%D0%B0%D0%BD%D0%B0%202025-03-16%20%D0%B2%2011.03.50.png
2025-06-26 11:54:51 [http-nio-8080-exec-5] DEBUG o.s.security.web.FilterChainProxy - Secured GET /image?file=1750687597303_%D0%A1%D0%BD%D0%B8%D0%BC%D0%BE%D0%BA%20%D1%8D%D0%BA%D1%80%D0%B0%D0%BD%D0%B0%202025-03-16%20%D0%B2%2019.33.55.png
2025-06-26 11:54:51 [http-nio-8080-exec-2] DEBUG o.s.security.web.FilterChainProxy - Secured GET /image?file=1750635976463_%D0%A1%D0%BD%D0%B8%D0%BC%D0%BE%D0%BA%20%D1%8D%D0%BA%D1%80%D0%B0%D0%BD%D0%B0%202025-03-16%20%D0%B2%2011.03.50.png
2025-06-26 11:54:51 [http-nio-8080-exec-4] DEBUG o.s.security.web.FilterChainProxy - Secured GET /image?file=1750635278979_%D0%A1%D0%BD%D0%B8%D0%BC%D0%BE%D0%BA%20%D1%8D%D0%BA%D1%80%D0%B0%D0%BD%D0%B0%202025-02-20%20%D0%B2%2015.38.15.png
2025-06-26 11:54:51 [http-nio-8080-exec-5] DEBUG o.s.s.w.a.AnonymousAuthenticationFilter - Set SecurityContextHolder to anonymous SecurityContext
2025-06-26 11:54:51 [http-nio-8080-exec-2] DEBUG o.s.s.w.a.AnonymousAuthenticationFilter - Set SecurityContextHolder to anonymous SecurityContext
2025-06-26 11:54:51 [http-nio-8080-exec-4] DEBUG o.s.s.w.a.AnonymousAuthenticationFilter - Set SecurityContextHolder to anonymous SecurityContext
2025-06-26 11:54:52 [http-nio-8080-exec-7] DEBUG o.s.security.web.FilterChainProxy - Securing GET /recipe/6
2025-06-26 11:54:52 [http-nio-8080-exec-7] DEBUG o.s.security.web.FilterChainProxy - Secured GET /recipe/6
2025-06-26 11:54:52 [http-nio-8080-exec-7] DEBUG o.s.s.w.a.AnonymousAuthenticationFilter - Set SecurityContextHolder to anonymous SecurityContext
2025-06-26 11:54:52 [http-nio-8080-exec-7] DEBUG o.s.security.web.FilterChainProxy - Securing GET /WEB-INF/views/showRecipe.jsp
2025-06-26 11:54:52 [http-nio-8080-exec-7] DEBUG o.s.security.web.FilterChainProxy - Secured GET /WEB-INF/views/showRecipe.jsp
2025-06-26 11:54:52 [http-nio-8080-exec-1] DEBUG o.s.security.web.FilterChainProxy - Securing GET /styles/normalize.8.0.1.css
2025-06-26 11:54:52 [http-nio-8080-exec-1] DEBUG o.s.security.web.FilterChainProxy - Secured GET /styles/normalize.8.0.1.css
2025-06-26 11:54:52 [http-nio-8080-exec-8] DEBUG o.s.security.web.FilterChainProxy - Securing GET /styles/reset.css
2025-06-26 11:54:52 [http-nio-8080-exec-9] DEBUG o.s.security.web.FilterChainProxy - Securing GET /styles/footer.css
2025-06-26 11:54:52 [http-nio-8080-exec-10] DEBUG o.s.security.web.FilterChainProxy - Securing GET /styles/showRecipe.css
2025-06-26 11:54:52 [http-nio-8080-exec-8] DEBUG o.s.security.web.FilterChainProxy - Secured GET /styles/reset.css
2025-06-26 11:54:52 [http-nio-8080-exec-10] DEBUG o.s.security.web.FilterChainProxy - Secured GET /styles/showRecipe.css
2025-06-26 11:54:52 [http-nio-8080-exec-3] DEBUG o.s.security.web.FilterChainProxy - Securing GET /styles/header.css
2025-06-26 11:54:52 [http-nio-8080-exec-3] DEBUG o.s.security.web.FilterChainProxy - Secured GET /styles/header.css
2025-06-26 11:54:52 [http-nio-8080-exec-6] DEBUG o.s.security.web.FilterChainProxy - Securing GET /styles/global.css
2025-06-26 11:54:52 [http-nio-8080-exec-6] DEBUG o.s.security.web.FilterChainProxy - Secured GET /styles/global.css
2025-06-26 11:54:52 [http-nio-8080-exec-10] DEBUG o.s.s.w.a.AnonymousAuthenticationFilter - Set SecurityContextHolder to anonymous SecurityContext
2025-06-26 11:54:52 [http-nio-8080-exec-9] DEBUG o.s.security.web.FilterChainProxy - Secured GET /styles/footer.css
2025-06-26 11:54:52 [http-nio-8080-exec-6] DEBUG o.s.s.w.a.AnonymousAuthenticationFilter - Set SecurityContextHolder to anonymous SecurityContext
2025-06-26 11:54:52 [http-nio-8080-exec-1] DEBUG o.s.s.w.a.AnonymousAuthenticationFilter - Set SecurityContextHolder to anonymous SecurityContext
2025-06-26 11:54:52 [http-nio-8080-exec-9] DEBUG o.s.s.w.a.AnonymousAuthenticationFilter - Set SecurityContextHolder to anonymous SecurityContext
2025-06-26 11:54:52 [http-nio-8080-exec-8] DEBUG o.s.s.w.a.AnonymousAuthenticationFilter - Set SecurityContextHolder to anonymous SecurityContext
2025-06-26 11:54:52 [http-nio-8080-exec-3] DEBUG o.s.s.w.a.AnonymousAuthenticationFilter - Set SecurityContextHolder to anonymous SecurityContext
2025-06-26 11:54:52 [http-nio-8080-exec-2] DEBUG o.s.security.web.FilterChainProxy - Securing GET /image?file=1750687597303_%D0%A1%D0%BD%D0%B8%D0%BC%D0%BE%D0%BA%20%D1%8D%D0%BA%D1%80%D0%B0%D0%BD%D0%B0%202025-03-16%20%D0%B2%2019.33.55.png
2025-06-26 11:54:52 [http-nio-8080-exec-5] DEBUG o.s.security.web.FilterChainProxy - Securing GET /image?file=1750687597306_%D0%A1%D0%BD%D0%B8%D0%BC%D0%BE%D0%BA%20%D1%8D%D0%BA%D1%80%D0%B0%D0%BD%D0%B0%202025-03-16%20%D0%B2%2021.04.56.png
2025-06-26 11:54:52 [http-nio-8080-exec-2] DEBUG o.s.security.web.FilterChainProxy - Secured GET /image?file=1750687597303_%D0%A1%D0%BD%D0%B8%D0%BC%D0%BE%D0%BA%20%D1%8D%D0%BA%D1%80%D0%B0%D0%BD%D0%B0%202025-03-16%20%D0%B2%2019.33.55.png
2025-06-26 11:54:52 [http-nio-8080-exec-5] DEBUG o.s.security.web.FilterChainProxy - Secured GET /image?file=1750687597306_%D0%A1%D0%BD%D0%B8%D0%BC%D0%BE%D0%BA%20%D1%8D%D0%BA%D1%80%D0%B0%D0%BD%D0%B0%202025-03-16%20%D0%B2%2021.04.56.png
2025-06-26 11:54:52 [http-nio-8080-exec-4] DEBUG o.s.security.web.FilterChainProxy - Securing GET /image?file=1750687597329_%D0%A1%D0%BD%D0%B8%D0%BC%D0%BE%D0%BA%20%D1%8D%D0%BA%D1%80%D0%B0%D0%BD%D0%B0%202025-03-16%20%D0%B2%2021.05.24.png
2025-06-26 11:54:52 [http-nio-8080-exec-4] DEBUG o.s.security.web.FilterChainProxy - Secured GET /image?file=1750687597329_%D0%A1%D0%BD%D0%B8%D0%BC%D0%BE%D0%BA%20%D1%8D%D0%BA%D1%80%D0%B0%D0%BD%D0%B0%202025-03-16%20%D0%B2%2021.05.24.png
2025-06-26 11:54:52 [http-nio-8080-exec-2] DEBUG o.s.s.w.a.AnonymousAuthenticationFilter - Set SecurityContextHolder to anonymous SecurityContext
2025-06-26 11:54:52 [http-nio-8080-exec-5] DEBUG o.s.s.w.a.AnonymousAuthenticationFilter - Set SecurityContextHolder to anonymous SecurityContext
2025-06-26 11:54:52 [http-nio-8080-exec-4] DEBUG o.s.s.w.a.AnonymousAuthenticationFilter - Set SecurityContextHolder to anonymous SecurityContext
2025-06-26 11:55:01 [http-nio-8080-exec-3] DEBUG o.s.security.web.FilterChainProxy - Securing GET /search?query=%D1%80%D0%B5%D1%86%D0%B5%D0%BF%D1%82
2025-06-26 11:55:01 [http-nio-8080-exec-3] DEBUG o.s.security.web.FilterChainProxy - Secured GET /search?query=%D1%80%D0%B5%D1%86%D0%B5%D0%BF%D1%82
2025-06-26 11:55:01 [http-nio-8080-exec-3] DEBUG o.s.security.web.FilterChainProxy - Securing GET /WEB-INF/views/search.jsp?query=%D1%80%D0%B5%D1%86%D0%B5%D0%BF%D1%82
2025-06-26 11:55:01 [http-nio-8080-exec-3] DEBUG o.s.security.web.FilterChainProxy - Secured GET /WEB-INF/views/search.jsp?query=%D1%80%D0%B5%D1%86%D0%B5%D0%BF%D1%82
2025-06-26 11:55:01 [http-nio-8080-exec-3] DEBUG o.s.s.w.a.AnonymousAuthenticationFilter - Set SecurityContextHolder to anonymous SecurityContext
2025-06-26 11:55:01 [http-nio-8080-exec-7] DEBUG o.s.security.web.FilterChainProxy - Securing GET /styles/global.css
2025-06-26 11:55:01 [http-nio-8080-exec-1] DEBUG o.s.security.web.FilterChainProxy - Securing GET /styles/footer.css
2025-06-26 11:55:01 [http-nio-8080-exec-4] DEBUG o.s.security.web.FilterChainProxy - Securing GET /styles/search.css
2025-06-26 11:55:01 [http-nio-8080-exec-5] DEBUG o.s.security.web.FilterChainProxy - Securing GET /styles/reset.css
2025-06-26 11:55:01 [http-nio-8080-exec-2] DEBUG o.s.security.web.FilterChainProxy - Securing GET /styles/normalize.8.0.1.css
2025-06-26 11:55:01 [http-nio-8080-exec-9] DEBUG o.s.security.web.FilterChainProxy - Securing GET /styles/header.css
2025-06-26 11:55:01 [http-nio-8080-exec-7] DEBUG o.s.security.web.FilterChainProxy - Secured GET /styles/global.css
2025-06-26 11:55:01 [http-nio-8080-exec-1] DEBUG o.s.security.web.FilterChainProxy - Secured GET /styles/footer.css
2025-06-26 11:55:01 [http-nio-8080-exec-4] DEBUG o.s.security.web.FilterChainProxy - Secured GET /styles/search.css
2025-06-26 11:55:01 [http-nio-8080-exec-5] DEBUG o.s.security.web.FilterChainProxy - Secured GET /styles/reset.css
2025-06-26 11:55:01 [http-nio-8080-exec-2] DEBUG o.s.security.web.FilterChainProxy - Secured GET /styles/normalize.8.0.1.css
2025-06-26 11:55:01 [http-nio-8080-exec-9] DEBUG o.s.security.web.FilterChainProxy - Secured GET /styles/header.css
2025-06-26 11:55:01 [http-nio-8080-exec-1] DEBUG o.s.s.w.a.AnonymousAuthenticationFilter - Set SecurityContextHolder to anonymous SecurityContext
2025-06-26 11:55:01 [http-nio-8080-exec-2] DEBUG o.s.s.w.a.AnonymousAuthenticationFilter - Set SecurityContextHolder to anonymous SecurityContext
2025-06-26 11:55:01 [http-nio-8080-exec-7] DEBUG o.s.s.w.a.AnonymousAuthenticationFilter - Set SecurityContextHolder to anonymous SecurityContext
2025-06-26 11:55:01 [http-nio-8080-exec-5] DEBUG o.s.s.w.a.AnonymousAuthenticationFilter - Set SecurityContextHolder to anonymous SecurityContext
2025-06-26 11:55:01 [http-nio-8080-exec-9] DEBUG o.s.s.w.a.AnonymousAuthenticationFilter - Set SecurityContextHolder to anonymous SecurityContext
2025-06-26 11:55:01 [http-nio-8080-exec-4] DEBUG o.s.s.w.a.AnonymousAuthenticationFilter - Set SecurityContextHolder to anonymous SecurityContext
2025-06-26 11:55:01 [http-nio-8080-exec-8] DEBUG o.s.security.web.FilterChainProxy - Securing GET /styles/mainPage.css
2025-06-26 11:55:01 [http-nio-8080-exec-8] DEBUG o.s.security.web.FilterChainProxy - Secured GET /styles/mainPage.css
2025-06-26 11:55:01 [http-nio-8080-exec-8] DEBUG o.s.s.w.a.AnonymousAuthenticationFilter - Set SecurityContextHolder to anonymous SecurityContext
2025-06-26 11:55:01 [http-nio-8080-exec-10] DEBUG o.s.security.web.FilterChainProxy - Securing GET /api/recipes/search?query=%D1%80%D0%B5%D1%86%D0%B5%D0%BF%D1%82&category=
2025-06-26 11:55:01 [http-nio-8080-exec-10] DEBUG o.s.security.web.FilterChainProxy - Secured GET /api/recipes/search?query=%D1%80%D0%B5%D1%86%D0%B5%D0%BF%D1%82&category=
2025-06-26 11:55:01 [http-nio-8080-exec-10] DEBUG o.s.s.w.a.AnonymousAuthenticationFilter - Set SecurityContextHolder to anonymous SecurityContext
2025-06-26 11:55:01 [http-nio-8080-exec-6] DEBUG o.s.security.web.FilterChainProxy - Securing GET /image?file=1750635278979_%D0%A1%D0%BD%D0%B8%D0%BC%D0%BE%D0%BA%20%D1%8D%D0%BA%D1%80%D0%B0%D0%BD%D0%B0%202025-02-20%20%D0%B2%2015.38.15.png
2025-06-26 11:55:01 [http-nio-8080-exec-6] DEBUG o.s.security.web.FilterChainProxy - Secured GET /image?file=1750635278979_%D0%A1%D0%BD%D0%B8%D0%BC%D0%BE%D0%BA%20%D1%8D%D0%BA%D1%80%D0%B0%D0%BD%D0%B0%202025-02-20%20%D0%B2%2015.38.15.png
2025-06-26 11:55:01 [http-nio-8080-exec-6] DEBUG o.s.s.w.a.AnonymousAuthenticationFilter - Set SecurityContextHolder to anonymous SecurityContext
2025-06-26 11:55:41 [http-nio-8080-exec-4] DEBUG o.s.security.web.FilterChainProxy - Securing GET /login
2025-06-26 11:55:41 [http-nio-8080-exec-4] DEBUG o.s.security.web.FilterChainProxy - Secured GET /login
2025-06-26 11:55:41 [http-nio-8080-exec-4] DEBUG o.s.security.web.FilterChainProxy - Securing GET /WEB-INF/views/login.jsp
2025-06-26 11:55:41 [http-nio-8080-exec-4] DEBUG o.s.security.web.FilterChainProxy - Secured GET /WEB-INF/views/login.jsp
2025-06-26 11:55:41 [http-nio-8080-exec-4] DEBUG o.s.s.w.a.AnonymousAuthenticationFilter - Set SecurityContextHolder to anonymous SecurityContext
2025-06-26 11:55:41 [http-nio-8080-exec-8] DEBUG o.s.security.web.FilterChainProxy - Securing GET /styles/normalize.8.0.1.css
2025-06-26 11:55:41 [http-nio-8080-exec-10] DEBUG o.s.security.web.FilterChainProxy - Securing GET /styles/reset.css
2025-06-26 11:55:41 [http-nio-8080-exec-10] DEBUG o.s.security.web.FilterChainProxy - Secured GET /styles/reset.css
2025-06-26 11:55:41 [http-nio-8080-exec-6] DEBUG o.s.security.web.FilterChainProxy - Securing GET /styles/login.css
2025-06-26 11:55:41 [http-nio-8080-exec-8] DEBUG o.s.security.web.FilterChainProxy - Secured GET /styles/normalize.8.0.1.css
2025-06-26 11:55:41 [http-nio-8080-exec-6] DEBUG o.s.security.web.FilterChainProxy - Secured GET /styles/login.css
2025-06-26 11:55:41 [http-nio-8080-exec-3] DEBUG o.s.security.web.FilterChainProxy - Securing GET /styles/global.css
2025-06-26 11:55:41 [http-nio-8080-exec-3] DEBUG o.s.security.web.FilterChainProxy - Secured GET /styles/global.css
2025-06-26 11:55:41 [http-nio-8080-exec-5] DEBUG o.s.security.web.FilterChainProxy - Securing GET /styles/footer.css
2025-06-26 11:55:41 [http-nio-8080-exec-5] DEBUG o.s.security.web.FilterChainProxy - Secured GET /styles/footer.css
2025-06-26 11:55:41 [http-nio-8080-exec-10] DEBUG o.s.s.w.a.AnonymousAuthenticationFilter - Set SecurityContextHolder to anonymous SecurityContext
2025-06-26 11:55:41 [http-nio-8080-exec-3] DEBUG o.s.s.w.a.AnonymousAuthenticationFilter - Set SecurityContextHolder to anonymous SecurityContext
2025-06-26 11:55:41 [http-nio-8080-exec-5] DEBUG o.s.s.w.a.AnonymousAuthenticationFilter - Set SecurityContextHolder to anonymous SecurityContext
2025-06-26 11:55:41 [http-nio-8080-exec-1] DEBUG o.s.security.web.FilterChainProxy - Securing GET /styles/header.css
2025-06-26 11:55:41 [http-nio-8080-exec-6] DEBUG o.s.s.w.a.AnonymousAuthenticationFilter - Set SecurityContextHolder to anonymous SecurityContext
2025-06-26 11:55:41 [http-nio-8080-exec-1] DEBUG o.s.security.web.FilterChainProxy - Secured GET /styles/header.css
2025-06-26 11:55:41 [http-nio-8080-exec-8] DEBUG o.s.s.w.a.AnonymousAuthenticationFilter - Set SecurityContextHolder to anonymous SecurityContext
2025-06-26 11:55:41 [http-nio-8080-exec-1] DEBUG o.s.s.w.a.AnonymousAuthenticationFilter - Set SecurityContextHolder to anonymous SecurityContext
2025-06-26 11:57:04 [http-nio-8080-exec-5] DEBUG o.s.security.web.FilterChainProxy - Securing GET /search?query=%D1%80%D0%B5%D1%86%D0%B5%D0%BF%D1%82
2025-06-26 11:57:04 [http-nio-8080-exec-5] DEBUG o.s.security.web.FilterChainProxy - Secured GET /search?query=%D1%80%D0%B5%D1%86%D0%B5%D0%BF%D1%82
2025-06-26 11:57:04 [http-nio-8080-exec-5] DEBUG o.s.security.web.FilterChainProxy - Securing GET /WEB-INF/views/search.jsp?query=%D1%80%D0%B5%D1%86%D0%B5%D0%BF%D1%82
2025-06-26 11:57:04 [http-nio-8080-exec-5] DEBUG o.s.security.web.FilterChainProxy - Secured GET /WEB-INF/views/search.jsp?query=%D1%80%D0%B5%D1%86%D0%B5%D0%BF%D1%82
2025-06-26 11:57:04 [http-nio-8080-exec-5] DEBUG o.s.s.w.a.AnonymousAuthenticationFilter - Set SecurityContextHolder to anonymous SecurityContext
2025-06-26 11:57:04 [http-nio-8080-exec-1] DEBUG o.s.security.web.FilterChainProxy - Securing GET /styles/footer.css
2025-06-26 11:57:04 [http-nio-8080-exec-2] DEBUG o.s.security.web.FilterChainProxy - Securing GET /styles/search.css
2025-06-26 11:57:04 [http-nio-8080-exec-8] DEBUG o.s.security.web.FilterChainProxy - Securing GET /styles/reset.css
2025-06-26 11:57:04 [http-nio-8080-exec-6] DEBUG o.s.security.web.FilterChainProxy - Securing GET /styles/normalize.8.0.1.css
2025-06-26 11:57:04 [http-nio-8080-exec-3] DEBUG o.s.security.web.FilterChainProxy - Securing GET /styles/header.css
2025-06-26 11:57:04 [http-nio-8080-exec-9] DEBUG o.s.security.web.FilterChainProxy - Securing GET /styles/global.css
2025-06-26 11:57:04 [http-nio-8080-exec-8] DEBUG o.s.security.web.FilterChainProxy - Secured GET /styles/reset.css
2025-06-26 11:57:04 [http-nio-8080-exec-2] DEBUG o.s.security.web.FilterChainProxy - Secured GET /styles/search.css
2025-06-26 11:57:04 [http-nio-8080-exec-6] DEBUG o.s.security.web.FilterChainProxy - Secured GET /styles/normalize.8.0.1.css
2025-06-26 11:57:04 [http-nio-8080-exec-3] DEBUG o.s.security.web.FilterChainProxy - Secured GET /styles/header.css
2025-06-26 11:57:04 [http-nio-8080-exec-1] DEBUG o.s.security.web.FilterChainProxy - Secured GET /styles/footer.css
2025-06-26 11:57:04 [http-nio-8080-exec-9] DEBUG o.s.security.web.FilterChainProxy - Secured GET /styles/global.css
2025-06-26 11:57:04 [http-nio-8080-exec-6] DEBUG o.s.s.w.a.AnonymousAuthenticationFilter - Set SecurityContextHolder to anonymous SecurityContext
2025-06-26 11:57:04 [http-nio-8080-exec-8] DEBUG o.s.s.w.a.AnonymousAuthenticationFilter - Set SecurityContextHolder to anonymous SecurityContext
2025-06-26 11:57:04 [http-nio-8080-exec-1] DEBUG o.s.s.w.a.AnonymousAuthenticationFilter - Set SecurityContextHolder to anonymous SecurityContext
2025-06-26 11:57:04 [http-nio-8080-exec-3] DEBUG o.s.s.w.a.AnonymousAuthenticationFilter - Set SecurityContextHolder to anonymous SecurityContext
2025-06-26 11:57:04 [http-nio-8080-exec-9] DEBUG o.s.s.w.a.AnonymousAuthenticationFilter - Set SecurityContextHolder to anonymous SecurityContext
2025-06-26 11:57:04 [http-nio-8080-exec-2] DEBUG o.s.s.w.a.AnonymousAuthenticationFilter - Set SecurityContextHolder to anonymous SecurityContext
2025-06-26 11:57:04 [http-nio-8080-exec-4] DEBUG o.s.security.web.FilterChainProxy - Securing GET /styles/mainPage.css
2025-06-26 11:57:04 [http-nio-8080-exec-4] DEBUG o.s.security.web.FilterChainProxy - Secured GET /styles/mainPage.css
2025-06-26 11:57:04 [http-nio-8080-exec-4] DEBUG o.s.s.w.a.AnonymousAuthenticationFilter - Set SecurityContextHolder to anonymous SecurityContext
2025-06-26 11:57:04 [http-nio-8080-exec-7] DEBUG o.s.security.web.FilterChainProxy - Securing GET /api/recipes/search?query=%D1%80%D0%B5%D1%86%D0%B5%D0%BF%D1%82&category=
2025-06-26 11:57:04 [http-nio-8080-exec-7] DEBUG o.s.security.web.FilterChainProxy - Secured GET /api/recipes/search?query=%D1%80%D0%B5%D1%86%D0%B5%D0%BF%D1%82&category=
2025-06-26 11:57:04 [http-nio-8080-exec-7] DEBUG o.s.s.w.a.AnonymousAuthenticationFilter - Set SecurityContextHolder to anonymous SecurityContext
2025-06-26 11:57:04 [http-nio-8080-exec-10] DEBUG o.s.security.web.FilterChainProxy - Securing GET /image?file=1750635278979_%D0%A1%D0%BD%D0%B8%D0%BC%D0%BE%D0%BA%20%D1%8D%D0%BA%D1%80%D0%B0%D0%BD%D0%B0%202025-02-20%20%D0%B2%2015.38.15.png
2025-06-26 11:57:04 [http-nio-8080-exec-10] DEBUG o.s.security.web.FilterChainProxy - Secured GET /image?file=1750635278979_%D0%A1%D0%BD%D0%B8%D0%BC%D0%BE%D0%BA%20%D1%8D%D0%BA%D1%80%D0%B0%D0%BD%D0%B0%202025-02-20%20%D0%B2%2015.38.15.png
2025-06-26 11:57:04 [http-nio-8080-exec-10] DEBUG o.s.s.w.a.AnonymousAuthenticationFilter - Set SecurityContextHolder to anonymous SecurityContext
2025-06-26 11:57:05 [http-nio-8080-exec-5] DEBUG o.s.security.web.FilterChainProxy - Securing GET /recipe/
2025-06-26 11:57:05 [http-nio-8080-exec-5] DEBUG o.s.security.web.FilterChainProxy - Secured GET /recipe/
2025-06-26 11:57:05 [http-nio-8080-exec-5] DEBUG o.s.s.w.a.AnonymousAuthenticationFilter - Set SecurityContextHolder to anonymous SecurityContext
2025-06-26 11:57:09 [http-nio-8080-exec-4] DEBUG o.s.security.web.FilterChainProxy - Securing GET /search?query=%D1%80%D0%B5%D1%86%D0%B5%D0%BF%D1%82
2025-06-26 11:57:09 [http-nio-8080-exec-4] DEBUG o.s.security.web.FilterChainProxy - Secured GET /search?query=%D1%80%D0%B5%D1%86%D0%B5%D0%BF%D1%82
2025-06-26 11:57:09 [http-nio-8080-exec-4] DEBUG o.s.security.web.FilterChainProxy - Securing GET /WEB-INF/views/search.jsp?query=%D1%80%D0%B5%D1%86%D0%B5%D0%BF%D1%82
2025-06-26 11:57:09 [http-nio-8080-exec-4] DEBUG o.s.security.web.FilterChainProxy - Secured GET /WEB-INF/views/search.jsp?query=%D1%80%D0%B5%D1%86%D0%B5%D0%BF%D1%82
2025-06-26 11:57:09 [http-nio-8080-exec-4] DEBUG o.s.s.w.a.AnonymousAuthenticationFilter - Set SecurityContextHolder to anonymous SecurityContext
2025-06-26 11:57:09 [http-nio-8080-exec-7] DEBUG o.s.security.web.FilterChainProxy - Securing GET /styles/normalize.8.0.1.css
2025-06-26 11:57:09 [http-nio-8080-exec-10] DEBUG o.s.security.web.FilterChainProxy - Securing GET /styles/reset.css
2025-06-26 11:57:09 [http-nio-8080-exec-5] DEBUG o.s.security.web.FilterChainProxy - Securing GET /styles/search.css
2025-06-26 11:57:09 [http-nio-8080-exec-7] DEBUG o.s.security.web.FilterChainProxy - Secured GET /styles/normalize.8.0.1.css
2025-06-26 11:57:09 [http-nio-8080-exec-5] DEBUG o.s.security.web.FilterChainProxy - Secured GET /styles/search.css
2025-06-26 11:57:09 [http-nio-8080-exec-10] DEBUG o.s.security.web.FilterChainProxy - Secured GET /styles/reset.css
2025-06-26 11:57:09 [http-nio-8080-exec-3] DEBUG o.s.security.web.FilterChainProxy - Securing GET /styles/header.css
2025-06-26 11:57:09 [http-nio-8080-exec-3] DEBUG o.s.security.web.FilterChainProxy - Secured GET /styles/header.css
2025-06-26 11:57:09 [http-nio-8080-exec-9] DEBUG o.s.security.web.FilterChainProxy - Securing GET /styles/global.css
2025-06-26 11:57:09 [http-nio-8080-exec-9] DEBUG o.s.security.web.FilterChainProxy - Secured GET /styles/global.css
2025-06-26 11:57:09 [http-nio-8080-exec-10] DEBUG o.s.s.w.a.AnonymousAuthenticationFilter - Set SecurityContextHolder to anonymous SecurityContext
2025-06-26 11:57:09 [http-nio-8080-exec-1] DEBUG o.s.security.web.FilterChainProxy - Securing GET /styles/footer.css
2025-06-26 11:57:09 [http-nio-8080-exec-1] DEBUG o.s.security.web.FilterChainProxy - Secured GET /styles/footer.css
2025-06-26 11:57:09 [http-nio-8080-exec-9] DEBUG o.s.s.w.a.AnonymousAuthenticationFilter - Set SecurityContextHolder to anonymous SecurityContext
2025-06-26 11:57:09 [http-nio-8080-exec-5] DEBUG o.s.s.w.a.AnonymousAuthenticationFilter - Set SecurityContextHolder to anonymous SecurityContext
2025-06-26 11:57:09 [http-nio-8080-exec-3] DEBUG o.s.s.w.a.AnonymousAuthenticationFilter - Set SecurityContextHolder to anonymous SecurityContext
2025-06-26 11:57:09 [http-nio-8080-exec-1] DEBUG o.s.s.w.a.AnonymousAuthenticationFilter - Set SecurityContextHolder to anonymous SecurityContext
2025-06-26 11:57:09 [http-nio-8080-exec-7] DEBUG o.s.s.w.a.AnonymousAuthenticationFilter - Set SecurityContextHolder to anonymous SecurityContext
2025-06-26 11:57:09 [http-nio-8080-exec-3] DEBUG o.s.security.web.FilterChainProxy - Securing GET /styles/mainPage.css
2025-06-26 11:57:09 [http-nio-8080-exec-3] DEBUG o.s.security.web.FilterChainProxy - Secured GET /styles/mainPage.css
2025-06-26 11:57:09 [http-nio-8080-exec-3] DEBUG o.s.s.w.a.AnonymousAuthenticationFilter - Set SecurityContextHolder to anonymous SecurityContext
2025-06-26 11:57:09 [http-nio-8080-exec-6] DEBUG o.s.security.web.FilterChainProxy - Securing GET /api/recipes/search?query=%D1%80%D0%B5%D1%86%D0%B5%D0%BF%D1%82&category=
2025-06-26 11:57:09 [http-nio-8080-exec-6] DEBUG o.s.security.web.FilterChainProxy - Secured GET /api/recipes/search?query=%D1%80%D0%B5%D1%86%D0%B5%D0%BF%D1%82&category=
2025-06-26 11:57:09 [http-nio-8080-exec-6] DEBUG o.s.s.w.a.AnonymousAuthenticationFilter - Set SecurityContextHolder to anonymous SecurityContext
2025-06-26 11:57:09 [http-nio-8080-exec-8] DEBUG o.s.security.web.FilterChainProxy - Securing GET /image?file=1750635278979_%D0%A1%D0%BD%D0%B8%D0%BC%D0%BE%D0%BA%20%D1%8D%D0%BA%D1%80%D0%B0%D0%BD%D0%B0%202025-02-20%20%D0%B2%2015.38.15.png
2025-06-26 11:57:09 [http-nio-8080-exec-8] DEBUG o.s.security.web.FilterChainProxy - Secured GET /image?file=1750635278979_%D0%A1%D0%BD%D0%B8%D0%BC%D0%BE%D0%BA%20%D1%8D%D0%BA%D1%80%D0%B0%D0%BD%D0%B0%202025-02-20%20%D0%B2%2015.38.15.png
2025-06-26 11:57:09 [http-nio-8080-exec-8] DEBUG o.s.s.w.a.AnonymousAuthenticationFilter - Set SecurityContextHolder to anonymous SecurityContext
2025-06-26 11:57:11 [http-nio-8080-exec-4] DEBUG o.s.security.web.FilterChainProxy - Securing GET /
2025-06-26 11:57:11 [http-nio-8080-exec-4] DEBUG o.s.security.web.FilterChainProxy - Secured GET /
2025-06-26 11:57:11 [http-nio-8080-exec-4] DEBUG o.s.security.web.FilterChainProxy - Securing GET /WEB-INF/views/mainPage.jsp
2025-06-26 11:57:11 [http-nio-8080-exec-4] DEBUG o.s.security.web.FilterChainProxy - Secured GET /WEB-INF/views/mainPage.jsp
2025-06-26 11:57:11 [http-nio-8080-exec-4] DEBUG o.s.s.w.a.AnonymousAuthenticationFilter - Set SecurityContextHolder to anonymous SecurityContext
2025-06-26 11:57:11 [http-nio-8080-exec-7] DEBUG o.s.security.web.FilterChainProxy - Securing GET /styles/normalize.8.0.1.css
2025-06-26 11:57:11 [http-nio-8080-exec-3] DEBUG o.s.security.web.FilterChainProxy - Securing GET /styles/reset.css
2025-06-26 11:57:11 [http-nio-8080-exec-6] DEBUG o.s.security.web.FilterChainProxy - Securing GET /styles/mainPage.css
2025-06-26 11:57:11 [http-nio-8080-exec-7] DEBUG o.s.security.web.FilterChainProxy - Secured GET /styles/normalize.8.0.1.css
2025-06-26 11:57:11 [http-nio-8080-exec-6] DEBUG o.s.security.web.FilterChainProxy - Secured GET /styles/mainPage.css
2025-06-26 11:57:11 [http-nio-8080-exec-3] DEBUG o.s.security.web.FilterChainProxy - Secured GET /styles/reset.css
2025-06-26 11:57:11 [http-nio-8080-exec-8] DEBUG o.s.security.web.FilterChainProxy - Securing GET /styles/header.css
2025-06-26 11:57:11 [http-nio-8080-exec-3] DEBUG o.s.s.w.a.AnonymousAuthenticationFilter - Set SecurityContextHolder to anonymous SecurityContext
2025-06-26 11:57:11 [http-nio-8080-exec-8] DEBUG o.s.security.web.FilterChainProxy - Secured GET /styles/header.css
2025-06-26 11:57:11 [http-nio-8080-exec-7] DEBUG o.s.s.w.a.AnonymousAuthenticationFilter - Set SecurityContextHolder to anonymous SecurityContext
2025-06-26 11:57:11 [http-nio-8080-exec-8] DEBUG o.s.s.w.a.AnonymousAuthenticationFilter - Set SecurityContextHolder to anonymous SecurityContext
2025-06-26 11:57:11 [http-nio-8080-exec-6] DEBUG o.s.s.w.a.AnonymousAuthenticationFilter - Set SecurityContextHolder to anonymous SecurityContext
2025-06-26 11:57:11 [http-nio-8080-exec-6] DEBUG o.s.security.web.FilterChainProxy - Securing GET /image?file=1750635278979_%D0%A1%D0%BD%D0%B8%D0%BC%D0%BE%D0%BA%20%D1%8D%D0%BA%D1%80%D0%B0%D0%BD%D0%B0%202025-02-20%20%D0%B2%2015.38.15.png
2025-06-26 11:57:11 [http-nio-8080-exec-9] DEBUG o.s.security.web.FilterChainProxy - Securing GET /image?file=1750635976463_%D0%A1%D0%BD%D0%B8%D0%BC%D0%BE%D0%BA%20%D1%8D%D0%BA%D1%80%D0%B0%D0%BD%D0%B0%202025-03-16%20%D0%B2%2011.03.50.png
2025-06-26 11:57:11 [http-nio-8080-exec-3] DEBUG o.s.security.web.FilterChainProxy - Securing GET /styles/global.css
2025-06-26 11:57:11 [http-nio-8080-exec-6] DEBUG o.s.security.web.FilterChainProxy - Secured GET /image?file=1750635278979_%D0%A1%D0%BD%D0%B8%D0%BC%D0%BE%D0%BA%20%D1%8D%D0%BA%D1%80%D0%B0%D0%BD%D0%B0%202025-02-20%20%D0%B2%2015.38.15.png
2025-06-26 11:57:11 [http-nio-8080-exec-9] DEBUG o.s.security.web.FilterChainProxy - Secured GET /image?file=1750635976463_%D0%A1%D0%BD%D0%B8%D0%BC%D0%BE%D0%BA%20%D1%8D%D0%BA%D1%80%D0%B0%D0%BD%D0%B0%202025-03-16%20%D0%B2%2011.03.50.png
2025-06-26 11:57:11 [http-nio-8080-exec-10] DEBUG o.s.security.web.FilterChainProxy - Securing GET /styles/footer.css
2025-06-26 11:57:11 [http-nio-8080-exec-10] DEBUG o.s.security.web.FilterChainProxy - Secured GET /styles/footer.css
2025-06-26 11:57:11 [http-nio-8080-exec-3] DEBUG o.s.security.web.FilterChainProxy - Secured GET /styles/global.css
2025-06-26 11:57:11 [http-nio-8080-exec-1] DEBUG o.s.security.web.FilterChainProxy - Securing GET /image?file=1750687597303_%D0%A1%D0%BD%D0%B8%D0%BC%D0%BE%D0%BA%20%D1%8D%D0%BA%D1%80%D0%B0%D0%BD%D0%B0%202025-03-16%20%D0%B2%2019.33.55.png
2025-06-26 11:57:11 [http-nio-8080-exec-1] DEBUG o.s.security.web.FilterChainProxy - Secured GET /image?file=1750687597303_%D0%A1%D0%BD%D0%B8%D0%BC%D0%BE%D0%BA%20%D1%8D%D0%BA%D1%80%D0%B0%D0%BD%D0%B0%202025-03-16%20%D0%B2%2019.33.55.png
2025-06-26 11:57:11 [http-nio-8080-exec-3] DEBUG o.s.s.w.a.AnonymousAuthenticationFilter - Set SecurityContextHolder to anonymous SecurityContext
2025-06-26 11:57:11 [http-nio-8080-exec-6] DEBUG o.s.s.w.a.AnonymousAuthenticationFilter - Set SecurityContextHolder to anonymous SecurityContext
2025-06-26 11:57:11 [http-nio-8080-exec-10] DEBUG o.s.s.w.a.AnonymousAuthenticationFilter - Set SecurityContextHolder to anonymous SecurityContext
2025-06-26 11:57:11 [http-nio-8080-exec-9] DEBUG o.s.s.w.a.AnonymousAuthenticationFilter - Set SecurityContextHolder to anonymous SecurityContext
2025-06-26 11:57:11 [http-nio-8080-exec-1] DEBUG o.s.s.w.a.AnonymousAuthenticationFilter - Set SecurityContextHolder to anonymous SecurityContext
2025-06-26 11:57:11 [http-nio-8080-exec-2] DEBUG o.s.security.web.FilterChainProxy - Securing GET /recipe/4
2025-06-26 11:57:11 [http-nio-8080-exec-2] DEBUG o.s.security.web.FilterChainProxy - Secured GET /recipe/4
2025-06-26 11:57:11 [http-nio-8080-exec-2] DEBUG o.s.s.w.a.AnonymousAuthenticationFilter - Set SecurityContextHolder to anonymous SecurityContext
2025-06-26 11:57:11 [http-nio-8080-exec-2] DEBUG o.s.security.web.FilterChainProxy - Securing GET /WEB-INF/views/showRecipe.jsp
2025-06-26 11:57:11 [http-nio-8080-exec-2] DEBUG o.s.security.web.FilterChainProxy - Secured GET /WEB-INF/views/showRecipe.jsp
2025-06-26 11:57:11 [http-nio-8080-exec-8] DEBUG o.s.security.web.FilterChainProxy - Securing GET /styles/showRecipe.css
2025-06-26 11:57:11 [http-nio-8080-exec-4] DEBUG o.s.security.web.FilterChainProxy - Securing GET /styles/normalize.8.0.1.css
2025-06-26 11:57:11 [http-nio-8080-exec-7] DEBUG o.s.security.web.FilterChainProxy - Securing GET /styles/reset.css
2025-06-26 11:57:11 [http-nio-8080-exec-4] DEBUG o.s.security.web.FilterChainProxy - Secured GET /styles/normalize.8.0.1.css
2025-06-26 11:57:11 [http-nio-8080-exec-5] DEBUG o.s.security.web.FilterChainProxy - Securing GET /styles/footer.css
2025-06-26 11:57:11 [http-nio-8080-exec-5] DEBUG o.s.security.web.FilterChainProxy - Secured GET /styles/footer.css
2025-06-26 11:57:11 [http-nio-8080-exec-6] DEBUG o.s.security.web.FilterChainProxy - Securing GET /styles/global.css
2025-06-26 11:57:11 [http-nio-8080-exec-6] DEBUG o.s.security.web.FilterChainProxy - Secured GET /styles/global.css
2025-06-26 11:57:11 [http-nio-8080-exec-4] DEBUG o.s.s.w.a.AnonymousAuthenticationFilter - Set SecurityContextHolder to anonymous SecurityContext
2025-06-26 11:57:11 [http-nio-8080-exec-8] DEBUG o.s.security.web.FilterChainProxy - Secured GET /styles/showRecipe.css
2025-06-26 11:57:11 [http-nio-8080-exec-6] DEBUG o.s.s.w.a.AnonymousAuthenticationFilter - Set SecurityContextHolder to anonymous SecurityContext
2025-06-26 11:57:11 [http-nio-8080-exec-7] DEBUG o.s.security.web.FilterChainProxy - Secured GET /styles/reset.css
2025-06-26 11:57:11 [http-nio-8080-exec-8] DEBUG o.s.s.w.a.AnonymousAuthenticationFilter - Set SecurityContextHolder to anonymous SecurityContext
2025-06-26 11:57:11 [http-nio-8080-exec-7] DEBUG o.s.s.w.a.AnonymousAuthenticationFilter - Set SecurityContextHolder to anonymous SecurityContext
2025-06-26 11:57:11 [http-nio-8080-exec-4] DEBUG o.s.security.web.FilterChainProxy - Securing GET /styles/header.css
2025-06-26 11:57:11 [http-nio-8080-exec-5] DEBUG o.s.s.w.a.AnonymousAuthenticationFilter - Set SecurityContextHolder to anonymous SecurityContext
2025-06-26 11:57:11 [http-nio-8080-exec-4] DEBUG o.s.security.web.FilterChainProxy - Secured GET /styles/header.css
2025-06-26 11:57:11 [http-nio-8080-exec-5] DEBUG o.s.security.web.FilterChainProxy - Securing GET /image?file=1750635278979_%D0%A1%D0%BD%D0%B8%D0%BC%D0%BE%D0%BA%20%D1%8D%D0%BA%D1%80%D0%B0%D0%BD%D0%B0%202025-02-20%20%D0%B2%2015.38.15.png
2025-06-26 11:57:11 [http-nio-8080-exec-5] DEBUG o.s.security.web.FilterChainProxy - Secured GET /image?file=1750635278979_%D0%A1%D0%BD%D0%B8%D0%BC%D0%BE%D0%BA%20%D1%8D%D0%BA%D1%80%D0%B0%D0%BD%D0%B0%202025-02-20%20%D0%B2%2015.38.15.png
2025-06-26 11:57:11 [http-nio-8080-exec-4] DEBUG o.s.s.w.a.AnonymousAuthenticationFilter - Set SecurityContextHolder to anonymous SecurityContext
2025-06-26 11:57:11 [http-nio-8080-exec-5] DEBUG o.s.s.w.a.AnonymousAuthenticationFilter - Set SecurityContextHolder to anonymous SecurityContext
2025-06-26 12:01:52 [http-nio-8080-exec-7] DEBUG o.s.security.web.FilterChainProxy - Securing POST /recipe/4/pdf
2025-06-26 12:01:52 [http-nio-8080-exec-7] DEBUG o.s.security.web.FilterChainProxy - Secured POST /recipe/4/pdf
2025-06-26 12:01:52 [http-nio-8080-exec-7] ERROR o.e.e.GlobalExceptionHandler - Unhandled exception: 500 INTERNAL SERVER ERROR: "{"error":"TTF Font file not found: /Users/pro/Library/Fonts/DejaVuSans.ttf"}<EOL>"
org.springframework.web.client.HttpServerErrorException$InternalServerError: 500 INTERNAL SERVER ERROR: "{"error":"TTF Font file not found: /Users/pro/Library/Fonts/DejaVuSans.ttf"}<EOL>"
	at org.springframework.web.client.HttpServerErrorException.create(HttpServerErrorException.java:102)
	at org.springframework.web.client.DefaultResponseErrorHandler.handleError(DefaultResponseErrorHandler.java:186)
	at org.springframework.web.client.DefaultResponseErrorHandler.handleError(DefaultResponseErrorHandler.java:137)
	at org.springframework.web.client.ResponseErrorHandler.handleError(ResponseErrorHandler.java:63)
	at org.springframework.web.client.RestTemplate.handleResponse(RestTemplate.java:942)
	at org.springframework.web.client.RestTemplate.doExecute(RestTemplate.java:891)
	at org.springframework.web.client.RestTemplate.execute(RestTemplate.java:790)
	at org.springframework.web.client.RestTemplate.postForObject(RestTemplate.java:507)
	at org.example.controllers.ShowRecipeController.generatePdf(ShowRecipeController.java:116)
	at java.base/jdk.internal.reflect.DirectMethodHandleAccessor.invoke(DirectMethodHandleAccessor.java:103)
	at java.base/java.lang.reflect.Method.invoke(Method.java:580)
	at org.springframework.web.method.support.InvocableHandlerMethod.doInvoke(InvocableHandlerMethod.java:255)
	at org.springframework.web.method.support.InvocableHandlerMethod.invokeForRequest(InvocableHandlerMethod.java:188)
	at org.springframework.web.servlet.mvc.method.annotation.ServletInvocableHandlerMethod.invokeAndHandle(ServletInvocableHandlerMethod.java:118)
	at org.springframework.web.servlet.mvc.method.annotation.RequestMappingHandlerAdapter.invokeHandlerMethod(RequestMappingHandlerAdapter.java:926)
	at org.springframework.web.servlet.mvc.method.annotation.RequestMappingHandlerAdapter.handleInternal(RequestMappingHandlerAdapter.java:831)
	at org.springframework.web.servlet.mvc.method.AbstractHandlerMethodAdapter.handle(AbstractHandlerMethodAdapter.java:87)
	at org.springframework.web.servlet.DispatcherServlet.doDispatch(DispatcherServlet.java:1089)
	at org.springframework.web.servlet.DispatcherServlet.doService(DispatcherServlet.java:979)
	at org.springframework.web.servlet.FrameworkServlet.processRequest(FrameworkServlet.java:1014)
	at org.springframework.web.servlet.FrameworkServlet.doPost(FrameworkServlet.java:914)
	at jakarta.servlet.http.HttpServlet.service(HttpServlet.java:590)
	at org.springframework.web.servlet.FrameworkServlet.service(FrameworkServlet.java:885)
	at jakarta.servlet.http.HttpServlet.service(HttpServlet.java:658)
	at org.apache.catalina.core.ApplicationFilterChain.internalDoFilter(ApplicationFilterChain.java:195)
	at org.apache.catalina.core.ApplicationFilterChain.doFilter(ApplicationFilterChain.java:140)
	at org.apache.tomcat.websocket.server.WsFilter.doFilter(WsFilter.java:51)
	at org.apache.catalina.core.ApplicationFilterChain.internalDoFilter(ApplicationFilterChain.java:164)
	at org.apache.catalina.core.ApplicationFilterChain.doFilter(ApplicationFilterChain.java:140)
	at org.springframework.web.filter.CompositeFilter$VirtualFilterChain.doFilter(CompositeFilter.java:108)
	at org.springframework.security.web.FilterChainProxy.lambda$doFilterInternal$3(FilterChainProxy.java:231)
	at org.springframework.security.web.FilterChainProxy$VirtualFilterChain.doFilter(FilterChainProxy.java:365)
	at org.springframework.security.web.access.intercept.AuthorizationFilter.doFilter(AuthorizationFilter.java:100)
	at org.springframework.security.web.FilterChainProxy$VirtualFilterChain.doFilter(FilterChainProxy.java:374)
	at org.springframework.security.web.access.ExceptionTranslationFilter.doFilter(ExceptionTranslationFilter.java:126)
	at org.springframework.security.web.access.ExceptionTranslationFilter.doFilter(ExceptionTranslationFilter.java:120)
	at org.springframework.security.web.FilterChainProxy$VirtualFilterChain.doFilter(FilterChainProxy.java:374)
	at org.springframework.security.web.authentication.AnonymousAuthenticationFilter.doFilter(AnonymousAuthenticationFilter.java:100)
	at org.springframework.security.web.FilterChainProxy$VirtualFilterChain.doFilter(FilterChainProxy.java:374)
	at org.springframework.security.web.servletapi.SecurityContextHolderAwareRequestFilter.doFilter(SecurityContextHolderAwareRequestFilter.java:179)
	at org.springframework.security.web.FilterChainProxy$VirtualFilterChain.doFilter(FilterChainProxy.java:374)
	at org.springframework.security.web.savedrequest.RequestCacheAwareFilter.doFilter(RequestCacheAwareFilter.java:63)
	at org.springframework.security.web.FilterChainProxy$VirtualFilterChain.doFilter(FilterChainProxy.java:374)
	at org.springframework.security.web.authentication.AbstractAuthenticationProcessingFilter.doFilter(AbstractAuthenticationProcessingFilter.java:227)
	at org.springframework.security.web.authentication.AbstractAuthenticationProcessingFilter.doFilter(AbstractAuthenticationProcessingFilter.java:221)
	at org.springframework.security.web.FilterChainProxy$VirtualFilterChain.doFilter(FilterChainProxy.java:374)
	at org.springframework.security.web.authentication.logout.LogoutFilter.doFilter(LogoutFilter.java:107)
	at org.springframework.security.web.authentication.logout.LogoutFilter.doFilter(LogoutFilter.java:93)
	at org.springframework.security.web.FilterChainProxy$VirtualFilterChain.doFilter(FilterChainProxy.java:374)
	at org.springframework.security.web.csrf.CsrfFilter.doFilterInternal(CsrfFilter.java:131)
	at org.springframework.web.filter.OncePerRequestFilter.doFilter(OncePerRequestFilter.java:116)
	at org.springframework.security.web.FilterChainProxy$VirtualFilterChain.doFilter(FilterChainProxy.java:374)
	at org.springframework.web.filter.CorsFilter.doFilterInternal(CorsFilter.java:91)
	at org.springframework.web.filter.OncePerRequestFilter.doFilter(OncePerRequestFilter.java:116)
	at org.springframework.security.web.FilterChainProxy$VirtualFilterChain.doFilter(FilterChainProxy.java:374)
	at org.springframework.security.web.header.HeaderWriterFilter.doHeadersAfter(HeaderWriterFilter.java:90)
	at org.springframework.security.web.header.HeaderWriterFilter.doFilterInternal(HeaderWriterFilter.java:75)
	at org.springframework.web.filter.OncePerRequestFilter.doFilter(OncePerRequestFilter.java:116)
	at org.springframework.security.web.FilterChainProxy$VirtualFilterChain.doFilter(FilterChainProxy.java:374)
	at org.springframework.security.web.context.SecurityContextHolderFilter.doFilter(SecurityContextHolderFilter.java:82)
	at org.springframework.security.web.context.SecurityContextHolderFilter.doFilter(SecurityContextHolderFilter.java:69)
	at org.springframework.security.web.FilterChainProxy$VirtualFilterChain.doFilter(FilterChainProxy.java:374)
	at org.springframework.security.web.context.request.async.WebAsyncManagerIntegrationFilter.doFilterInternal(WebAsyncManagerIntegrationFilter.java:62)
	at org.springframework.web.filter.OncePerRequestFilter.doFilter(OncePerRequestFilter.java:116)
	at org.springframework.security.web.FilterChainProxy$VirtualFilterChain.doFilter(FilterChainProxy.java:374)
	at org.springframework.security.web.session.DisableEncodeUrlFilter.doFilterInternal(DisableEncodeUrlFilter.java:42)
	at org.springframework.web.filter.OncePerRequestFilter.doFilter(OncePerRequestFilter.java:116)
	at org.springframework.security.web.FilterChainProxy$VirtualFilterChain.doFilter(FilterChainProxy.java:374)
	at org.springframework.security.web.FilterChainProxy.doFilterInternal(FilterChainProxy.java:233)
	at org.springframework.security.web.FilterChainProxy.doFilter(FilterChainProxy.java:191)
	at org.springframework.web.filter.CompositeFilter$VirtualFilterChain.doFilter(CompositeFilter.java:113)
	at org.springframework.web.servlet.handler.HandlerMappingIntrospector.lambda$createCacheFilter$3(HandlerMappingIntrospector.java:195)
	at org.springframework.web.filter.CompositeFilter$VirtualFilterChain.doFilter(CompositeFilter.java:113)
	at org.springframework.web.filter.CompositeFilter.doFilter(CompositeFilter.java:74)
	at org.springframework.security.config.annotation.web.configuration.WebMvcSecurityConfiguration$CompositeFilterChainProxy.doFilter(WebMvcSecurityConfiguration.java:230)
	at org.springframework.web.filter.DelegatingFilterProxy.invokeDelegate(DelegatingFilterProxy.java:352)
	at org.springframework.web.filter.DelegatingFilterProxy.doFilter(DelegatingFilterProxy.java:268)
	at org.apache.catalina.core.ApplicationFilterChain.internalDoFilter(ApplicationFilterChain.java:164)
	at org.apache.catalina.core.ApplicationFilterChain.doFilter(ApplicationFilterChain.java:140)
	at org.springframework.web.filter.RequestContextFilter.doFilterInternal(RequestContextFilter.java:100)
	at org.springframework.web.filter.OncePerRequestFilter.doFilter(OncePerRequestFilter.java:116)
	at org.apache.catalina.core.ApplicationFilterChain.internalDoFilter(ApplicationFilterChain.java:164)
	at org.apache.catalina.core.ApplicationFilterChain.doFilter(ApplicationFilterChain.java:140)
	at org.springframework.web.filter.FormContentFilter.doFilterInternal(FormContentFilter.java:93)
	at org.springframework.web.filter.OncePerRequestFilter.doFilter(OncePerRequestFilter.java:116)
	at org.apache.catalina.core.ApplicationFilterChain.internalDoFilter(ApplicationFilterChain.java:164)
	at org.apache.catalina.core.ApplicationFilterChain.doFilter(ApplicationFilterChain.java:140)
	at org.springframework.web.filter.CharacterEncodingFilter.doFilterInternal(CharacterEncodingFilter.java:201)
	at org.springframework.web.filter.OncePerRequestFilter.doFilter(OncePerRequestFilter.java:116)
	at org.apache.catalina.core.ApplicationFilterChain.internalDoFilter(ApplicationFilterChain.java:164)
	at org.apache.catalina.core.ApplicationFilterChain.doFilter(ApplicationFilterChain.java:140)
	at org.apache.catalina.core.StandardWrapperValve.invoke(StandardWrapperValve.java:167)
	at org.apache.catalina.core.StandardContextValve.invoke(StandardContextValve.java:90)
	at org.apache.catalina.authenticator.AuthenticatorBase.invoke(AuthenticatorBase.java:482)
	at org.apache.catalina.core.StandardHostValve.invoke(StandardHostValve.java:115)
	at org.apache.catalina.valves.ErrorReportValve.invoke(ErrorReportValve.java:93)
	at org.apache.catalina.core.StandardEngineValve.invoke(StandardEngineValve.java:74)
	at org.apache.catalina.connector.CoyoteAdapter.service(CoyoteAdapter.java:344)
	at org.apache.coyote.http11.Http11Processor.service(Http11Processor.java:389)
	at org.apache.coyote.AbstractProcessorLight.process(AbstractProcessorLight.java:63)
	at org.apache.coyote.AbstractProtocol$ConnectionHandler.process(AbstractProtocol.java:896)
	at org.apache.tomcat.util.net.NioEndpoint$SocketProcessor.doRun(NioEndpoint.java:1741)
	at org.apache.tomcat.util.net.SocketProcessorBase.run(SocketProcessorBase.java:52)
	at org.apache.tomcat.util.threads.ThreadPoolExecutor.runWorker(ThreadPoolExecutor.java:1190)
	at org.apache.tomcat.util.threads.ThreadPoolExecutor$Worker.run(ThreadPoolExecutor.java:659)
	at org.apache.tomcat.util.threads.TaskThread$WrappingRunnable.run(TaskThread.java:63)
	at java.base/java.lang.Thread.run(Thread.java:1583)
2025-06-26 12:01:52 [http-nio-8080-exec-7] DEBUG o.s.s.w.a.AnonymousAuthenticationFilter - Set SecurityContextHolder to anonymous SecurityContext
2025-06-26 12:01:54 [http-nio-8080-exec-10] DEBUG o.s.security.web.FilterChainProxy - Securing GET /recipe/4
2025-06-26 12:01:54 [http-nio-8080-exec-10] DEBUG o.s.security.web.FilterChainProxy - Secured GET /recipe/4
2025-06-26 12:01:54 [http-nio-8080-exec-10] DEBUG o.s.s.w.a.AnonymousAuthenticationFilter - Set SecurityContextHolder to anonymous SecurityContext
2025-06-26 12:01:54 [http-nio-8080-exec-10] DEBUG o.s.security.web.FilterChainProxy - Securing GET /WEB-INF/views/showRecipe.jsp
2025-06-26 12:01:54 [http-nio-8080-exec-10] DEBUG o.s.security.web.FilterChainProxy - Secured GET /WEB-INF/views/showRecipe.jsp
2025-06-26 12:01:54 [http-nio-8080-exec-5] DEBUG o.s.security.web.FilterChainProxy - Securing GET /styles/reset.css
2025-06-26 12:01:54 [http-nio-8080-exec-6] DEBUG o.s.security.web.FilterChainProxy - Securing GET /styles/header.css
2025-06-26 12:01:54 [http-nio-8080-exec-5] DEBUG o.s.security.web.FilterChainProxy - Secured GET /styles/reset.css
2025-06-26 12:01:54 [http-nio-8080-exec-4] DEBUG o.s.security.web.FilterChainProxy - Securing GET /styles/normalize.8.0.1.css
2025-06-26 12:01:54 [http-nio-8080-exec-4] DEBUG o.s.security.web.FilterChainProxy - Secured GET /styles/normalize.8.0.1.css
2025-06-26 12:01:54 [http-nio-8080-exec-3] DEBUG o.s.security.web.FilterChainProxy - Securing GET /styles/global.css
2025-06-26 12:01:54 [http-nio-8080-exec-3] DEBUG o.s.security.web.FilterChainProxy - Secured GET /styles/global.css
2025-06-26 12:01:54 [http-nio-8080-exec-9] DEBUG o.s.security.web.FilterChainProxy - Securing GET /styles/showRecipe.css
2025-06-26 12:01:54 [http-nio-8080-exec-9] DEBUG o.s.security.web.FilterChainProxy - Secured GET /styles/showRecipe.css
2025-06-26 12:01:54 [http-nio-8080-exec-6] DEBUG o.s.security.web.FilterChainProxy - Secured GET /styles/header.css
2025-06-26 12:01:54 [http-nio-8080-exec-4] DEBUG o.s.s.w.a.AnonymousAuthenticationFilter - Set SecurityContextHolder to anonymous SecurityContext
2025-06-26 12:01:54 [http-nio-8080-exec-3] DEBUG o.s.s.w.a.AnonymousAuthenticationFilter - Set SecurityContextHolder to anonymous SecurityContext
2025-06-26 12:01:54 [http-nio-8080-exec-8] DEBUG o.s.security.web.FilterChainProxy - Securing GET /styles/footer.css
2025-06-26 12:01:54 [http-nio-8080-exec-5] DEBUG o.s.s.w.a.AnonymousAuthenticationFilter - Set SecurityContextHolder to anonymous SecurityContext
2025-06-26 12:01:54 [http-nio-8080-exec-8] DEBUG o.s.security.web.FilterChainProxy - Secured GET /styles/footer.css
2025-06-26 12:01:54 [http-nio-8080-exec-9] DEBUG o.s.s.w.a.AnonymousAuthenticationFilter - Set SecurityContextHolder to anonymous SecurityContext
2025-06-26 12:01:54 [http-nio-8080-exec-6] DEBUG o.s.s.w.a.AnonymousAuthenticationFilter - Set SecurityContextHolder to anonymous SecurityContext
2025-06-26 12:01:54 [http-nio-8080-exec-8] DEBUG o.s.s.w.a.AnonymousAuthenticationFilter - Set SecurityContextHolder to anonymous SecurityContext
2025-06-26 12:01:54 [http-nio-8080-exec-6] DEBUG o.s.security.web.FilterChainProxy - Securing GET /image?file=1750635278979_%D0%A1%D0%BD%D0%B8%D0%BC%D0%BE%D0%BA%20%D1%8D%D0%BA%D1%80%D0%B0%D0%BD%D0%B0%202025-02-20%20%D0%B2%2015.38.15.png
2025-06-26 12:01:54 [http-nio-8080-exec-6] DEBUG o.s.security.web.FilterChainProxy - Secured GET /image?file=1750635278979_%D0%A1%D0%BD%D0%B8%D0%BC%D0%BE%D0%BA%20%D1%8D%D0%BA%D1%80%D0%B0%D0%BD%D0%B0%202025-02-20%20%D0%B2%2015.38.15.png
2025-06-26 12:01:54 [http-nio-8080-exec-6] DEBUG o.s.s.w.a.AnonymousAuthenticationFilter - Set SecurityContextHolder to anonymous SecurityContext
2025-06-26 12:02:49 [SpringApplicationShutdownHook] INFO  com.zaxxer.hikari.HikariDataSource - HikariPool-1 - Shutdown initiated...
2025-06-26 12:02:49 [SpringApplicationShutdownHook] INFO  com.zaxxer.hikari.HikariDataSource - HikariPool-1 - Shutdown completed.
2025-06-26 12:35:51 [main] INFO  o.e.CulinaryExchangeApplication - Starting CulinaryExchangeApplication using Java 21.0.7 with PID 52614 (/Users/pro/IdeaProjects/culinaryExchangeS2/CulinaryService/target/classes started by pro in /Users/pro/IdeaProjects/culinaryExchangeS2/CulinaryService)
2025-06-26 12:35:51 [main] DEBUG o.e.CulinaryExchangeApplication - Running with Spring Boot v3.3.0, Spring v6.1.8
2025-06-26 12:35:51 [main] INFO  o.e.CulinaryExchangeApplication - No active profile set, falling back to 1 default profile: "default"
2025-06-26 12:35:51 [main] INFO  o.a.catalina.core.StandardService - Starting service [Tomcat]
2025-06-26 12:35:51 [main] INFO  o.a.catalina.core.StandardEngine - Starting Servlet engine: [Apache Tomcat/10.1.24]
2025-06-26 12:35:51 [main] INFO  o.apache.jasper.servlet.TldScanner - At least one JAR was scanned for TLDs yet contained no TLDs. Enable debug logging for this logger for a complete list of JARs that were scanned but no TLDs were found in them. Skipping unneeded JARs during scanning can improve startup time and JSP compilation time.
2025-06-26 12:35:51 [main] INFO  o.a.c.c.C.[.[localhost].[/culinary] - Initializing Spring embedded WebApplicationContext
2025-06-26 12:35:52 [main] INFO  com.zaxxer.hikari.HikariDataSource - HikariPool-1 - Starting...
2025-06-26 12:35:52 [main] INFO  com.zaxxer.hikari.pool.HikariPool - HikariPool-1 - Added connection org.postgresql.jdbc.PgConnection@13ef7fa1
2025-06-26 12:35:52 [main] INFO  com.zaxxer.hikari.HikariDataSource - HikariPool-1 - Start completed.
2025-06-26 12:35:52 [main] INFO  org.flywaydb.core.FlywayExecutor - Database: jdbc:postgresql://localhost:5432/culinaryExchangeS2 (PostgreSQL 17.1)
2025-06-26 12:35:52 [main] WARN  o.f.c.i.database.base.Database - Flyway upgrade recommended: PostgreSQL 17.1 is newer than this version of Flyway and support has not been tested. The latest supported version of PostgreSQL is 16.
2025-06-26 12:35:52 [main] INFO  o.f.core.internal.command.DbValidate - Successfully validated 1 migration (execution time 00:00.011s)
2025-06-26 12:35:52 [main] INFO  o.f.core.internal.command.DbMigrate - Current version of schema "public": 1
2025-06-26 12:35:52 [main] INFO  o.f.core.internal.command.DbMigrate - Schema "public" is up to date. No migration necessary.
2025-06-26 12:35:52 [main] INFO  o.h.jpa.internal.util.LogHelper - HHH000204: Processing PersistenceUnitInfo [name: default]
2025-06-26 12:35:52 [main] INFO  org.hibernate.Version - HHH000412: Hibernate ORM core version 6.5.2.Final
2025-06-26 12:35:52 [main] INFO  o.h.c.i.RegionFactoryInitiator - HHH000026: Second-level cache disabled
2025-06-26 12:35:52 [main] WARN  org.hibernate.orm.deprecation - HHH90000025: PostgreSQLDialect does not need to be specified explicitly using 'hibernate.dialect' (remove the property setting and it will be selected by default)
2025-06-26 12:35:52 [main] INFO  o.h.e.t.j.p.i.JtaPlatformInitiator - HHH000489: No JTA platform available (set 'hibernate.transaction.jta.platform' to enable JTA platform integration)
2025-06-26 12:35:53 [main] WARN  o.s.b.a.o.j.JpaBaseConfiguration$JpaWebConfiguration - spring.jpa.open-in-view is enabled by default. Therefore, database queries may be performed during view rendering. Explicitly configure spring.jpa.open-in-view to disable this warning
2025-06-26 12:35:53 [main] INFO  o.s.s.web.DefaultSecurityFilterChain - Will secure any request with [org.springframework.security.web.session.DisableEncodeUrlFilter@ebad9a, org.springframework.security.web.context.request.async.WebAsyncManagerIntegrationFilter@3fa27158, org.springframework.security.web.context.SecurityContextHolderFilter@22cc2ae5, org.springframework.security.web.header.HeaderWriterFilter@1b438ec, org.springframework.web.filter.CorsFilter@4b2b2757, org.springframework.security.web.csrf.CsrfFilter@2c5b04c7, org.springframework.security.web.authentication.logout.LogoutFilter@729cb7b, org.springframework.security.web.authentication.UsernamePasswordAuthenticationFilter@e86c9a5, org.springframework.security.web.savedrequest.RequestCacheAwareFilter@2f930be7, org.springframework.security.web.servletapi.SecurityContextHolderAwareRequestFilter@cfc9c4f, org.springframework.security.web.authentication.AnonymousAuthenticationFilter@6026c754, org.springframework.security.web.access.ExceptionTranslationFilter@1222d0e4, org.springframework.security.web.access.intercept.AuthorizationFilter@d3e9b94]
2025-06-26 12:35:53 [main] INFO  o.e.CulinaryExchangeApplication - Started CulinaryExchangeApplication in 2.151 seconds (process running for 2.413)
2025-06-26 12:35:55 [http-nio-8080-exec-1] INFO  o.a.c.c.C.[.[localhost].[/culinary] - Initializing Spring DispatcherServlet 'dispatcherServlet'
2025-06-26 12:35:55 [http-nio-8080-exec-1] DEBUG o.s.security.web.FilterChainProxy - Securing GET /recipe/4
2025-06-26 12:35:55 [http-nio-8080-exec-1] DEBUG o.s.security.web.FilterChainProxy - Secured GET /recipe/4
2025-06-26 12:35:55 [http-nio-8080-exec-1] DEBUG o.s.s.w.a.AnonymousAuthenticationFilter - Set SecurityContextHolder to anonymous SecurityContext
2025-06-26 12:35:55 [http-nio-8080-exec-1] DEBUG o.s.security.web.FilterChainProxy - Securing GET /WEB-INF/views/showRecipe.jsp
2025-06-26 12:35:55 [http-nio-8080-exec-1] DEBUG o.s.security.web.FilterChainProxy - Secured GET /WEB-INF/views/showRecipe.jsp
2025-06-26 12:35:55 [http-nio-8080-exec-3] DEBUG o.s.security.web.FilterChainProxy - Securing GET /styles/reset.css
2025-06-26 12:35:55 [http-nio-8080-exec-2] DEBUG o.s.security.web.FilterChainProxy - Securing GET /styles/normalize.8.0.1.css
2025-06-26 12:35:55 [http-nio-8080-exec-4] DEBUG o.s.security.web.FilterChainProxy - Securing GET /styles/footer.css
2025-06-26 12:35:55 [http-nio-8080-exec-5] DEBUG o.s.security.web.FilterChainProxy - Securing GET /styles/showRecipe.css
2025-06-26 12:35:55 [http-nio-8080-exec-7] DEBUG o.s.security.web.FilterChainProxy - Securing GET /styles/global.css
2025-06-26 12:35:55 [http-nio-8080-exec-7] DEBUG o.s.security.web.FilterChainProxy - Secured GET /styles/global.css
2025-06-26 12:35:55 [http-nio-8080-exec-5] DEBUG o.s.security.web.FilterChainProxy - Secured GET /styles/showRecipe.css
2025-06-26 12:35:55 [http-nio-8080-exec-2] DEBUG o.s.security.web.FilterChainProxy - Secured GET /styles/normalize.8.0.1.css
2025-06-26 12:35:55 [http-nio-8080-exec-4] DEBUG o.s.security.web.FilterChainProxy - Secured GET /styles/footer.css
2025-06-26 12:35:55 [http-nio-8080-exec-6] DEBUG o.s.security.web.FilterChainProxy - Securing GET /styles/header.css
2025-06-26 12:35:55 [http-nio-8080-exec-6] DEBUG o.s.security.web.FilterChainProxy - Secured GET /styles/header.css
2025-06-26 12:35:55 [http-nio-8080-exec-3] DEBUG o.s.security.web.FilterChainProxy - Secured GET /styles/reset.css
2025-06-26 12:35:55 [http-nio-8080-exec-4] DEBUG o.s.s.w.a.AnonymousAuthenticationFilter - Set SecurityContextHolder to anonymous SecurityContext
2025-06-26 12:35:55 [http-nio-8080-exec-7] DEBUG o.s.s.w.a.AnonymousAuthenticationFilter - Set SecurityContextHolder to anonymous SecurityContext
2025-06-26 12:35:55 [http-nio-8080-exec-5] DEBUG o.s.s.w.a.AnonymousAuthenticationFilter - Set SecurityContextHolder to anonymous SecurityContext
2025-06-26 12:35:55 [http-nio-8080-exec-3] DEBUG o.s.s.w.a.AnonymousAuthenticationFilter - Set SecurityContextHolder to anonymous SecurityContext
2025-06-26 12:35:55 [http-nio-8080-exec-2] DEBUG o.s.s.w.a.AnonymousAuthenticationFilter - Set SecurityContextHolder to anonymous SecurityContext
2025-06-26 12:35:55 [http-nio-8080-exec-6] DEBUG o.s.s.w.a.AnonymousAuthenticationFilter - Set SecurityContextHolder to anonymous SecurityContext
2025-06-26 12:35:55 [http-nio-8080-exec-8] DEBUG o.s.security.web.FilterChainProxy - Securing GET /image?file=1750635278979_%D0%A1%D0%BD%D0%B8%D0%BC%D0%BE%D0%BA%20%D1%8D%D0%BA%D1%80%D0%B0%D0%BD%D0%B0%202025-02-20%20%D0%B2%2015.38.15.png
2025-06-26 12:35:55 [http-nio-8080-exec-8] DEBUG o.s.security.web.FilterChainProxy - Secured GET /image?file=1750635278979_%D0%A1%D0%BD%D0%B8%D0%BC%D0%BE%D0%BA%20%D1%8D%D0%BA%D1%80%D0%B0%D0%BD%D0%B0%202025-02-20%20%D0%B2%2015.38.15.png
2025-06-26 12:35:55 [http-nio-8080-exec-8] DEBUG o.s.s.w.a.AnonymousAuthenticationFilter - Set SecurityContextHolder to anonymous SecurityContext
2025-06-26 12:35:56 [http-nio-8080-exec-9] DEBUG o.s.security.web.FilterChainProxy - Securing GET /login
2025-06-26 12:35:56 [http-nio-8080-exec-9] DEBUG o.s.security.web.FilterChainProxy - Secured GET /login
2025-06-26 12:35:56 [http-nio-8080-exec-9] DEBUG o.s.security.web.FilterChainProxy - Securing GET /WEB-INF/views/login.jsp
2025-06-26 12:35:56 [http-nio-8080-exec-9] DEBUG o.s.security.web.FilterChainProxy - Secured GET /WEB-INF/views/login.jsp
2025-06-26 12:35:56 [http-nio-8080-exec-9] DEBUG o.s.s.w.a.AnonymousAuthenticationFilter - Set SecurityContextHolder to anonymous SecurityContext
2025-06-26 12:35:56 [http-nio-8080-exec-2] DEBUG o.s.security.web.FilterChainProxy - Securing GET /styles/global.css
2025-06-26 12:35:56 [http-nio-8080-exec-7] DEBUG o.s.security.web.FilterChainProxy - Securing GET /styles/header.css
2025-06-26 12:35:56 [http-nio-8080-exec-10] DEBUG o.s.security.web.FilterChainProxy - Securing GET /styles/normalize.8.0.1.css
2025-06-26 12:35:56 [http-nio-8080-exec-5] DEBUG o.s.security.web.FilterChainProxy - Securing GET /styles/footer.css
2025-06-26 12:35:56 [http-nio-8080-exec-4] DEBUG o.s.security.web.FilterChainProxy - Securing GET /styles/login.css
2025-06-26 12:35:56 [http-nio-8080-exec-1] DEBUG o.s.security.web.FilterChainProxy - Securing GET /styles/reset.css
2025-06-26 12:35:56 [http-nio-8080-exec-2] DEBUG o.s.security.web.FilterChainProxy - Secured GET /styles/global.css
2025-06-26 12:35:56 [http-nio-8080-exec-7] DEBUG o.s.security.web.FilterChainProxy - Secured GET /styles/header.css
2025-06-26 12:35:56 [http-nio-8080-exec-10] DEBUG o.s.security.web.FilterChainProxy - Secured GET /styles/normalize.8.0.1.css
2025-06-26 12:35:56 [http-nio-8080-exec-1] DEBUG o.s.security.web.FilterChainProxy - Secured GET /styles/reset.css
2025-06-26 12:35:56 [http-nio-8080-exec-4] DEBUG o.s.security.web.FilterChainProxy - Secured GET /styles/login.css
2025-06-26 12:35:56 [http-nio-8080-exec-5] DEBUG o.s.security.web.FilterChainProxy - Secured GET /styles/footer.css
2025-06-26 12:35:56 [http-nio-8080-exec-2] DEBUG o.s.s.w.a.AnonymousAuthenticationFilter - Set SecurityContextHolder to anonymous SecurityContext
2025-06-26 12:35:56 [http-nio-8080-exec-10] DEBUG o.s.s.w.a.AnonymousAuthenticationFilter - Set SecurityContextHolder to anonymous SecurityContext
2025-06-26 12:35:56 [http-nio-8080-exec-1] DEBUG o.s.s.w.a.AnonymousAuthenticationFilter - Set SecurityContextHolder to anonymous SecurityContext
2025-06-26 12:35:56 [http-nio-8080-exec-5] DEBUG o.s.s.w.a.AnonymousAuthenticationFilter - Set SecurityContextHolder to anonymous SecurityContext
2025-06-26 12:35:56 [http-nio-8080-exec-7] DEBUG o.s.s.w.a.AnonymousAuthenticationFilter - Set SecurityContextHolder to anonymous SecurityContext
2025-06-26 12:35:56 [http-nio-8080-exec-4] DEBUG o.s.s.w.a.AnonymousAuthenticationFilter - Set SecurityContextHolder to anonymous SecurityContext
2025-06-26 12:36:01 [http-nio-8080-exec-1] DEBUG o.s.security.web.FilterChainProxy - Securing POST /login
2025-06-26 12:36:01 [http-nio-8080-exec-1] DEBUG o.s.s.a.d.DaoAuthenticationProvider - Failed to authenticate since user account is disabled
2025-06-26 12:36:01 [http-nio-8080-exec-1] DEBUG o.s.s.web.DefaultRedirectStrategy - Redirecting to /culinary/login?error=true
2025-06-26 12:36:01 [http-nio-8080-exec-4] DEBUG o.s.security.web.FilterChainProxy - Securing GET /login?error=true
2025-06-26 12:36:01 [http-nio-8080-exec-4] DEBUG o.s.security.web.FilterChainProxy - Secured GET /login?error=true
2025-06-26 12:36:01 [http-nio-8080-exec-4] DEBUG o.s.security.web.FilterChainProxy - Securing GET /WEB-INF/views/login.jsp?error=true
2025-06-26 12:36:01 [http-nio-8080-exec-4] DEBUG o.s.security.web.FilterChainProxy - Secured GET /WEB-INF/views/login.jsp?error=true
2025-06-26 12:36:01 [http-nio-8080-exec-4] DEBUG o.s.s.w.a.AnonymousAuthenticationFilter - Set SecurityContextHolder to anonymous SecurityContext
2025-06-26 12:36:01 [http-nio-8080-exec-10] DEBUG o.s.security.web.FilterChainProxy - Securing GET /styles/global.css
2025-06-26 12:36:01 [http-nio-8080-exec-9] DEBUG o.s.security.web.FilterChainProxy - Securing GET /styles/reset.css
2025-06-26 12:36:01 [http-nio-8080-exec-6] DEBUG o.s.security.web.FilterChainProxy - Securing GET /styles/normalize.8.0.1.css
2025-06-26 12:36:01 [http-nio-8080-exec-10] DEBUG o.s.security.web.FilterChainProxy - Secured GET /styles/global.css
2025-06-26 12:36:01 [http-nio-8080-exec-6] DEBUG o.s.security.web.FilterChainProxy - Secured GET /styles/normalize.8.0.1.css
2025-06-26 12:36:01 [http-nio-8080-exec-2] DEBUG o.s.security.web.FilterChainProxy - Securing GET /styles/header.css
2025-06-26 12:36:01 [http-nio-8080-exec-3] DEBUG o.s.security.web.FilterChainProxy - Securing GET /styles/login.css
2025-06-26 12:36:01 [http-nio-8080-exec-9] DEBUG o.s.security.web.FilterChainProxy - Secured GET /styles/reset.css
2025-06-26 12:36:01 [http-nio-8080-exec-2] DEBUG o.s.security.web.FilterChainProxy - Secured GET /styles/header.css
2025-06-26 12:36:01 [http-nio-8080-exec-3] DEBUG o.s.security.web.FilterChainProxy - Secured GET /styles/login.css
2025-06-26 12:36:01 [http-nio-8080-exec-8] DEBUG o.s.security.web.FilterChainProxy - Securing GET /styles/footer.css
2025-06-26 12:36:01 [http-nio-8080-exec-8] DEBUG o.s.security.web.FilterChainProxy - Secured GET /styles/footer.css
2025-06-26 12:36:01 [http-nio-8080-exec-6] DEBUG o.s.s.w.a.AnonymousAuthenticationFilter - Set SecurityContextHolder to anonymous SecurityContext
2025-06-26 12:36:01 [http-nio-8080-exec-8] DEBUG o.s.s.w.a.AnonymousAuthenticationFilter - Set SecurityContextHolder to anonymous SecurityContext
2025-06-26 12:36:01 [http-nio-8080-exec-2] DEBUG o.s.s.w.a.AnonymousAuthenticationFilter - Set SecurityContextHolder to anonymous SecurityContext
2025-06-26 12:36:01 [http-nio-8080-exec-9] DEBUG o.s.s.w.a.AnonymousAuthenticationFilter - Set SecurityContextHolder to anonymous SecurityContext
2025-06-26 12:36:01 [http-nio-8080-exec-3] DEBUG o.s.s.w.a.AnonymousAuthenticationFilter - Set SecurityContextHolder to anonymous SecurityContext
2025-06-26 12:36:01 [http-nio-8080-exec-10] DEBUG o.s.s.w.a.AnonymousAuthenticationFilter - Set SecurityContextHolder to anonymous SecurityContext
2025-06-26 12:40:40 [SpringApplicationShutdownHook] INFO  com.zaxxer.hikari.HikariDataSource - HikariPool-1 - Shutdown initiated...
2025-06-26 12:40:40 [SpringApplicationShutdownHook] INFO  com.zaxxer.hikari.HikariDataSource - HikariPool-1 - Shutdown completed.
2025-06-26 12:40:42 [main] INFO  o.e.CulinaryExchangeApplication - Starting CulinaryExchangeApplication using Java 21.0.7 with PID 52988 (/Users/pro/IdeaProjects/culinaryExchangeS2/CulinaryService/target/classes started by pro in /Users/pro/IdeaProjects/culinaryExchangeS2/CulinaryService)
2025-06-26 12:40:42 [main] DEBUG o.e.CulinaryExchangeApplication - Running with Spring Boot v3.3.0, Spring v6.1.8
2025-06-26 12:40:42 [main] INFO  o.e.CulinaryExchangeApplication - No active profile set, falling back to 1 default profile: "default"
2025-06-26 12:40:43 [main] INFO  o.a.catalina.core.StandardService - Starting service [Tomcat]
2025-06-26 12:40:43 [main] INFO  o.a.catalina.core.StandardEngine - Starting Servlet engine: [Apache Tomcat/10.1.24]
2025-06-26 12:40:43 [main] INFO  o.apache.jasper.servlet.TldScanner - At least one JAR was scanned for TLDs yet contained no TLDs. Enable debug logging for this logger for a complete list of JARs that were scanned but no TLDs were found in them. Skipping unneeded JARs during scanning can improve startup time and JSP compilation time.
2025-06-26 12:40:43 [main] INFO  o.a.c.c.C.[.[localhost].[/culinary] - Initializing Spring embedded WebApplicationContext
2025-06-26 12:40:43 [main] INFO  com.zaxxer.hikari.HikariDataSource - HikariPool-1 - Starting...
2025-06-26 12:40:43 [main] INFO  com.zaxxer.hikari.pool.HikariPool - HikariPool-1 - Added connection org.postgresql.jdbc.PgConnection@687eb455
2025-06-26 12:40:43 [main] INFO  com.zaxxer.hikari.HikariDataSource - HikariPool-1 - Start completed.
2025-06-26 12:40:43 [main] INFO  org.flywaydb.core.FlywayExecutor - Database: jdbc:postgresql://localhost:5432/culinaryExchangeS2 (PostgreSQL 17.1)
2025-06-26 12:40:43 [main] WARN  o.f.c.i.database.base.Database - Flyway upgrade recommended: PostgreSQL 17.1 is newer than this version of Flyway and support has not been tested. The latest supported version of PostgreSQL is 16.
2025-06-26 12:40:43 [main] INFO  o.f.core.internal.command.DbValidate - Successfully validated 1 migration (execution time 00:00.011s)
2025-06-26 12:40:43 [main] INFO  o.f.core.internal.command.DbMigrate - Current version of schema "public": 1
2025-06-26 12:40:43 [main] INFO  o.f.core.internal.command.DbMigrate - Schema "public" is up to date. No migration necessary.
2025-06-26 12:40:43 [main] INFO  o.h.jpa.internal.util.LogHelper - HHH000204: Processing PersistenceUnitInfo [name: default]
2025-06-26 12:40:43 [main] INFO  org.hibernate.Version - HHH000412: Hibernate ORM core version 6.5.2.Final
2025-06-26 12:40:43 [main] INFO  o.h.c.i.RegionFactoryInitiator - HHH000026: Second-level cache disabled
2025-06-26 12:40:43 [main] WARN  org.hibernate.orm.deprecation - HHH90000025: PostgreSQLDialect does not need to be specified explicitly using 'hibernate.dialect' (remove the property setting and it will be selected by default)
2025-06-26 12:40:43 [main] INFO  o.h.e.t.j.p.i.JtaPlatformInitiator - HHH000489: No JTA platform available (set 'hibernate.transaction.jta.platform' to enable JTA platform integration)
2025-06-26 12:40:44 [main] WARN  o.s.b.a.o.j.JpaBaseConfiguration$JpaWebConfiguration - spring.jpa.open-in-view is enabled by default. Therefore, database queries may be performed during view rendering. Explicitly configure spring.jpa.open-in-view to disable this warning
2025-06-26 12:40:44 [main] INFO  o.s.s.web.DefaultSecurityFilterChain - Will secure any request with [org.springframework.security.web.session.DisableEncodeUrlFilter@7e2f1454, org.springframework.security.web.context.request.async.WebAsyncManagerIntegrationFilter@35b1e5e5, org.springframework.security.web.context.SecurityContextHolderFilter@54e8f10a, org.springframework.security.web.header.HeaderWriterFilter@203f929, org.springframework.web.filter.CorsFilter@7caf0725, org.springframework.security.web.csrf.CsrfFilter@210d1b45, org.springframework.security.web.authentication.logout.LogoutFilter@20e06a86, org.springframework.security.web.authentication.UsernamePasswordAuthenticationFilter@45ef4dcb, org.springframework.security.web.savedrequest.RequestCacheAwareFilter@7563ca08, org.springframework.security.web.servletapi.SecurityContextHolderAwareRequestFilter@4089505c, org.springframework.security.web.authentication.AnonymousAuthenticationFilter@644acaff, org.springframework.security.web.access.ExceptionTranslationFilter@241b5364, org.springframework.security.web.access.intercept.AuthorizationFilter@5dea8bf2]
2025-06-26 12:40:44 [main] INFO  o.e.CulinaryExchangeApplication - Started CulinaryExchangeApplication in 1.977 seconds (process running for 2.179)
2025-06-26 12:40:48 [http-nio-8080-exec-1] INFO  o.a.c.c.C.[.[localhost].[/culinary] - Initializing Spring DispatcherServlet 'dispatcherServlet'
2025-06-26 12:40:48 [http-nio-8080-exec-1] DEBUG o.s.security.web.FilterChainProxy - Securing GET /login
2025-06-26 12:40:48 [http-nio-8080-exec-1] DEBUG o.s.security.web.FilterChainProxy - Secured GET /login
2025-06-26 12:40:48 [http-nio-8080-exec-1] DEBUG o.s.security.web.FilterChainProxy - Securing GET /WEB-INF/views/login.jsp
2025-06-26 12:40:48 [http-nio-8080-exec-1] DEBUG o.s.security.web.FilterChainProxy - Secured GET /WEB-INF/views/login.jsp
2025-06-26 12:40:48 [http-nio-8080-exec-1] DEBUG o.s.s.w.a.AnonymousAuthenticationFilter - Set SecurityContextHolder to anonymous SecurityContext
2025-06-26 12:40:48 [http-nio-8080-exec-2] DEBUG o.s.security.web.FilterChainProxy - Securing GET /styles/normalize.8.0.1.css
2025-06-26 12:40:48 [http-nio-8080-exec-5] DEBUG o.s.security.web.FilterChainProxy - Securing GET /styles/footer.css
2025-06-26 12:40:48 [http-nio-8080-exec-5] DEBUG o.s.security.web.FilterChainProxy - Secured GET /styles/footer.css
2025-06-26 12:40:48 [http-nio-8080-exec-2] DEBUG o.s.security.web.FilterChainProxy - Secured GET /styles/normalize.8.0.1.css
2025-06-26 12:40:48 [http-nio-8080-exec-7] DEBUG o.s.security.web.FilterChainProxy - Securing GET /styles/global.css
2025-06-26 12:40:48 [http-nio-8080-exec-7] DEBUG o.s.security.web.FilterChainProxy - Secured GET /styles/global.css
2025-06-26 12:40:48 [http-nio-8080-exec-4] DEBUG o.s.security.web.FilterChainProxy - Securing GET /styles/login.css
2025-06-26 12:40:48 [http-nio-8080-exec-4] DEBUG o.s.security.web.FilterChainProxy - Secured GET /styles/login.css
2025-06-26 12:40:48 [http-nio-8080-exec-6] DEBUG o.s.security.web.FilterChainProxy - Securing GET /styles/header.css
2025-06-26 12:40:48 [http-nio-8080-exec-3] DEBUG o.s.security.web.FilterChainProxy - Securing GET /styles/reset.css
2025-06-26 12:40:48 [http-nio-8080-exec-3] DEBUG o.s.security.web.FilterChainProxy - Secured GET /styles/reset.css
2025-06-26 12:40:48 [http-nio-8080-exec-6] DEBUG o.s.security.web.FilterChainProxy - Secured GET /styles/header.css
2025-06-26 12:40:48 [http-nio-8080-exec-5] DEBUG o.s.s.w.a.AnonymousAuthenticationFilter - Set SecurityContextHolder to anonymous SecurityContext
2025-06-26 12:40:48 [http-nio-8080-exec-2] DEBUG o.s.s.w.a.AnonymousAuthenticationFilter - Set SecurityContextHolder to anonymous SecurityContext
2025-06-26 12:40:48 [http-nio-8080-exec-4] DEBUG o.s.s.w.a.AnonymousAuthenticationFilter - Set SecurityContextHolder to anonymous SecurityContext
2025-06-26 12:40:48 [http-nio-8080-exec-7] DEBUG o.s.s.w.a.AnonymousAuthenticationFilter - Set SecurityContextHolder to anonymous SecurityContext
2025-06-26 12:40:48 [http-nio-8080-exec-6] DEBUG o.s.s.w.a.AnonymousAuthenticationFilter - Set SecurityContextHolder to anonymous SecurityContext
2025-06-26 12:40:48 [http-nio-8080-exec-3] DEBUG o.s.s.w.a.AnonymousAuthenticationFilter - Set SecurityContextHolder to anonymous SecurityContext
2025-06-26 12:40:50 [http-nio-8080-exec-8] DEBUG o.s.security.web.FilterChainProxy - Securing GET /login
2025-06-26 12:40:50 [http-nio-8080-exec-8] DEBUG o.s.security.web.FilterChainProxy - Secured GET /login
2025-06-26 12:40:50 [http-nio-8080-exec-8] DEBUG o.s.security.web.FilterChainProxy - Securing GET /WEB-INF/views/login.jsp
2025-06-26 12:40:50 [http-nio-8080-exec-8] DEBUG o.s.security.web.FilterChainProxy - Secured GET /WEB-INF/views/login.jsp
2025-06-26 12:40:50 [http-nio-8080-exec-8] DEBUG o.s.s.w.a.AnonymousAuthenticationFilter - Set SecurityContextHolder to anonymous SecurityContext
2025-06-26 12:40:50 [http-nio-8080-exec-9] DEBUG o.s.security.web.FilterChainProxy - Securing GET /styles/normalize.8.0.1.css
2025-06-26 12:40:50 [http-nio-8080-exec-10] DEBUG o.s.security.web.FilterChainProxy - Securing GET /styles/reset.css
2025-06-26 12:40:50 [http-nio-8080-exec-7] DEBUG o.s.security.web.FilterChainProxy - Securing GET /styles/login.css
2025-06-26 12:40:50 [http-nio-8080-exec-10] DEBUG o.s.security.web.FilterChainProxy - Secured GET /styles/reset.css
2025-06-26 12:40:50 [http-nio-8080-exec-9] DEBUG o.s.security.web.FilterChainProxy - Secured GET /styles/normalize.8.0.1.css
2025-06-26 12:40:50 [http-nio-8080-exec-7] DEBUG o.s.security.web.FilterChainProxy - Secured GET /styles/login.css
2025-06-26 12:40:50 [http-nio-8080-exec-2] DEBUG o.s.security.web.FilterChainProxy - Securing GET /styles/header.css
2025-06-26 12:40:50 [http-nio-8080-exec-1] DEBUG o.s.security.web.FilterChainProxy - Securing GET /styles/footer.css
2025-06-26 12:40:50 [http-nio-8080-exec-9] DEBUG o.s.s.w.a.AnonymousAuthenticationFilter - Set SecurityContextHolder to anonymous SecurityContext
2025-06-26 12:40:50 [http-nio-8080-exec-5] DEBUG o.s.security.web.FilterChainProxy - Securing GET /styles/global.css
2025-06-26 12:40:50 [http-nio-8080-exec-5] DEBUG o.s.security.web.FilterChainProxy - Secured GET /styles/global.css
2025-06-26 12:40:50 [http-nio-8080-exec-10] DEBUG o.s.s.w.a.AnonymousAuthenticationFilter - Set SecurityContextHolder to anonymous SecurityContext
2025-06-26 12:40:50 [http-nio-8080-exec-2] DEBUG o.s.security.web.FilterChainProxy - Secured GET /styles/header.css
2025-06-26 12:40:50 [http-nio-8080-exec-7] DEBUG o.s.s.w.a.AnonymousAuthenticationFilter - Set SecurityContextHolder to anonymous SecurityContext
2025-06-26 12:40:50 [http-nio-8080-exec-1] DEBUG o.s.security.web.FilterChainProxy - Secured GET /styles/footer.css
2025-06-26 12:40:50 [http-nio-8080-exec-5] DEBUG o.s.s.w.a.AnonymousAuthenticationFilter - Set SecurityContextHolder to anonymous SecurityContext
2025-06-26 12:40:50 [http-nio-8080-exec-1] DEBUG o.s.s.w.a.AnonymousAuthenticationFilter - Set SecurityContextHolder to anonymous SecurityContext
2025-06-26 12:40:50 [http-nio-8080-exec-2] DEBUG o.s.s.w.a.AnonymousAuthenticationFilter - Set SecurityContextHolder to anonymous SecurityContext
2025-06-26 12:40:54 [http-nio-8080-exec-7] DEBUG o.s.security.web.FilterChainProxy - Securing POST /login
2025-06-26 12:40:54 [http-nio-8080-exec-7] DEBUG o.s.s.a.d.DaoAuthenticationProvider - Authenticated user
2025-06-26 12:40:54 [http-nio-8080-exec-7] DEBUG o.s.s.w.a.s.ChangeSessionIdAuthenticationStrategy - Changed session id from 8B08BC3099231AB75A56B7F25C2ED0BF
2025-06-26 12:40:54 [http-nio-8080-exec-7] DEBUG o.s.s.w.c.CsrfAuthenticationStrategy - Replaced CSRF Token
2025-06-26 12:40:54 [http-nio-8080-exec-7] DEBUG o.s.s.w.c.HttpSessionSecurityContextRepository - Stored SecurityContextImpl [Authentication=UsernamePasswordAuthenticationToken [Principal=org.example.security.CustomUserDetails@19e46948, Credentials=[PROTECTED], Authenticated=true, Details=WebAuthenticationDetails [RemoteIpAddress=0:0:0:0:0:0:0:1, SessionId=8B08BC3099231AB75A56B7F25C2ED0BF], Granted Authorities=[ROLE_USER]]] to HttpSession [org.apache.catalina.session.StandardSessionFacade@4d65184f]
2025-06-26 12:40:54 [http-nio-8080-exec-7] DEBUG o.s.s.w.a.UsernamePasswordAuthenticationFilter - Set SecurityContextHolder to UsernamePasswordAuthenticationToken [Principal=org.example.security.CustomUserDetails@19e46948, Credentials=[PROTECTED], Authenticated=true, Details=WebAuthenticationDetails [RemoteIpAddress=0:0:0:0:0:0:0:1, SessionId=8B08BC3099231AB75A56B7F25C2ED0BF], Granted Authorities=[ROLE_USER]]
2025-06-26 12:40:54 [http-nio-8080-exec-7] DEBUG o.s.s.web.DefaultRedirectStrategy - Redirecting to /culinary/
2025-06-26 12:40:54 [http-nio-8080-exec-5] DEBUG o.s.security.web.FilterChainProxy - Securing GET /
2025-06-26 12:40:54 [http-nio-8080-exec-5] DEBUG o.s.security.web.FilterChainProxy - Secured GET /
2025-06-26 12:40:54 [http-nio-8080-exec-5] DEBUG o.s.security.web.FilterChainProxy - Securing GET /WEB-INF/views/mainPage.jsp
2025-06-26 12:40:54 [http-nio-8080-exec-5] DEBUG o.s.security.web.FilterChainProxy - Secured GET /WEB-INF/views/mainPage.jsp
2025-06-26 12:40:54 [http-nio-8080-exec-5] DEBUG o.s.s.w.c.HttpSessionSecurityContextRepository - Retrieved SecurityContextImpl [Authentication=UsernamePasswordAuthenticationToken [Principal=org.example.security.CustomUserDetails@19e46948, Credentials=[PROTECTED], Authenticated=true, Details=WebAuthenticationDetails [RemoteIpAddress=0:0:0:0:0:0:0:1, SessionId=8B08BC3099231AB75A56B7F25C2ED0BF], Granted Authorities=[ROLE_USER]]]
2025-06-26 12:40:54 [http-nio-8080-exec-1] DEBUG o.s.security.web.FilterChainProxy - Securing GET /styles/normalize.8.0.1.css
2025-06-26 12:40:54 [http-nio-8080-exec-1] DEBUG o.s.security.web.FilterChainProxy - Secured GET /styles/normalize.8.0.1.css
2025-06-26 12:40:54 [http-nio-8080-exec-2] DEBUG o.s.security.web.FilterChainProxy - Securing GET /styles/reset.css
2025-06-26 12:40:54 [http-nio-8080-exec-8] DEBUG o.s.security.web.FilterChainProxy - Securing GET /styles/footer.css
2025-06-26 12:40:54 [http-nio-8080-exec-10] DEBUG o.s.security.web.FilterChainProxy - Securing GET /styles/global.css
2025-06-26 12:40:54 [http-nio-8080-exec-8] DEBUG o.s.security.web.FilterChainProxy - Secured GET /styles/footer.css
2025-06-26 12:40:54 [http-nio-8080-exec-10] DEBUG o.s.security.web.FilterChainProxy - Secured GET /styles/global.css
2025-06-26 12:40:54 [http-nio-8080-exec-2] DEBUG o.s.security.web.FilterChainProxy - Secured GET /styles/reset.css
2025-06-26 12:40:54 [http-nio-8080-exec-3] DEBUG o.s.security.web.FilterChainProxy - Securing GET /styles/header.css
2025-06-26 12:40:54 [http-nio-8080-exec-8] DEBUG o.s.s.w.c.HttpSessionSecurityContextRepository - Retrieved SecurityContextImpl [Authentication=UsernamePasswordAuthenticationToken [Principal=org.example.security.CustomUserDetails@19e46948, Credentials=[PROTECTED], Authenticated=true, Details=WebAuthenticationDetails [RemoteIpAddress=0:0:0:0:0:0:0:1, SessionId=8B08BC3099231AB75A56B7F25C2ED0BF], Granted Authorities=[ROLE_USER]]]
2025-06-26 12:40:54 [http-nio-8080-exec-2] DEBUG o.s.s.w.c.HttpSessionSecurityContextRepository - Retrieved SecurityContextImpl [Authentication=UsernamePasswordAuthenticationToken [Principal=org.example.security.CustomUserDetails@19e46948, Credentials=[PROTECTED], Authenticated=true, Details=WebAuthenticationDetails [RemoteIpAddress=0:0:0:0:0:0:0:1, SessionId=8B08BC3099231AB75A56B7F25C2ED0BF], Granted Authorities=[ROLE_USER]]]
2025-06-26 12:40:54 [http-nio-8080-exec-1] DEBUG o.s.s.w.c.HttpSessionSecurityContextRepository - Retrieved SecurityContextImpl [Authentication=UsernamePasswordAuthenticationToken [Principal=org.example.security.CustomUserDetails@19e46948, Credentials=[PROTECTED], Authenticated=true, Details=WebAuthenticationDetails [RemoteIpAddress=0:0:0:0:0:0:0:1, SessionId=8B08BC3099231AB75A56B7F25C2ED0BF], Granted Authorities=[ROLE_USER]]]
2025-06-26 12:40:54 [http-nio-8080-exec-3] DEBUG o.s.security.web.FilterChainProxy - Secured GET /styles/header.css
2025-06-26 12:40:54 [http-nio-8080-exec-6] DEBUG o.s.security.web.FilterChainProxy - Securing GET /styles/mainPage.css
2025-06-26 12:40:54 [http-nio-8080-exec-6] DEBUG o.s.security.web.FilterChainProxy - Secured GET /styles/mainPage.css
2025-06-26 12:40:54 [http-nio-8080-exec-1] DEBUG o.s.security.web.FilterChainProxy - Securing GET /image?file=1750635278979_%D0%A1%D0%BD%D0%B8%D0%BC%D0%BE%D0%BA%20%D1%8D%D0%BA%D1%80%D0%B0%D0%BD%D0%B0%202025-02-20%20%D0%B2%2015.38.15.png
2025-06-26 12:40:54 [http-nio-8080-exec-10] DEBUG o.s.s.w.c.HttpSessionSecurityContextRepository - Retrieved SecurityContextImpl [Authentication=UsernamePasswordAuthenticationToken [Principal=org.example.security.CustomUserDetails@19e46948, Credentials=[PROTECTED], Authenticated=true, Details=WebAuthenticationDetails [RemoteIpAddress=0:0:0:0:0:0:0:1, SessionId=8B08BC3099231AB75A56B7F25C2ED0BF], Granted Authorities=[ROLE_USER]]]
2025-06-26 12:40:54 [http-nio-8080-exec-1] DEBUG o.s.security.web.FilterChainProxy - Secured GET /image?file=1750635278979_%D0%A1%D0%BD%D0%B8%D0%BC%D0%BE%D0%BA%20%D1%8D%D0%BA%D1%80%D0%B0%D0%BD%D0%B0%202025-02-20%20%D0%B2%2015.38.15.png
2025-06-26 12:40:54 [http-nio-8080-exec-3] DEBUG o.s.s.w.c.HttpSessionSecurityContextRepository - Retrieved SecurityContextImpl [Authentication=UsernamePasswordAuthenticationToken [Principal=org.example.security.CustomUserDetails@19e46948, Credentials=[PROTECTED], Authenticated=true, Details=WebAuthenticationDetails [RemoteIpAddress=0:0:0:0:0:0:0:1, SessionId=8B08BC3099231AB75A56B7F25C2ED0BF], Granted Authorities=[ROLE_USER]]]
2025-06-26 12:40:54 [http-nio-8080-exec-6] DEBUG o.s.s.w.c.HttpSessionSecurityContextRepository - Retrieved SecurityContextImpl [Authentication=UsernamePasswordAuthenticationToken [Principal=org.example.security.CustomUserDetails@19e46948, Credentials=[PROTECTED], Authenticated=true, Details=WebAuthenticationDetails [RemoteIpAddress=0:0:0:0:0:0:0:1, SessionId=8B08BC3099231AB75A56B7F25C2ED0BF], Granted Authorities=[ROLE_USER]]]
2025-06-26 12:40:54 [http-nio-8080-exec-9] DEBUG o.s.security.web.FilterChainProxy - Securing GET /image?file=1750635976463_%D0%A1%D0%BD%D0%B8%D0%BC%D0%BE%D0%BA%20%D1%8D%D0%BA%D1%80%D0%B0%D0%BD%D0%B0%202025-03-16%20%D0%B2%2011.03.50.png
2025-06-26 12:40:54 [http-nio-8080-exec-9] DEBUG o.s.security.web.FilterChainProxy - Secured GET /image?file=1750635976463_%D0%A1%D0%BD%D0%B8%D0%BC%D0%BE%D0%BA%20%D1%8D%D0%BA%D1%80%D0%B0%D0%BD%D0%B0%202025-03-16%20%D0%B2%2011.03.50.png
2025-06-26 12:40:54 [http-nio-8080-exec-4] DEBUG o.s.security.web.FilterChainProxy - Securing GET /image?file=1750687597303_%D0%A1%D0%BD%D0%B8%D0%BC%D0%BE%D0%BA%20%D1%8D%D0%BA%D1%80%D0%B0%D0%BD%D0%B0%202025-03-16%20%D0%B2%2019.33.55.png
2025-06-26 12:40:54 [http-nio-8080-exec-4] DEBUG o.s.security.web.FilterChainProxy - Secured GET /image?file=1750687597303_%D0%A1%D0%BD%D0%B8%D0%BC%D0%BE%D0%BA%20%D1%8D%D0%BA%D1%80%D0%B0%D0%BD%D0%B0%202025-03-16%20%D0%B2%2019.33.55.png
2025-06-26 12:40:54 [http-nio-8080-exec-9] DEBUG o.s.s.w.c.HttpSessionSecurityContextRepository - Retrieved SecurityContextImpl [Authentication=UsernamePasswordAuthenticationToken [Principal=org.example.security.CustomUserDetails@19e46948, Credentials=[PROTECTED], Authenticated=true, Details=WebAuthenticationDetails [RemoteIpAddress=0:0:0:0:0:0:0:1, SessionId=8B08BC3099231AB75A56B7F25C2ED0BF], Granted Authorities=[ROLE_USER]]]
2025-06-26 12:40:54 [http-nio-8080-exec-4] DEBUG o.s.s.w.c.HttpSessionSecurityContextRepository - Retrieved SecurityContextImpl [Authentication=UsernamePasswordAuthenticationToken [Principal=org.example.security.CustomUserDetails@19e46948, Credentials=[PROTECTED], Authenticated=true, Details=WebAuthenticationDetails [RemoteIpAddress=0:0:0:0:0:0:0:1, SessionId=8B08BC3099231AB75A56B7F25C2ED0BF], Granted Authorities=[ROLE_USER]]]
2025-06-26 12:40:54 [http-nio-8080-exec-1] DEBUG o.s.s.w.c.HttpSessionSecurityContextRepository - Retrieved SecurityContextImpl [Authentication=UsernamePasswordAuthenticationToken [Principal=org.example.security.CustomUserDetails@19e46948, Credentials=[PROTECTED], Authenticated=true, Details=WebAuthenticationDetails [RemoteIpAddress=0:0:0:0:0:0:0:1, SessionId=8B08BC3099231AB75A56B7F25C2ED0BF], Granted Authorities=[ROLE_USER]]]
2025-06-26 13:04:17 [HikariPool-1 housekeeper] WARN  com.zaxxer.hikari.pool.HikariPool - HikariPool-1 - Thread starvation or clock leap detected (housekeeper delta=18m4s413ms).
2025-06-26 13:05:38 [SpringApplicationShutdownHook] INFO  com.zaxxer.hikari.HikariDataSource - HikariPool-1 - Shutdown initiated...
2025-06-26 13:05:38 [SpringApplicationShutdownHook] INFO  com.zaxxer.hikari.HikariDataSource - HikariPool-1 - Shutdown completed.
2025-06-26 13:05:39 [main] INFO  o.e.CulinaryExchangeApplication - Starting CulinaryExchangeApplication using Java 21.0.7 with PID 53530 (/Users/pro/IdeaProjects/culinaryExchangeS2/CulinaryService/target/classes started by pro in /Users/pro/IdeaProjects/culinaryExchangeS2/CulinaryService)
2025-06-26 13:05:39 [main] DEBUG o.e.CulinaryExchangeApplication - Running with Spring Boot v3.3.0, Spring v6.1.8
2025-06-26 13:05:39 [main] INFO  o.e.CulinaryExchangeApplication - No active profile set, falling back to 1 default profile: "default"
2025-06-26 13:05:40 [main] INFO  o.a.catalina.core.StandardService - Starting service [Tomcat]
2025-06-26 13:05:40 [main] INFO  o.a.catalina.core.StandardEngine - Starting Servlet engine: [Apache Tomcat/10.1.24]
2025-06-26 13:05:40 [main] INFO  o.apache.jasper.servlet.TldScanner - At least one JAR was scanned for TLDs yet contained no TLDs. Enable debug logging for this logger for a complete list of JARs that were scanned but no TLDs were found in them. Skipping unneeded JARs during scanning can improve startup time and JSP compilation time.
2025-06-26 13:05:40 [main] INFO  o.a.c.c.C.[.[localhost].[/culinary] - Initializing Spring embedded WebApplicationContext
2025-06-26 13:05:40 [main] INFO  com.zaxxer.hikari.HikariDataSource - HikariPool-1 - Starting...
2025-06-26 13:05:40 [main] INFO  com.zaxxer.hikari.pool.HikariPool - HikariPool-1 - Added connection org.postgresql.jdbc.PgConnection@6d969330
2025-06-26 13:05:40 [main] INFO  com.zaxxer.hikari.HikariDataSource - HikariPool-1 - Start completed.
2025-06-26 13:05:40 [main] INFO  org.flywaydb.core.FlywayExecutor - Database: jdbc:postgresql://localhost:5432/culinaryExchangeS2 (PostgreSQL 17.1)
2025-06-26 13:05:40 [main] WARN  o.f.c.i.database.base.Database - Flyway upgrade recommended: PostgreSQL 17.1 is newer than this version of Flyway and support has not been tested. The latest supported version of PostgreSQL is 16.
2025-06-26 13:05:40 [main] INFO  o.f.core.internal.command.DbValidate - Successfully validated 1 migration (execution time 00:00.010s)
2025-06-26 13:05:40 [main] INFO  o.f.core.internal.command.DbMigrate - Current version of schema "public": 1
2025-06-26 13:05:40 [main] INFO  o.f.core.internal.command.DbMigrate - Schema "public" is up to date. No migration necessary.
2025-06-26 13:05:40 [main] INFO  o.h.jpa.internal.util.LogHelper - HHH000204: Processing PersistenceUnitInfo [name: default]
2025-06-26 13:05:40 [main] INFO  org.hibernate.Version - HHH000412: Hibernate ORM core version 6.5.2.Final
2025-06-26 13:05:40 [main] INFO  o.h.c.i.RegionFactoryInitiator - HHH000026: Second-level cache disabled
2025-06-26 13:05:40 [main] WARN  org.hibernate.orm.deprecation - HHH90000025: PostgreSQLDialect does not need to be specified explicitly using 'hibernate.dialect' (remove the property setting and it will be selected by default)
2025-06-26 13:05:41 [main] INFO  o.h.e.t.j.p.i.JtaPlatformInitiator - HHH000489: No JTA platform available (set 'hibernate.transaction.jta.platform' to enable JTA platform integration)
2025-06-26 13:05:41 [main] WARN  o.s.b.a.o.j.JpaBaseConfiguration$JpaWebConfiguration - spring.jpa.open-in-view is enabled by default. Therefore, database queries may be performed during view rendering. Explicitly configure spring.jpa.open-in-view to disable this warning
2025-06-26 13:05:41 [main] INFO  o.s.s.web.DefaultSecurityFilterChain - Will secure any request with [org.springframework.security.web.session.DisableEncodeUrlFilter@6ed836b3, org.springframework.security.web.context.request.async.WebAsyncManagerIntegrationFilter@38849a1, org.springframework.security.web.context.SecurityContextHolderFilter@729cb7b, org.springframework.security.web.header.HeaderWriterFilter@53fa89e6, org.springframework.web.filter.CorsFilter@769fbb26, org.springframework.security.web.csrf.CsrfFilter@5865b0f6, org.springframework.security.web.authentication.logout.LogoutFilter@5dea8bf2, org.springframework.security.web.authentication.UsernamePasswordAuthenticationFilter@3fa27158, org.springframework.security.web.savedrequest.RequestCacheAwareFilter@6028b018, org.springframework.security.web.servletapi.SecurityContextHolderAwareRequestFilter@2e47ec5e, org.springframework.security.web.authentication.AnonymousAuthenticationFilter@129bc797, org.springframework.security.web.access.ExceptionTranslationFilter@7563ca08, org.springframework.security.web.access.intercept.AuthorizationFilter@ebad9a]
2025-06-26 13:05:41 [main] INFO  o.e.CulinaryExchangeApplication - Started CulinaryExchangeApplication in 2.099 seconds (process running for 2.478)
2025-06-26 13:05:46 [http-nio-8080-exec-1] INFO  o.a.c.c.C.[.[localhost].[/culinary] - Initializing Spring DispatcherServlet 'dispatcherServlet'
2025-06-26 13:05:46 [http-nio-8080-exec-1] DEBUG o.s.security.web.FilterChainProxy - Securing GET /
2025-06-26 13:05:46 [http-nio-8080-exec-1] DEBUG o.s.security.web.FilterChainProxy - Secured GET /
2025-06-26 13:05:46 [http-nio-8080-exec-1] DEBUG o.s.security.web.FilterChainProxy - Securing GET /WEB-INF/views/mainPage.jsp
2025-06-26 13:05:46 [http-nio-8080-exec-1] DEBUG o.s.security.web.FilterChainProxy - Secured GET /WEB-INF/views/mainPage.jsp
2025-06-26 13:05:46 [http-nio-8080-exec-1] DEBUG o.s.s.w.a.AnonymousAuthenticationFilter - Set SecurityContextHolder to anonymous SecurityContext
2025-06-26 13:05:46 [http-nio-8080-exec-2] DEBUG o.s.security.web.FilterChainProxy - Securing GET /styles/normalize.8.0.1.css
2025-06-26 13:05:46 [http-nio-8080-exec-2] DEBUG o.s.security.web.FilterChainProxy - Secured GET /styles/normalize.8.0.1.css
2025-06-26 13:05:46 [http-nio-8080-exec-3] DEBUG o.s.security.web.FilterChainProxy - Securing GET /styles/reset.css
2025-06-26 13:05:46 [http-nio-8080-exec-3] DEBUG o.s.security.web.FilterChainProxy - Secured GET /styles/reset.css
2025-06-26 13:05:46 [http-nio-8080-exec-5] DEBUG o.s.security.web.FilterChainProxy - Securing GET /styles/global.css
2025-06-26 13:05:46 [http-nio-8080-exec-5] DEBUG o.s.security.web.FilterChainProxy - Secured GET /styles/global.css
2025-06-26 13:05:46 [http-nio-8080-exec-6] DEBUG o.s.security.web.FilterChainProxy - Securing GET /styles/footer.css
2025-06-26 13:05:46 [http-nio-8080-exec-4] DEBUG o.s.security.web.FilterChainProxy - Securing GET /styles/mainPage.css
2025-06-26 13:05:46 [http-nio-8080-exec-7] DEBUG o.s.security.web.FilterChainProxy - Securing GET /styles/header.css
2025-06-26 13:05:46 [http-nio-8080-exec-6] DEBUG o.s.security.web.FilterChainProxy - Secured GET /styles/footer.css
2025-06-26 13:05:46 [http-nio-8080-exec-7] DEBUG o.s.security.web.FilterChainProxy - Secured GET /styles/header.css
2025-06-26 13:05:46 [http-nio-8080-exec-4] DEBUG o.s.security.web.FilterChainProxy - Secured GET /styles/mainPage.css
2025-06-26 13:05:46 [http-nio-8080-exec-2] DEBUG o.s.s.w.a.AnonymousAuthenticationFilter - Set SecurityContextHolder to anonymous SecurityContext
2025-06-26 13:05:46 [http-nio-8080-exec-7] DEBUG o.s.s.w.a.AnonymousAuthenticationFilter - Set SecurityContextHolder to anonymous SecurityContext
2025-06-26 13:05:46 [http-nio-8080-exec-3] DEBUG o.s.s.w.a.AnonymousAuthenticationFilter - Set SecurityContextHolder to anonymous SecurityContext
2025-06-26 13:05:46 [http-nio-8080-exec-3] DEBUG o.s.security.web.FilterChainProxy - Securing GET /image?file=1750687597303_%D0%A1%D0%BD%D0%B8%D0%BC%D0%BE%D0%BA%20%D1%8D%D0%BA%D1%80%D0%B0%D0%BD%D0%B0%202025-03-16%20%D0%B2%2019.33.55.png
2025-06-26 13:05:46 [http-nio-8080-exec-6] DEBUG o.s.s.w.a.AnonymousAuthenticationFilter - Set SecurityContextHolder to anonymous SecurityContext
2025-06-26 13:05:46 [http-nio-8080-exec-4] DEBUG o.s.s.w.a.AnonymousAuthenticationFilter - Set SecurityContextHolder to anonymous SecurityContext
2025-06-26 13:05:46 [http-nio-8080-exec-5] DEBUG o.s.s.w.a.AnonymousAuthenticationFilter - Set SecurityContextHolder to anonymous SecurityContext
2025-06-26 13:05:46 [http-nio-8080-exec-5] DEBUG o.s.security.web.FilterChainProxy - Securing GET /image?file=1750635278979_%D0%A1%D0%BD%D0%B8%D0%BC%D0%BE%D0%BA%20%D1%8D%D0%BA%D1%80%D0%B0%D0%BD%D0%B0%202025-02-20%20%D0%B2%2015.38.15.png
2025-06-26 13:05:46 [http-nio-8080-exec-6] DEBUG o.s.security.web.FilterChainProxy - Securing GET /image?file=1750635976463_%D0%A1%D0%BD%D0%B8%D0%BC%D0%BE%D0%BA%20%D1%8D%D0%BA%D1%80%D0%B0%D0%BD%D0%B0%202025-03-16%20%D0%B2%2011.03.50.png
2025-06-26 13:05:46 [http-nio-8080-exec-5] DEBUG o.s.security.web.FilterChainProxy - Secured GET /image?file=1750635278979_%D0%A1%D0%BD%D0%B8%D0%BC%D0%BE%D0%BA%20%D1%8D%D0%BA%D1%80%D0%B0%D0%BD%D0%B0%202025-02-20%20%D0%B2%2015.38.15.png
2025-06-26 13:05:46 [http-nio-8080-exec-3] DEBUG o.s.security.web.FilterChainProxy - Secured GET /image?file=1750687597303_%D0%A1%D0%BD%D0%B8%D0%BC%D0%BE%D0%BA%20%D1%8D%D0%BA%D1%80%D0%B0%D0%BD%D0%B0%202025-03-16%20%D0%B2%2019.33.55.png
2025-06-26 13:05:46 [http-nio-8080-exec-6] DEBUG o.s.security.web.FilterChainProxy - Secured GET /image?file=1750635976463_%D0%A1%D0%BD%D0%B8%D0%BC%D0%BE%D0%BA%20%D1%8D%D0%BA%D1%80%D0%B0%D0%BD%D0%B0%202025-03-16%20%D0%B2%2011.03.50.png
2025-06-26 13:05:46 [http-nio-8080-exec-3] DEBUG o.s.s.w.a.AnonymousAuthenticationFilter - Set SecurityContextHolder to anonymous SecurityContext
2025-06-26 13:05:46 [http-nio-8080-exec-6] DEBUG o.s.s.w.a.AnonymousAuthenticationFilter - Set SecurityContextHolder to anonymous SecurityContext
2025-06-26 13:05:46 [http-nio-8080-exec-5] DEBUG o.s.s.w.a.AnonymousAuthenticationFilter - Set SecurityContextHolder to anonymous SecurityContext
2025-06-26 13:05:48 [http-nio-8080-exec-9] DEBUG o.s.security.web.FilterChainProxy - Securing GET /recipe/4
2025-06-26 13:05:48 [http-nio-8080-exec-9] DEBUG o.s.security.web.FilterChainProxy - Secured GET /recipe/4
2025-06-26 13:05:48 [http-nio-8080-exec-9] DEBUG o.s.s.w.a.AnonymousAuthenticationFilter - Set SecurityContextHolder to anonymous SecurityContext
2025-06-26 13:05:48 [http-nio-8080-exec-9] DEBUG o.s.security.web.FilterChainProxy - Securing GET /WEB-INF/views/showRecipe.jsp
2025-06-26 13:05:48 [http-nio-8080-exec-9] DEBUG o.s.security.web.FilterChainProxy - Secured GET /WEB-INF/views/showRecipe.jsp
2025-06-26 13:05:48 [http-nio-8080-exec-1] DEBUG o.s.security.web.FilterChainProxy - Securing GET /styles/reset.css
2025-06-26 13:05:48 [http-nio-8080-exec-10] DEBUG o.s.security.web.FilterChainProxy - Securing GET /styles/normalize.8.0.1.css
2025-06-26 13:05:48 [http-nio-8080-exec-2] DEBUG o.s.security.web.FilterChainProxy - Securing GET /styles/header.css
2025-06-26 13:05:48 [http-nio-8080-exec-1] DEBUG o.s.security.web.FilterChainProxy - Secured GET /styles/reset.css
2025-06-26 13:05:48 [http-nio-8080-exec-10] DEBUG o.s.security.web.FilterChainProxy - Secured GET /styles/normalize.8.0.1.css
2025-06-26 13:05:48 [http-nio-8080-exec-8] DEBUG o.s.security.web.FilterChainProxy - Securing GET /styles/footer.css
2025-06-26 13:05:48 [http-nio-8080-exec-8] DEBUG o.s.security.web.FilterChainProxy - Secured GET /styles/footer.css
2025-06-26 13:05:48 [http-nio-8080-exec-4] DEBUG o.s.security.web.FilterChainProxy - Securing GET /styles/global.css
2025-06-26 13:05:48 [http-nio-8080-exec-4] DEBUG o.s.security.web.FilterChainProxy - Secured GET /styles/global.css
2025-06-26 13:05:48 [http-nio-8080-exec-8] DEBUG o.s.s.w.a.AnonymousAuthenticationFilter - Set SecurityContextHolder to anonymous SecurityContext
2025-06-26 13:05:48 [http-nio-8080-exec-4] DEBUG o.s.s.w.a.AnonymousAuthenticationFilter - Set SecurityContextHolder to anonymous SecurityContext
2025-06-26 13:05:48 [http-nio-8080-exec-2] DEBUG o.s.security.web.FilterChainProxy - Secured GET /styles/header.css
2025-06-26 13:05:48 [http-nio-8080-exec-1] DEBUG o.s.s.w.a.AnonymousAuthenticationFilter - Set SecurityContextHolder to anonymous SecurityContext
2025-06-26 13:05:48 [http-nio-8080-exec-10] DEBUG o.s.s.w.a.AnonymousAuthenticationFilter - Set SecurityContextHolder to anonymous SecurityContext
2025-06-26 13:05:48 [http-nio-8080-exec-7] DEBUG o.s.security.web.FilterChainProxy - Securing GET /styles/showRecipe.css
2025-06-26 13:05:48 [http-nio-8080-exec-7] DEBUG o.s.security.web.FilterChainProxy - Secured GET /styles/showRecipe.css
2025-06-26 13:05:48 [http-nio-8080-exec-2] DEBUG o.s.s.w.a.AnonymousAuthenticationFilter - Set SecurityContextHolder to anonymous SecurityContext
2025-06-26 13:05:48 [http-nio-8080-exec-7] DEBUG o.s.s.w.a.AnonymousAuthenticationFilter - Set SecurityContextHolder to anonymous SecurityContext
2025-06-26 13:05:48 [http-nio-8080-exec-3] DEBUG o.s.security.web.FilterChainProxy - Securing GET /image?file=1750635278979_%D0%A1%D0%BD%D0%B8%D0%BC%D0%BE%D0%BA%20%D1%8D%D0%BA%D1%80%D0%B0%D0%BD%D0%B0%202025-02-20%20%D0%B2%2015.38.15.png
2025-06-26 13:05:48 [http-nio-8080-exec-3] DEBUG o.s.security.web.FilterChainProxy - Secured GET /image?file=1750635278979_%D0%A1%D0%BD%D0%B8%D0%BC%D0%BE%D0%BA%20%D1%8D%D0%BA%D1%80%D0%B0%D0%BD%D0%B0%202025-02-20%20%D0%B2%2015.38.15.png
2025-06-26 13:05:48 [http-nio-8080-exec-3] DEBUG o.s.s.w.a.AnonymousAuthenticationFilter - Set SecurityContextHolder to anonymous SecurityContext
2025-06-26 13:05:50 [http-nio-8080-exec-1] DEBUG o.s.security.web.FilterChainProxy - Securing POST /recipe/4/pdf
2025-06-26 13:05:50 [http-nio-8080-exec-1] DEBUG o.s.security.web.FilterChainProxy - Secured POST /recipe/4/pdf
2025-06-26 13:05:50 [http-nio-8080-exec-1] ERROR o.e.e.GlobalExceptionHandler - Unhandled exception: 500 INTERNAL SERVER ERROR: "{"error":"Character \"\u0440\" at index 0 in text is outside the range of characters supported by the font used: \"helveticaB\". Please consider using a Unicode font."}<EOL>"
org.springframework.web.client.HttpServerErrorException$InternalServerError: 500 INTERNAL SERVER ERROR: "{"error":"Character \"\u0440\" at index 0 in text is outside the range of characters supported by the font used: \"helveticaB\". Please consider using a Unicode font."}<EOL>"
	at org.springframework.web.client.HttpServerErrorException.create(HttpServerErrorException.java:102)
	at org.springframework.web.client.DefaultResponseErrorHandler.handleError(DefaultResponseErrorHandler.java:186)
	at org.springframework.web.client.DefaultResponseErrorHandler.handleError(DefaultResponseErrorHandler.java:137)
	at org.springframework.web.client.ResponseErrorHandler.handleError(ResponseErrorHandler.java:63)
	at org.springframework.web.client.RestTemplate.handleResponse(RestTemplate.java:942)
	at org.springframework.web.client.RestTemplate.doExecute(RestTemplate.java:891)
	at org.springframework.web.client.RestTemplate.execute(RestTemplate.java:790)
	at org.springframework.web.client.RestTemplate.postForObject(RestTemplate.java:507)
	at org.example.controllers.ShowRecipeController.generatePdf(ShowRecipeController.java:116)
	at java.base/jdk.internal.reflect.DirectMethodHandleAccessor.invoke(DirectMethodHandleAccessor.java:103)
	at java.base/java.lang.reflect.Method.invoke(Method.java:580)
	at org.springframework.web.method.support.InvocableHandlerMethod.doInvoke(InvocableHandlerMethod.java:255)
	at org.springframework.web.method.support.InvocableHandlerMethod.invokeForRequest(InvocableHandlerMethod.java:188)
	at org.springframework.web.servlet.mvc.method.annotation.ServletInvocableHandlerMethod.invokeAndHandle(ServletInvocableHandlerMethod.java:118)
	at org.springframework.web.servlet.mvc.method.annotation.RequestMappingHandlerAdapter.invokeHandlerMethod(RequestMappingHandlerAdapter.java:926)
	at org.springframework.web.servlet.mvc.method.annotation.RequestMappingHandlerAdapter.handleInternal(RequestMappingHandlerAdapter.java:831)
	at org.springframework.web.servlet.mvc.method.AbstractHandlerMethodAdapter.handle(AbstractHandlerMethodAdapter.java:87)
	at org.springframework.web.servlet.DispatcherServlet.doDispatch(DispatcherServlet.java:1089)
	at org.springframework.web.servlet.DispatcherServlet.doService(DispatcherServlet.java:979)
	at org.springframework.web.servlet.FrameworkServlet.processRequest(FrameworkServlet.java:1014)
	at org.springframework.web.servlet.FrameworkServlet.doPost(FrameworkServlet.java:914)
	at jakarta.servlet.http.HttpServlet.service(HttpServlet.java:590)
	at org.springframework.web.servlet.FrameworkServlet.service(FrameworkServlet.java:885)
	at jakarta.servlet.http.HttpServlet.service(HttpServlet.java:658)
	at org.apache.catalina.core.ApplicationFilterChain.internalDoFilter(ApplicationFilterChain.java:195)
	at org.apache.catalina.core.ApplicationFilterChain.doFilter(ApplicationFilterChain.java:140)
	at org.apache.tomcat.websocket.server.WsFilter.doFilter(WsFilter.java:51)
	at org.apache.catalina.core.ApplicationFilterChain.internalDoFilter(ApplicationFilterChain.java:164)
	at org.apache.catalina.core.ApplicationFilterChain.doFilter(ApplicationFilterChain.java:140)
	at org.springframework.web.filter.CompositeFilter$VirtualFilterChain.doFilter(CompositeFilter.java:108)
	at org.springframework.security.web.FilterChainProxy.lambda$doFilterInternal$3(FilterChainProxy.java:231)
	at org.springframework.security.web.FilterChainProxy$VirtualFilterChain.doFilter(FilterChainProxy.java:365)
	at org.springframework.security.web.access.intercept.AuthorizationFilter.doFilter(AuthorizationFilter.java:100)
	at org.springframework.security.web.FilterChainProxy$VirtualFilterChain.doFilter(FilterChainProxy.java:374)
	at org.springframework.security.web.access.ExceptionTranslationFilter.doFilter(ExceptionTranslationFilter.java:126)
	at org.springframework.security.web.access.ExceptionTranslationFilter.doFilter(ExceptionTranslationFilter.java:120)
	at org.springframework.security.web.FilterChainProxy$VirtualFilterChain.doFilter(FilterChainProxy.java:374)
	at org.springframework.security.web.authentication.AnonymousAuthenticationFilter.doFilter(AnonymousAuthenticationFilter.java:100)
	at org.springframework.security.web.FilterChainProxy$VirtualFilterChain.doFilter(FilterChainProxy.java:374)
	at org.springframework.security.web.servletapi.SecurityContextHolderAwareRequestFilter.doFilter(SecurityContextHolderAwareRequestFilter.java:179)
	at org.springframework.security.web.FilterChainProxy$VirtualFilterChain.doFilter(FilterChainProxy.java:374)
	at org.springframework.security.web.savedrequest.RequestCacheAwareFilter.doFilter(RequestCacheAwareFilter.java:63)
	at org.springframework.security.web.FilterChainProxy$VirtualFilterChain.doFilter(FilterChainProxy.java:374)
	at org.springframework.security.web.authentication.AbstractAuthenticationProcessingFilter.doFilter(AbstractAuthenticationProcessingFilter.java:227)
	at org.springframework.security.web.authentication.AbstractAuthenticationProcessingFilter.doFilter(AbstractAuthenticationProcessingFilter.java:221)
	at org.springframework.security.web.FilterChainProxy$VirtualFilterChain.doFilter(FilterChainProxy.java:374)
	at org.springframework.security.web.authentication.logout.LogoutFilter.doFilter(LogoutFilter.java:107)
	at org.springframework.security.web.authentication.logout.LogoutFilter.doFilter(LogoutFilter.java:93)
	at org.springframework.security.web.FilterChainProxy$VirtualFilterChain.doFilter(FilterChainProxy.java:374)
	at org.springframework.security.web.csrf.CsrfFilter.doFilterInternal(CsrfFilter.java:131)
	at org.springframework.web.filter.OncePerRequestFilter.doFilter(OncePerRequestFilter.java:116)
	at org.springframework.security.web.FilterChainProxy$VirtualFilterChain.doFilter(FilterChainProxy.java:374)
	at org.springframework.web.filter.CorsFilter.doFilterInternal(CorsFilter.java:91)
	at org.springframework.web.filter.OncePerRequestFilter.doFilter(OncePerRequestFilter.java:116)
	at org.springframework.security.web.FilterChainProxy$VirtualFilterChain.doFilter(FilterChainProxy.java:374)
	at org.springframework.security.web.header.HeaderWriterFilter.doHeadersAfter(HeaderWriterFilter.java:90)
	at org.springframework.security.web.header.HeaderWriterFilter.doFilterInternal(HeaderWriterFilter.java:75)
	at org.springframework.web.filter.OncePerRequestFilter.doFilter(OncePerRequestFilter.java:116)
	at org.springframework.security.web.FilterChainProxy$VirtualFilterChain.doFilter(FilterChainProxy.java:374)
	at org.springframework.security.web.context.SecurityContextHolderFilter.doFilter(SecurityContextHolderFilter.java:82)
	at org.springframework.security.web.context.SecurityContextHolderFilter.doFilter(SecurityContextHolderFilter.java:69)
	at org.springframework.security.web.FilterChainProxy$VirtualFilterChain.doFilter(FilterChainProxy.java:374)
	at org.springframework.security.web.context.request.async.WebAsyncManagerIntegrationFilter.doFilterInternal(WebAsyncManagerIntegrationFilter.java:62)
	at org.springframework.web.filter.OncePerRequestFilter.doFilter(OncePerRequestFilter.java:116)
	at org.springframework.security.web.FilterChainProxy$VirtualFilterChain.doFilter(FilterChainProxy.java:374)
	at org.springframework.security.web.session.DisableEncodeUrlFilter.doFilterInternal(DisableEncodeUrlFilter.java:42)
	at org.springframework.web.filter.OncePerRequestFilter.doFilter(OncePerRequestFilter.java:116)
	at org.springframework.security.web.FilterChainProxy$VirtualFilterChain.doFilter(FilterChainProxy.java:374)
	at org.springframework.security.web.FilterChainProxy.doFilterInternal(FilterChainProxy.java:233)
	at org.springframework.security.web.FilterChainProxy.doFilter(FilterChainProxy.java:191)
	at org.springframework.web.filter.CompositeFilter$VirtualFilterChain.doFilter(CompositeFilter.java:113)
	at org.springframework.web.servlet.handler.HandlerMappingIntrospector.lambda$createCacheFilter$3(HandlerMappingIntrospector.java:195)
	at org.springframework.web.filter.CompositeFilter$VirtualFilterChain.doFilter(CompositeFilter.java:113)
	at org.springframework.web.filter.CompositeFilter.doFilter(CompositeFilter.java:74)
	at org.springframework.security.config.annotation.web.configuration.WebMvcSecurityConfiguration$CompositeFilterChainProxy.doFilter(WebMvcSecurityConfiguration.java:230)
	at org.springframework.web.filter.DelegatingFilterProxy.invokeDelegate(DelegatingFilterProxy.java:352)
	at org.springframework.web.filter.DelegatingFilterProxy.doFilter(DelegatingFilterProxy.java:268)
	at org.apache.catalina.core.ApplicationFilterChain.internalDoFilter(ApplicationFilterChain.java:164)
	at org.apache.catalina.core.ApplicationFilterChain.doFilter(ApplicationFilterChain.java:140)
	at org.springframework.web.filter.RequestContextFilter.doFilterInternal(RequestContextFilter.java:100)
	at org.springframework.web.filter.OncePerRequestFilter.doFilter(OncePerRequestFilter.java:116)
	at org.apache.catalina.core.ApplicationFilterChain.internalDoFilter(ApplicationFilterChain.java:164)
	at org.apache.catalina.core.ApplicationFilterChain.doFilter(ApplicationFilterChain.java:140)
	at org.springframework.web.filter.FormContentFilter.doFilterInternal(FormContentFilter.java:93)
	at org.springframework.web.filter.OncePerRequestFilter.doFilter(OncePerRequestFilter.java:116)
	at org.apache.catalina.core.ApplicationFilterChain.internalDoFilter(ApplicationFilterChain.java:164)
	at org.apache.catalina.core.ApplicationFilterChain.doFilter(ApplicationFilterChain.java:140)
	at org.springframework.web.filter.CharacterEncodingFilter.doFilterInternal(CharacterEncodingFilter.java:201)
	at org.springframework.web.filter.OncePerRequestFilter.doFilter(OncePerRequestFilter.java:116)
	at org.apache.catalina.core.ApplicationFilterChain.internalDoFilter(ApplicationFilterChain.java:164)
	at org.apache.catalina.core.ApplicationFilterChain.doFilter(ApplicationFilterChain.java:140)
	at org.apache.catalina.core.StandardWrapperValve.invoke(StandardWrapperValve.java:167)
	at org.apache.catalina.core.StandardContextValve.invoke(StandardContextValve.java:90)
	at org.apache.catalina.authenticator.AuthenticatorBase.invoke(AuthenticatorBase.java:482)
	at org.apache.catalina.core.StandardHostValve.invoke(StandardHostValve.java:115)
	at org.apache.catalina.valves.ErrorReportValve.invoke(ErrorReportValve.java:93)
	at org.apache.catalina.core.StandardEngineValve.invoke(StandardEngineValve.java:74)
	at org.apache.catalina.connector.CoyoteAdapter.service(CoyoteAdapter.java:344)
	at org.apache.coyote.http11.Http11Processor.service(Http11Processor.java:389)
	at org.apache.coyote.AbstractProcessorLight.process(AbstractProcessorLight.java:63)
	at org.apache.coyote.AbstractProtocol$ConnectionHandler.process(AbstractProtocol.java:896)
	at org.apache.tomcat.util.net.NioEndpoint$SocketProcessor.doRun(NioEndpoint.java:1741)
	at org.apache.tomcat.util.net.SocketProcessorBase.run(SocketProcessorBase.java:52)
	at org.apache.tomcat.util.threads.ThreadPoolExecutor.runWorker(ThreadPoolExecutor.java:1190)
	at org.apache.tomcat.util.threads.ThreadPoolExecutor$Worker.run(ThreadPoolExecutor.java:659)
	at org.apache.tomcat.util.threads.TaskThread$WrappingRunnable.run(TaskThread.java:63)
	at java.base/java.lang.Thread.run(Thread.java:1583)
2025-06-26 13:05:50 [http-nio-8080-exec-1] DEBUG o.s.s.w.a.AnonymousAuthenticationFilter - Set SecurityContextHolder to anonymous SecurityContext
2025-06-26 13:05:58 [http-nio-8080-exec-7] DEBUG o.s.security.web.FilterChainProxy - Securing GET /recipe/4
2025-06-26 13:05:58 [http-nio-8080-exec-7] DEBUG o.s.security.web.FilterChainProxy - Secured GET /recipe/4
2025-06-26 13:05:58 [http-nio-8080-exec-7] DEBUG o.s.s.w.a.AnonymousAuthenticationFilter - Set SecurityContextHolder to anonymous SecurityContext
2025-06-26 13:05:58 [http-nio-8080-exec-7] DEBUG o.s.security.web.FilterChainProxy - Securing GET /WEB-INF/views/showRecipe.jsp
2025-06-26 13:05:58 [http-nio-8080-exec-7] DEBUG o.s.security.web.FilterChainProxy - Secured GET /WEB-INF/views/showRecipe.jsp
2025-06-26 13:05:58 [http-nio-8080-exec-6] DEBUG o.s.security.web.FilterChainProxy - Securing GET /styles/reset.css
2025-06-26 13:05:58 [http-nio-8080-exec-6] DEBUG o.s.security.web.FilterChainProxy - Secured GET /styles/reset.css
2025-06-26 13:05:58 [http-nio-8080-exec-5] DEBUG o.s.security.web.FilterChainProxy - Securing GET /styles/header.css
2025-06-26 13:05:58 [http-nio-8080-exec-5] DEBUG o.s.security.web.FilterChainProxy - Secured GET /styles/header.css
2025-06-26 13:05:58 [http-nio-8080-exec-8] DEBUG o.s.security.web.FilterChainProxy - Securing GET /styles/normalize.8.0.1.css
2025-06-26 13:05:58 [http-nio-8080-exec-8] DEBUG o.s.security.web.FilterChainProxy - Secured GET /styles/normalize.8.0.1.css
2025-06-26 13:05:58 [http-nio-8080-exec-4] DEBUG o.s.security.web.FilterChainProxy - Securing GET /styles/showRecipe.css
2025-06-26 13:05:58 [http-nio-8080-exec-4] DEBUG o.s.security.web.FilterChainProxy - Secured GET /styles/showRecipe.css
2025-06-26 13:05:58 [http-nio-8080-exec-9] DEBUG o.s.security.web.FilterChainProxy - Securing GET /styles/footer.css
2025-06-26 13:05:58 [http-nio-8080-exec-9] DEBUG o.s.security.web.FilterChainProxy - Secured GET /styles/footer.css
2025-06-26 13:05:58 [http-nio-8080-exec-5] DEBUG o.s.s.w.a.AnonymousAuthenticationFilter - Set SecurityContextHolder to anonymous SecurityContext
2025-06-26 13:05:58 [http-nio-8080-exec-9] DEBUG o.s.s.w.a.AnonymousAuthenticationFilter - Set SecurityContextHolder to anonymous SecurityContext
2025-06-26 13:05:58 [http-nio-8080-exec-3] DEBUG o.s.security.web.FilterChainProxy - Securing GET /styles/global.css
2025-06-26 13:05:58 [http-nio-8080-exec-8] DEBUG o.s.s.w.a.AnonymousAuthenticationFilter - Set SecurityContextHolder to anonymous SecurityContext
2025-06-26 13:05:58 [http-nio-8080-exec-3] DEBUG o.s.security.web.FilterChainProxy - Secured GET /styles/global.css
2025-06-26 13:05:58 [http-nio-8080-exec-4] DEBUG o.s.s.w.a.AnonymousAuthenticationFilter - Set SecurityContextHolder to anonymous SecurityContext
2025-06-26 13:05:58 [http-nio-8080-exec-6] DEBUG o.s.s.w.a.AnonymousAuthenticationFilter - Set SecurityContextHolder to anonymous SecurityContext
2025-06-26 13:05:58 [http-nio-8080-exec-1] DEBUG o.s.security.web.FilterChainProxy - Securing GET /image?file=1750635278979_%D0%A1%D0%BD%D0%B8%D0%BC%D0%BE%D0%BA%20%D1%8D%D0%BA%D1%80%D0%B0%D0%BD%D0%B0%202025-02-20%20%D0%B2%2015.38.15.png
2025-06-26 13:05:58 [http-nio-8080-exec-3] DEBUG o.s.s.w.a.AnonymousAuthenticationFilter - Set SecurityContextHolder to anonymous SecurityContext
2025-06-26 13:05:58 [http-nio-8080-exec-1] DEBUG o.s.security.web.FilterChainProxy - Secured GET /image?file=1750635278979_%D0%A1%D0%BD%D0%B8%D0%BC%D0%BE%D0%BA%20%D1%8D%D0%BA%D1%80%D0%B0%D0%BD%D0%B0%202025-02-20%20%D0%B2%2015.38.15.png
2025-06-26 13:05:58 [http-nio-8080-exec-1] DEBUG o.s.s.w.a.AnonymousAuthenticationFilter - Set SecurityContextHolder to anonymous SecurityContext
2025-06-26 13:06:00 [http-nio-8080-exec-2] DEBUG o.s.security.web.FilterChainProxy - Securing GET /login
2025-06-26 13:06:00 [http-nio-8080-exec-2] DEBUG o.s.security.web.FilterChainProxy - Secured GET /login
2025-06-26 13:06:00 [http-nio-8080-exec-2] DEBUG o.s.security.web.FilterChainProxy - Securing GET /WEB-INF/views/login.jsp
2025-06-26 13:06:00 [http-nio-8080-exec-2] DEBUG o.s.security.web.FilterChainProxy - Secured GET /WEB-INF/views/login.jsp
2025-06-26 13:06:00 [http-nio-8080-exec-2] DEBUG o.s.s.w.a.AnonymousAuthenticationFilter - Set SecurityContextHolder to anonymous SecurityContext
2025-06-26 13:06:00 [http-nio-8080-exec-10] DEBUG o.s.security.web.FilterChainProxy - Securing GET /styles/normalize.8.0.1.css
2025-06-26 13:06:00 [http-nio-8080-exec-10] DEBUG o.s.security.web.FilterChainProxy - Secured GET /styles/normalize.8.0.1.css
2025-06-26 13:06:00 [http-nio-8080-exec-7] DEBUG o.s.security.web.FilterChainProxy - Securing GET /styles/reset.css
2025-06-26 13:06:00 [http-nio-8080-exec-7] DEBUG o.s.security.web.FilterChainProxy - Secured GET /styles/reset.css
2025-06-26 13:06:00 [http-nio-8080-exec-5] DEBUG o.s.security.web.FilterChainProxy - Securing GET /styles/login.css
2025-06-26 13:06:00 [http-nio-8080-exec-4] DEBUG o.s.security.web.FilterChainProxy - Securing GET /styles/global.css
2025-06-26 13:06:00 [http-nio-8080-exec-4] DEBUG o.s.security.web.FilterChainProxy - Secured GET /styles/global.css
2025-06-26 13:06:00 [http-nio-8080-exec-10] DEBUG o.s.s.w.a.AnonymousAuthenticationFilter - Set SecurityContextHolder to anonymous SecurityContext
2025-06-26 13:06:00 [http-nio-8080-exec-5] DEBUG o.s.security.web.FilterChainProxy - Secured GET /styles/login.css
2025-06-26 13:06:00 [http-nio-8080-exec-8] DEBUG o.s.security.web.FilterChainProxy - Securing GET /styles/footer.css
2025-06-26 13:06:00 [http-nio-8080-exec-8] DEBUG o.s.security.web.FilterChainProxy - Secured GET /styles/footer.css
2025-06-26 13:06:00 [http-nio-8080-exec-4] DEBUG o.s.s.w.a.AnonymousAuthenticationFilter - Set SecurityContextHolder to anonymous SecurityContext
2025-06-26 13:06:00 [http-nio-8080-exec-8] DEBUG o.s.s.w.a.AnonymousAuthenticationFilter - Set SecurityContextHolder to anonymous SecurityContext
2025-06-26 13:06:00 [http-nio-8080-exec-9] DEBUG o.s.security.web.FilterChainProxy - Securing GET /styles/header.css
2025-06-26 13:06:00 [http-nio-8080-exec-9] DEBUG o.s.security.web.FilterChainProxy - Secured GET /styles/header.css
2025-06-26 13:06:00 [http-nio-8080-exec-5] DEBUG o.s.s.w.a.AnonymousAuthenticationFilter - Set SecurityContextHolder to anonymous SecurityContext
2025-06-26 13:06:00 [http-nio-8080-exec-7] DEBUG o.s.s.w.a.AnonymousAuthenticationFilter - Set SecurityContextHolder to anonymous SecurityContext
2025-06-26 13:06:00 [http-nio-8080-exec-9] DEBUG o.s.s.w.a.AnonymousAuthenticationFilter - Set SecurityContextHolder to anonymous SecurityContext
2025-06-26 13:06:05 [http-nio-8080-exec-8] DEBUG o.s.security.web.FilterChainProxy - Securing POST /login
2025-06-26 13:06:05 [http-nio-8080-exec-8] DEBUG o.s.s.a.d.DaoAuthenticationProvider - Authenticated user
2025-06-26 13:06:05 [http-nio-8080-exec-8] DEBUG o.s.s.w.a.s.ChangeSessionIdAuthenticationStrategy - Changed session id from 0AD2A022AB8E0D8CEE4E7788D41D70A2
2025-06-26 13:06:05 [http-nio-8080-exec-8] DEBUG o.s.s.w.c.CsrfAuthenticationStrategy - Replaced CSRF Token
2025-06-26 13:06:05 [http-nio-8080-exec-8] DEBUG o.s.s.w.c.HttpSessionSecurityContextRepository - Stored SecurityContextImpl [Authentication=UsernamePasswordAuthenticationToken [Principal=org.example.security.CustomUserDetails@6bd37d32, Credentials=[PROTECTED], Authenticated=true, Details=WebAuthenticationDetails [RemoteIpAddress=0:0:0:0:0:0:0:1, SessionId=0AD2A022AB8E0D8CEE4E7788D41D70A2], Granted Authorities=[ROLE_USER]]] to HttpSession [org.apache.catalina.session.StandardSessionFacade@15d2eb41]
2025-06-26 13:06:05 [http-nio-8080-exec-8] DEBUG o.s.s.w.a.UsernamePasswordAuthenticationFilter - Set SecurityContextHolder to UsernamePasswordAuthenticationToken [Principal=org.example.security.CustomUserDetails@6bd37d32, Credentials=[PROTECTED], Authenticated=true, Details=WebAuthenticationDetails [RemoteIpAddress=0:0:0:0:0:0:0:1, SessionId=0AD2A022AB8E0D8CEE4E7788D41D70A2], Granted Authorities=[ROLE_USER]]
2025-06-26 13:06:05 [http-nio-8080-exec-8] DEBUG o.s.s.web.DefaultRedirectStrategy - Redirecting to /culinary/
2025-06-26 13:06:05 [http-nio-8080-exec-5] DEBUG o.s.security.web.FilterChainProxy - Securing GET /
2025-06-26 13:06:05 [http-nio-8080-exec-5] DEBUG o.s.security.web.FilterChainProxy - Secured GET /
2025-06-26 13:06:05 [http-nio-8080-exec-5] DEBUG o.s.security.web.FilterChainProxy - Securing GET /WEB-INF/views/mainPage.jsp
2025-06-26 13:06:05 [http-nio-8080-exec-5] DEBUG o.s.security.web.FilterChainProxy - Secured GET /WEB-INF/views/mainPage.jsp
2025-06-26 13:06:05 [http-nio-8080-exec-5] DEBUG o.s.s.w.c.HttpSessionSecurityContextRepository - Retrieved SecurityContextImpl [Authentication=UsernamePasswordAuthenticationToken [Principal=org.example.security.CustomUserDetails@6bd37d32, Credentials=[PROTECTED], Authenticated=true, Details=WebAuthenticationDetails [RemoteIpAddress=0:0:0:0:0:0:0:1, SessionId=0AD2A022AB8E0D8CEE4E7788D41D70A2], Granted Authorities=[ROLE_USER]]]
2025-06-26 13:06:05 [http-nio-8080-exec-7] DEBUG o.s.security.web.FilterChainProxy - Securing GET /styles/normalize.8.0.1.css
2025-06-26 13:06:05 [http-nio-8080-exec-7] DEBUG o.s.security.web.FilterChainProxy - Secured GET /styles/normalize.8.0.1.css
2025-06-26 13:06:05 [http-nio-8080-exec-9] DEBUG o.s.security.web.FilterChainProxy - Securing GET /styles/reset.css
2025-06-26 13:06:05 [http-nio-8080-exec-7] DEBUG o.s.s.w.c.HttpSessionSecurityContextRepository - Retrieved SecurityContextImpl [Authentication=UsernamePasswordAuthenticationToken [Principal=org.example.security.CustomUserDetails@6bd37d32, Credentials=[PROTECTED], Authenticated=true, Details=WebAuthenticationDetails [RemoteIpAddress=0:0:0:0:0:0:0:1, SessionId=0AD2A022AB8E0D8CEE4E7788D41D70A2], Granted Authorities=[ROLE_USER]]]
2025-06-26 13:06:05 [http-nio-8080-exec-9] DEBUG o.s.security.web.FilterChainProxy - Secured GET /styles/reset.css
2025-06-26 13:06:05 [http-nio-8080-exec-3] DEBUG o.s.security.web.FilterChainProxy - Securing GET /styles/global.css
2025-06-26 13:06:05 [http-nio-8080-exec-3] DEBUG o.s.security.web.FilterChainProxy - Secured GET /styles/global.css
2025-06-26 13:06:05 [http-nio-8080-exec-7] DEBUG o.s.security.web.FilterChainProxy - Securing GET /styles/mainPage.css
2025-06-26 13:06:05 [http-nio-8080-exec-2] DEBUG o.s.security.web.FilterChainProxy - Securing GET /styles/footer.css
2025-06-26 13:06:05 [http-nio-8080-exec-9] DEBUG o.s.s.w.c.HttpSessionSecurityContextRepository - Retrieved SecurityContextImpl [Authentication=UsernamePasswordAuthenticationToken [Principal=org.example.security.CustomUserDetails@6bd37d32, Credentials=[PROTECTED], Authenticated=true, Details=WebAuthenticationDetails [RemoteIpAddress=0:0:0:0:0:0:0:1, SessionId=0AD2A022AB8E0D8CEE4E7788D41D70A2], Granted Authorities=[ROLE_USER]]]
2025-06-26 13:06:05 [http-nio-8080-exec-7] DEBUG o.s.security.web.FilterChainProxy - Secured GET /styles/mainPage.css
2025-06-26 13:06:05 [http-nio-8080-exec-2] DEBUG o.s.security.web.FilterChainProxy - Secured GET /styles/footer.css
2025-06-26 13:06:05 [http-nio-8080-exec-3] DEBUG o.s.s.w.c.HttpSessionSecurityContextRepository - Retrieved SecurityContextImpl [Authentication=UsernamePasswordAuthenticationToken [Principal=org.example.security.CustomUserDetails@6bd37d32, Credentials=[PROTECTED], Authenticated=true, Details=WebAuthenticationDetails [RemoteIpAddress=0:0:0:0:0:0:0:1, SessionId=0AD2A022AB8E0D8CEE4E7788D41D70A2], Granted Authorities=[ROLE_USER]]]
2025-06-26 13:06:05 [http-nio-8080-exec-1] DEBUG o.s.security.web.FilterChainProxy - Securing GET /styles/header.css
2025-06-26 13:06:05 [http-nio-8080-exec-7] DEBUG o.s.s.w.c.HttpSessionSecurityContextRepository - Retrieved SecurityContextImpl [Authentication=UsernamePasswordAuthenticationToken [Principal=org.example.security.CustomUserDetails@6bd37d32, Credentials=[PROTECTED], Authenticated=true, Details=WebAuthenticationDetails [RemoteIpAddress=0:0:0:0:0:0:0:1, SessionId=0AD2A022AB8E0D8CEE4E7788D41D70A2], Granted Authorities=[ROLE_USER]]]
2025-06-26 13:06:05 [http-nio-8080-exec-1] DEBUG o.s.security.web.FilterChainProxy - Secured GET /styles/header.css
2025-06-26 13:06:05 [http-nio-8080-exec-2] DEBUG o.s.s.w.c.HttpSessionSecurityContextRepository - Retrieved SecurityContextImpl [Authentication=UsernamePasswordAuthenticationToken [Principal=org.example.security.CustomUserDetails@6bd37d32, Credentials=[PROTECTED], Authenticated=true, Details=WebAuthenticationDetails [RemoteIpAddress=0:0:0:0:0:0:0:1, SessionId=0AD2A022AB8E0D8CEE4E7788D41D70A2], Granted Authorities=[ROLE_USER]]]
2025-06-26 13:06:05 [http-nio-8080-exec-7] DEBUG o.s.security.web.FilterChainProxy - Securing GET /image?file=1750635976463_%D0%A1%D0%BD%D0%B8%D0%BC%D0%BE%D0%BA%20%D1%8D%D0%BA%D1%80%D0%B0%D0%BD%D0%B0%202025-03-16%20%D0%B2%2011.03.50.png
2025-06-26 13:06:05 [http-nio-8080-exec-7] DEBUG o.s.security.web.FilterChainProxy - Secured GET /image?file=1750635976463_%D0%A1%D0%BD%D0%B8%D0%BC%D0%BE%D0%BA%20%D1%8D%D0%BA%D1%80%D0%B0%D0%BD%D0%B0%202025-03-16%20%D0%B2%2011.03.50.png
2025-06-26 13:06:05 [http-nio-8080-exec-4] DEBUG o.s.security.web.FilterChainProxy - Securing GET /image?file=1750635278979_%D0%A1%D0%BD%D0%B8%D0%BC%D0%BE%D0%BA%20%D1%8D%D0%BA%D1%80%D0%B0%D0%BD%D0%B0%202025-02-20%20%D0%B2%2015.38.15.png
2025-06-26 13:06:05 [http-nio-8080-exec-4] DEBUG o.s.security.web.FilterChainProxy - Secured GET /image?file=1750635278979_%D0%A1%D0%BD%D0%B8%D0%BC%D0%BE%D0%BA%20%D1%8D%D0%BA%D1%80%D0%B0%D0%BD%D0%B0%202025-02-20%20%D0%B2%2015.38.15.png
2025-06-26 13:06:05 [http-nio-8080-exec-1] DEBUG o.s.s.w.c.HttpSessionSecurityContextRepository - Retrieved SecurityContextImpl [Authentication=UsernamePasswordAuthenticationToken [Principal=org.example.security.CustomUserDetails@6bd37d32, Credentials=[PROTECTED], Authenticated=true, Details=WebAuthenticationDetails [RemoteIpAddress=0:0:0:0:0:0:0:1, SessionId=0AD2A022AB8E0D8CEE4E7788D41D70A2], Granted Authorities=[ROLE_USER]]]
2025-06-26 13:06:05 [http-nio-8080-exec-8] DEBUG o.s.security.web.FilterChainProxy - Securing GET /image?file=1750687597303_%D0%A1%D0%BD%D0%B8%D0%BC%D0%BE%D0%BA%20%D1%8D%D0%BA%D1%80%D0%B0%D0%BD%D0%B0%202025-03-16%20%D0%B2%2019.33.55.png
2025-06-26 13:06:05 [http-nio-8080-exec-4] DEBUG o.s.s.w.c.HttpSessionSecurityContextRepository - Retrieved SecurityContextImpl [Authentication=UsernamePasswordAuthenticationToken [Principal=org.example.security.CustomUserDetails@6bd37d32, Credentials=[PROTECTED], Authenticated=true, Details=WebAuthenticationDetails [RemoteIpAddress=0:0:0:0:0:0:0:1, SessionId=0AD2A022AB8E0D8CEE4E7788D41D70A2], Granted Authorities=[ROLE_USER]]]
2025-06-26 13:06:05 [http-nio-8080-exec-7] DEBUG o.s.s.w.c.HttpSessionSecurityContextRepository - Retrieved SecurityContextImpl [Authentication=UsernamePasswordAuthenticationToken [Principal=org.example.security.CustomUserDetails@6bd37d32, Credentials=[PROTECTED], Authenticated=true, Details=WebAuthenticationDetails [RemoteIpAddress=0:0:0:0:0:0:0:1, SessionId=0AD2A022AB8E0D8CEE4E7788D41D70A2], Granted Authorities=[ROLE_USER]]]
2025-06-26 13:06:05 [http-nio-8080-exec-8] DEBUG o.s.security.web.FilterChainProxy - Secured GET /image?file=1750687597303_%D0%A1%D0%BD%D0%B8%D0%BC%D0%BE%D0%BA%20%D1%8D%D0%BA%D1%80%D0%B0%D0%BD%D0%B0%202025-03-16%20%D0%B2%2019.33.55.png
2025-06-26 13:06:05 [http-nio-8080-exec-8] DEBUG o.s.s.w.c.HttpSessionSecurityContextRepository - Retrieved SecurityContextImpl [Authentication=UsernamePasswordAuthenticationToken [Principal=org.example.security.CustomUserDetails@6bd37d32, Credentials=[PROTECTED], Authenticated=true, Details=WebAuthenticationDetails [RemoteIpAddress=0:0:0:0:0:0:0:1, SessionId=0AD2A022AB8E0D8CEE4E7788D41D70A2], Granted Authorities=[ROLE_USER]]]
2025-06-26 13:06:08 [http-nio-8080-exec-1] DEBUG o.s.security.web.FilterChainProxy - Securing GET /recipe/create
2025-06-26 13:06:08 [http-nio-8080-exec-1] DEBUG o.s.s.w.c.HttpSessionSecurityContextRepository - Retrieved SecurityContextImpl [Authentication=UsernamePasswordAuthenticationToken [Principal=org.example.security.CustomUserDetails@6bd37d32, Credentials=[PROTECTED], Authenticated=true, Details=WebAuthenticationDetails [RemoteIpAddress=0:0:0:0:0:0:0:1, SessionId=0AD2A022AB8E0D8CEE4E7788D41D70A2], Granted Authorities=[ROLE_USER]]]
2025-06-26 13:06:08 [http-nio-8080-exec-1] DEBUG o.s.security.web.FilterChainProxy - Secured GET /recipe/create
2025-06-26 13:06:08 [http-nio-8080-exec-1] DEBUG o.s.security.web.FilterChainProxy - Securing GET /WEB-INF/views/createRecipe.jsp
2025-06-26 13:06:08 [http-nio-8080-exec-1] DEBUG o.s.security.web.FilterChainProxy - Secured GET /WEB-INF/views/createRecipe.jsp
2025-06-26 13:06:08 [http-nio-8080-exec-4] DEBUG o.s.security.web.FilterChainProxy - Securing GET /styles/normalize.8.0.1.css
2025-06-26 13:06:08 [http-nio-8080-exec-4] DEBUG o.s.security.web.FilterChainProxy - Secured GET /styles/normalize.8.0.1.css
2025-06-26 13:06:08 [http-nio-8080-exec-7] DEBUG o.s.security.web.FilterChainProxy - Securing GET /styles/reset.css
2025-06-26 13:06:08 [http-nio-8080-exec-4] DEBUG o.s.s.w.c.HttpSessionSecurityContextRepository - Retrieved SecurityContextImpl [Authentication=UsernamePasswordAuthenticationToken [Principal=org.example.security.CustomUserDetails@6bd37d32, Credentials=[PROTECTED], Authenticated=true, Details=WebAuthenticationDetails [RemoteIpAddress=0:0:0:0:0:0:0:1, SessionId=0AD2A022AB8E0D8CEE4E7788D41D70A2], Granted Authorities=[ROLE_USER]]]
2025-06-26 13:06:08 [http-nio-8080-exec-7] DEBUG o.s.security.web.FilterChainProxy - Secured GET /styles/reset.css
2025-06-26 13:06:08 [http-nio-8080-exec-7] DEBUG o.s.s.w.c.HttpSessionSecurityContextRepository - Retrieved SecurityContextImpl [Authentication=UsernamePasswordAuthenticationToken [Principal=org.example.security.CustomUserDetails@6bd37d32, Credentials=[PROTECTED], Authenticated=true, Details=WebAuthenticationDetails [RemoteIpAddress=0:0:0:0:0:0:0:1, SessionId=0AD2A022AB8E0D8CEE4E7788D41D70A2], Granted Authorities=[ROLE_USER]]]
2025-06-26 13:06:08 [http-nio-8080-exec-8] DEBUG o.s.security.web.FilterChainProxy - Securing GET /styles/createRecipe.css
2025-06-26 13:06:08 [http-nio-8080-exec-3] DEBUG o.s.security.web.FilterChainProxy - Securing GET /styles/header.css
2025-06-26 13:06:08 [http-nio-8080-exec-8] DEBUG o.s.security.web.FilterChainProxy - Secured GET /styles/createRecipe.css
2025-06-26 13:06:08 [http-nio-8080-exec-9] DEBUG o.s.security.web.FilterChainProxy - Securing GET /styles/global.css
2025-06-26 13:06:08 [http-nio-8080-exec-10] DEBUG o.s.security.web.FilterChainProxy - Securing GET /styles/footer.css
2025-06-26 13:06:08 [http-nio-8080-exec-9] DEBUG o.s.security.web.FilterChainProxy - Secured GET /styles/global.css
2025-06-26 13:06:08 [http-nio-8080-exec-10] DEBUG o.s.security.web.FilterChainProxy - Secured GET /styles/footer.css
2025-06-26 13:06:08 [http-nio-8080-exec-3] DEBUG o.s.security.web.FilterChainProxy - Secured GET /styles/header.css
2025-06-26 13:06:08 [http-nio-8080-exec-9] DEBUG o.s.s.w.c.HttpSessionSecurityContextRepository - Retrieved SecurityContextImpl [Authentication=UsernamePasswordAuthenticationToken [Principal=org.example.security.CustomUserDetails@6bd37d32, Credentials=[PROTECTED], Authenticated=true, Details=WebAuthenticationDetails [RemoteIpAddress=0:0:0:0:0:0:0:1, SessionId=0AD2A022AB8E0D8CEE4E7788D41D70A2], Granted Authorities=[ROLE_USER]]]
2025-06-26 13:06:08 [http-nio-8080-exec-10] DEBUG o.s.s.w.c.HttpSessionSecurityContextRepository - Retrieved SecurityContextImpl [Authentication=UsernamePasswordAuthenticationToken [Principal=org.example.security.CustomUserDetails@6bd37d32, Credentials=[PROTECTED], Authenticated=true, Details=WebAuthenticationDetails [RemoteIpAddress=0:0:0:0:0:0:0:1, SessionId=0AD2A022AB8E0D8CEE4E7788D41D70A2], Granted Authorities=[ROLE_USER]]]
2025-06-26 13:06:08 [http-nio-8080-exec-3] DEBUG o.s.s.w.c.HttpSessionSecurityContextRepository - Retrieved SecurityContextImpl [Authentication=UsernamePasswordAuthenticationToken [Principal=org.example.security.CustomUserDetails@6bd37d32, Credentials=[PROTECTED], Authenticated=true, Details=WebAuthenticationDetails [RemoteIpAddress=0:0:0:0:0:0:0:1, SessionId=0AD2A022AB8E0D8CEE4E7788D41D70A2], Granted Authorities=[ROLE_USER]]]
2025-06-26 13:06:08 [http-nio-8080-exec-8] DEBUG o.s.s.w.c.HttpSessionSecurityContextRepository - Retrieved SecurityContextImpl [Authentication=UsernamePasswordAuthenticationToken [Principal=org.example.security.CustomUserDetails@6bd37d32, Credentials=[PROTECTED], Authenticated=true, Details=WebAuthenticationDetails [RemoteIpAddress=0:0:0:0:0:0:0:1, SessionId=0AD2A022AB8E0D8CEE4E7788D41D70A2], Granted Authorities=[ROLE_USER]]]
2025-06-26 13:06:33 [http-nio-8080-exec-3] DEBUG o.s.security.web.FilterChainProxy - Securing POST /recipe/create
2025-06-26 13:06:33 [http-nio-8080-exec-3] DEBUG o.s.security.web.csrf.CsrfFilter - Invalid CSRF token found for http://localhost:8080/culinary/recipe/create
2025-06-26 13:06:33 [http-nio-8080-exec-3] DEBUG o.s.s.w.a.AccessDeniedHandlerImpl - Responding with 403 status code
2025-06-26 13:06:33 [http-nio-8080-exec-3] DEBUG o.s.security.web.FilterChainProxy - Securing POST /error
2025-06-26 13:06:33 [http-nio-8080-exec-3] DEBUG o.s.security.web.FilterChainProxy - Secured POST /error
2025-06-26 13:06:33 [http-nio-8080-exec-3] DEBUG o.s.s.w.c.HttpSessionSecurityContextRepository - Retrieved SecurityContextImpl [Authentication=UsernamePasswordAuthenticationToken [Principal=org.example.security.CustomUserDetails@6bd37d32, Credentials=[PROTECTED], Authenticated=true, Details=WebAuthenticationDetails [RemoteIpAddress=0:0:0:0:0:0:0:1, SessionId=0AD2A022AB8E0D8CEE4E7788D41D70A2], Granted Authorities=[ROLE_USER]]]
2025-06-26 13:06:45 [http-nio-8080-exec-8] DEBUG o.s.security.web.FilterChainProxy - Securing GET /recipe/create
2025-06-26 13:06:45 [http-nio-8080-exec-8] DEBUG o.s.s.w.c.HttpSessionSecurityContextRepository - Retrieved SecurityContextImpl [Authentication=UsernamePasswordAuthenticationToken [Principal=org.example.security.CustomUserDetails@6bd37d32, Credentials=[PROTECTED], Authenticated=true, Details=WebAuthenticationDetails [RemoteIpAddress=0:0:0:0:0:0:0:1, SessionId=0AD2A022AB8E0D8CEE4E7788D41D70A2], Granted Authorities=[ROLE_USER]]]
2025-06-26 13:06:45 [http-nio-8080-exec-8] DEBUG o.s.security.web.FilterChainProxy - Secured GET /recipe/create
2025-06-26 13:06:45 [http-nio-8080-exec-8] DEBUG o.s.security.web.FilterChainProxy - Securing GET /WEB-INF/views/createRecipe.jsp
2025-06-26 13:06:45 [http-nio-8080-exec-8] DEBUG o.s.security.web.FilterChainProxy - Secured GET /WEB-INF/views/createRecipe.jsp
2025-06-26 13:06:45 [http-nio-8080-exec-5] DEBUG o.s.security.web.FilterChainProxy - Securing GET /styles/normalize.8.0.1.css
2025-06-26 13:06:45 [http-nio-8080-exec-5] DEBUG o.s.security.web.FilterChainProxy - Secured GET /styles/normalize.8.0.1.css
2025-06-26 13:06:45 [http-nio-8080-exec-6] DEBUG o.s.security.web.FilterChainProxy - Securing GET /styles/reset.css
2025-06-26 13:06:45 [http-nio-8080-exec-1] DEBUG o.s.security.web.FilterChainProxy - Securing GET /styles/createRecipe.css
2025-06-26 13:06:45 [http-nio-8080-exec-6] DEBUG o.s.security.web.FilterChainProxy - Secured GET /styles/reset.css
2025-06-26 13:06:45 [http-nio-8080-exec-1] DEBUG o.s.security.web.FilterChainProxy - Secured GET /styles/createRecipe.css
2025-06-26 13:06:45 [http-nio-8080-exec-4] DEBUG o.s.security.web.FilterChainProxy - Securing GET /styles/footer.css
2025-06-26 13:06:45 [http-nio-8080-exec-4] DEBUG o.s.security.web.FilterChainProxy - Secured GET /styles/footer.css
2025-06-26 13:06:45 [http-nio-8080-exec-1] DEBUG o.s.s.w.c.HttpSessionSecurityContextRepository - Retrieved SecurityContextImpl [Authentication=UsernamePasswordAuthenticationToken [Principal=org.example.security.CustomUserDetails@6bd37d32, Credentials=[PROTECTED], Authenticated=true, Details=WebAuthenticationDetails [RemoteIpAddress=0:0:0:0:0:0:0:1, SessionId=0AD2A022AB8E0D8CEE4E7788D41D70A2], Granted Authorities=[ROLE_USER]]]
2025-06-26 13:06:45 [http-nio-8080-exec-7] DEBUG o.s.security.web.FilterChainProxy - Securing GET /styles/header.css
2025-06-26 13:06:45 [http-nio-8080-exec-7] DEBUG o.s.security.web.FilterChainProxy - Secured GET /styles/header.css
2025-06-26 13:06:45 [http-nio-8080-exec-5] DEBUG o.s.s.w.c.HttpSessionSecurityContextRepository - Retrieved SecurityContextImpl [Authentication=UsernamePasswordAuthenticationToken [Principal=org.example.security.CustomUserDetails@6bd37d32, Credentials=[PROTECTED], Authenticated=true, Details=WebAuthenticationDetails [RemoteIpAddress=0:0:0:0:0:0:0:1, SessionId=0AD2A022AB8E0D8CEE4E7788D41D70A2], Granted Authorities=[ROLE_USER]]]
2025-06-26 13:06:45 [http-nio-8080-exec-7] DEBUG o.s.s.w.c.HttpSessionSecurityContextRepository - Retrieved SecurityContextImpl [Authentication=UsernamePasswordAuthenticationToken [Principal=org.example.security.CustomUserDetails@6bd37d32, Credentials=[PROTECTED], Authenticated=true, Details=WebAuthenticationDetails [RemoteIpAddress=0:0:0:0:0:0:0:1, SessionId=0AD2A022AB8E0D8CEE4E7788D41D70A2], Granted Authorities=[ROLE_USER]]]
2025-06-26 13:06:45 [http-nio-8080-exec-6] DEBUG o.s.s.w.c.HttpSessionSecurityContextRepository - Retrieved SecurityContextImpl [Authentication=UsernamePasswordAuthenticationToken [Principal=org.example.security.CustomUserDetails@6bd37d32, Credentials=[PROTECTED], Authenticated=true, Details=WebAuthenticationDetails [RemoteIpAddress=0:0:0:0:0:0:0:1, SessionId=0AD2A022AB8E0D8CEE4E7788D41D70A2], Granted Authorities=[ROLE_USER]]]
2025-06-26 13:06:45 [http-nio-8080-exec-2] DEBUG o.s.security.web.FilterChainProxy - Securing GET /styles/global.css
2025-06-26 13:06:45 [http-nio-8080-exec-4] DEBUG o.s.s.w.c.HttpSessionSecurityContextRepository - Retrieved SecurityContextImpl [Authentication=UsernamePasswordAuthenticationToken [Principal=org.example.security.CustomUserDetails@6bd37d32, Credentials=[PROTECTED], Authenticated=true, Details=WebAuthenticationDetails [RemoteIpAddress=0:0:0:0:0:0:0:1, SessionId=0AD2A022AB8E0D8CEE4E7788D41D70A2], Granted Authorities=[ROLE_USER]]]
2025-06-26 13:06:45 [http-nio-8080-exec-2] DEBUG o.s.security.web.FilterChainProxy - Secured GET /styles/global.css
2025-06-26 13:06:45 [http-nio-8080-exec-2] DEBUG o.s.s.w.c.HttpSessionSecurityContextRepository - Retrieved SecurityContextImpl [Authentication=UsernamePasswordAuthenticationToken [Principal=org.example.security.CustomUserDetails@6bd37d32, Credentials=[PROTECTED], Authenticated=true, Details=WebAuthenticationDetails [RemoteIpAddress=0:0:0:0:0:0:0:1, SessionId=0AD2A022AB8E0D8CEE4E7788D41D70A2], Granted Authorities=[ROLE_USER]]]
2025-06-26 13:07:37 [http-nio-8080-exec-6] DEBUG o.s.security.web.FilterChainProxy - Securing POST /recipe/create
2025-06-26 13:07:37 [http-nio-8080-exec-6] DEBUG o.s.security.web.csrf.CsrfFilter - Invalid CSRF token found for http://localhost:8080/culinary/recipe/create
2025-06-26 13:07:37 [http-nio-8080-exec-6] DEBUG o.s.s.w.a.AccessDeniedHandlerImpl - Responding with 403 status code
2025-06-26 13:07:37 [http-nio-8080-exec-6] DEBUG o.s.security.web.FilterChainProxy - Securing POST /error
2025-06-26 13:07:37 [http-nio-8080-exec-6] DEBUG o.s.security.web.FilterChainProxy - Secured POST /error
2025-06-26 13:07:37 [http-nio-8080-exec-6] DEBUG o.s.s.w.c.HttpSessionSecurityContextRepository - Retrieved SecurityContextImpl [Authentication=UsernamePasswordAuthenticationToken [Principal=org.example.security.CustomUserDetails@6bd37d32, Credentials=[PROTECTED], Authenticated=true, Details=WebAuthenticationDetails [RemoteIpAddress=0:0:0:0:0:0:0:1, SessionId=0AD2A022AB8E0D8CEE4E7788D41D70A2], Granted Authorities=[ROLE_USER]]]
2025-06-26 13:07:42 [http-nio-8080-exec-2] DEBUG o.s.security.web.FilterChainProxy - Securing GET /recipe/create
2025-06-26 13:07:42 [http-nio-8080-exec-2] DEBUG o.s.s.w.c.HttpSessionSecurityContextRepository - Retrieved SecurityContextImpl [Authentication=UsernamePasswordAuthenticationToken [Principal=org.example.security.CustomUserDetails@6bd37d32, Credentials=[PROTECTED], Authenticated=true, Details=WebAuthenticationDetails [RemoteIpAddress=0:0:0:0:0:0:0:1, SessionId=0AD2A022AB8E0D8CEE4E7788D41D70A2], Granted Authorities=[ROLE_USER]]]
2025-06-26 13:07:42 [http-nio-8080-exec-2] DEBUG o.s.security.web.FilterChainProxy - Secured GET /recipe/create
2025-06-26 13:07:42 [http-nio-8080-exec-2] DEBUG o.s.security.web.FilterChainProxy - Securing GET /WEB-INF/views/createRecipe.jsp
2025-06-26 13:07:42 [http-nio-8080-exec-2] DEBUG o.s.security.web.FilterChainProxy - Secured GET /WEB-INF/views/createRecipe.jsp
2025-06-26 13:07:42 [http-nio-8080-exec-9] DEBUG o.s.security.web.FilterChainProxy - Securing GET /styles/normalize.8.0.1.css
2025-06-26 13:07:42 [http-nio-8080-exec-9] DEBUG o.s.security.web.FilterChainProxy - Secured GET /styles/normalize.8.0.1.css
2025-06-26 13:07:42 [http-nio-8080-exec-3] DEBUG o.s.security.web.FilterChainProxy - Securing GET /styles/createRecipe.css
2025-06-26 13:07:42 [http-nio-8080-exec-3] DEBUG o.s.security.web.FilterChainProxy - Secured GET /styles/createRecipe.css
2025-06-26 13:07:42 [http-nio-8080-exec-8] DEBUG o.s.security.web.FilterChainProxy - Securing GET /styles/reset.css
2025-06-26 13:07:42 [http-nio-8080-exec-8] DEBUG o.s.security.web.FilterChainProxy - Secured GET /styles/reset.css
2025-06-26 13:07:42 [http-nio-8080-exec-9] DEBUG o.s.s.w.c.HttpSessionSecurityContextRepository - Retrieved SecurityContextImpl [Authentication=UsernamePasswordAuthenticationToken [Principal=org.example.security.CustomUserDetails@6bd37d32, Credentials=[PROTECTED], Authenticated=true, Details=WebAuthenticationDetails [RemoteIpAddress=0:0:0:0:0:0:0:1, SessionId=0AD2A022AB8E0D8CEE4E7788D41D70A2], Granted Authorities=[ROLE_USER]]]
2025-06-26 13:07:42 [http-nio-8080-exec-10] DEBUG o.s.security.web.FilterChainProxy - Securing GET /styles/header.css
2025-06-26 13:07:42 [http-nio-8080-exec-10] DEBUG o.s.security.web.FilterChainProxy - Secured GET /styles/header.css
2025-06-26 13:07:42 [http-nio-8080-exec-3] DEBUG o.s.s.w.c.HttpSessionSecurityContextRepository - Retrieved SecurityContextImpl [Authentication=UsernamePasswordAuthenticationToken [Principal=org.example.security.CustomUserDetails@6bd37d32, Credentials=[PROTECTED], Authenticated=true, Details=WebAuthenticationDetails [RemoteIpAddress=0:0:0:0:0:0:0:1, SessionId=0AD2A022AB8E0D8CEE4E7788D41D70A2], Granted Authorities=[ROLE_USER]]]
2025-06-26 13:07:42 [http-nio-8080-exec-8] DEBUG o.s.s.w.c.HttpSessionSecurityContextRepository - Retrieved SecurityContextImpl [Authentication=UsernamePasswordAuthenticationToken [Principal=org.example.security.CustomUserDetails@6bd37d32, Credentials=[PROTECTED], Authenticated=true, Details=WebAuthenticationDetails [RemoteIpAddress=0:0:0:0:0:0:0:1, SessionId=0AD2A022AB8E0D8CEE4E7788D41D70A2], Granted Authorities=[ROLE_USER]]]
2025-06-26 13:07:42 [http-nio-8080-exec-9] DEBUG o.s.security.web.FilterChainProxy - Securing GET /styles/footer.css
2025-06-26 13:07:42 [http-nio-8080-exec-9] DEBUG o.s.security.web.FilterChainProxy - Secured GET /styles/footer.css
2025-06-26 13:07:42 [http-nio-8080-exec-3] DEBUG o.s.security.web.FilterChainProxy - Securing GET /styles/global.css
2025-06-26 13:07:42 [http-nio-8080-exec-3] DEBUG o.s.security.web.FilterChainProxy - Secured GET /styles/global.css
2025-06-26 13:07:42 [http-nio-8080-exec-10] DEBUG o.s.s.w.c.HttpSessionSecurityContextRepository - Retrieved SecurityContextImpl [Authentication=UsernamePasswordAuthenticationToken [Principal=org.example.security.CustomUserDetails@6bd37d32, Credentials=[PROTECTED], Authenticated=true, Details=WebAuthenticationDetails [RemoteIpAddress=0:0:0:0:0:0:0:1, SessionId=0AD2A022AB8E0D8CEE4E7788D41D70A2], Granted Authorities=[ROLE_USER]]]
2025-06-26 13:07:42 [http-nio-8080-exec-9] DEBUG o.s.s.w.c.HttpSessionSecurityContextRepository - Retrieved SecurityContextImpl [Authentication=UsernamePasswordAuthenticationToken [Principal=org.example.security.CustomUserDetails@6bd37d32, Credentials=[PROTECTED], Authenticated=true, Details=WebAuthenticationDetails [RemoteIpAddress=0:0:0:0:0:0:0:1, SessionId=0AD2A022AB8E0D8CEE4E7788D41D70A2], Granted Authorities=[ROLE_USER]]]
2025-06-26 13:07:42 [http-nio-8080-exec-3] DEBUG o.s.s.w.c.HttpSessionSecurityContextRepository - Retrieved SecurityContextImpl [Authentication=UsernamePasswordAuthenticationToken [Principal=org.example.security.CustomUserDetails@6bd37d32, Credentials=[PROTECTED], Authenticated=true, Details=WebAuthenticationDetails [RemoteIpAddress=0:0:0:0:0:0:0:1, SessionId=0AD2A022AB8E0D8CEE4E7788D41D70A2], Granted Authorities=[ROLE_USER]]]
2025-06-26 13:08:38 [http-nio-8080-exec-10] DEBUG o.s.security.web.FilterChainProxy - Securing POST /recipe/create
2025-06-26 13:08:38 [http-nio-8080-exec-10] DEBUG o.s.security.web.csrf.CsrfFilter - Invalid CSRF token found for http://localhost:8080/culinary/recipe/create
2025-06-26 13:08:38 [http-nio-8080-exec-10] DEBUG o.s.s.w.a.AccessDeniedHandlerImpl - Responding with 403 status code
2025-06-26 13:08:38 [http-nio-8080-exec-10] DEBUG o.s.security.web.FilterChainProxy - Securing POST /error
2025-06-26 13:08:38 [http-nio-8080-exec-10] DEBUG o.s.security.web.FilterChainProxy - Secured POST /error
2025-06-26 13:08:38 [http-nio-8080-exec-10] DEBUG o.s.s.w.c.HttpSessionSecurityContextRepository - Retrieved SecurityContextImpl [Authentication=UsernamePasswordAuthenticationToken [Principal=org.example.security.CustomUserDetails@6bd37d32, Credentials=[PROTECTED], Authenticated=true, Details=WebAuthenticationDetails [RemoteIpAddress=0:0:0:0:0:0:0:1, SessionId=0AD2A022AB8E0D8CEE4E7788D41D70A2], Granted Authorities=[ROLE_USER]]]
2025-06-26 13:08:41 [http-nio-8080-exec-9] DEBUG o.s.security.web.FilterChainProxy - Securing GET /recipe/create
2025-06-26 13:08:41 [http-nio-8080-exec-9] DEBUG o.s.s.w.c.HttpSessionSecurityContextRepository - Retrieved SecurityContextImpl [Authentication=UsernamePasswordAuthenticationToken [Principal=org.example.security.CustomUserDetails@6bd37d32, Credentials=[PROTECTED], Authenticated=true, Details=WebAuthenticationDetails [RemoteIpAddress=0:0:0:0:0:0:0:1, SessionId=0AD2A022AB8E0D8CEE4E7788D41D70A2], Granted Authorities=[ROLE_USER]]]
2025-06-26 13:08:41 [http-nio-8080-exec-9] DEBUG o.s.security.web.FilterChainProxy - Secured GET /recipe/create
2025-06-26 13:08:41 [http-nio-8080-exec-9] DEBUG o.s.security.web.FilterChainProxy - Securing GET /WEB-INF/views/createRecipe.jsp
2025-06-26 13:08:41 [http-nio-8080-exec-9] DEBUG o.s.security.web.FilterChainProxy - Secured GET /WEB-INF/views/createRecipe.jsp
2025-06-26 13:08:41 [http-nio-8080-exec-7] DEBUG o.s.security.web.FilterChainProxy - Securing GET /styles/normalize.8.0.1.css
2025-06-26 13:08:41 [http-nio-8080-exec-7] DEBUG o.s.security.web.FilterChainProxy - Secured GET /styles/normalize.8.0.1.css
2025-06-26 13:08:41 [http-nio-8080-exec-3] DEBUG o.s.security.web.FilterChainProxy - Securing GET /styles/reset.css
2025-06-26 13:08:41 [http-nio-8080-exec-3] DEBUG o.s.security.web.FilterChainProxy - Secured GET /styles/reset.css
2025-06-26 13:08:41 [http-nio-8080-exec-1] DEBUG o.s.security.web.FilterChainProxy - Securing GET /styles/header.css
2025-06-26 13:08:41 [http-nio-8080-exec-1] DEBUG o.s.security.web.FilterChainProxy - Secured GET /styles/header.css
2025-06-26 13:08:41 [http-nio-8080-exec-3] DEBUG o.s.s.w.c.HttpSessionSecurityContextRepository - Retrieved SecurityContextImpl [Authentication=UsernamePasswordAuthenticationToken [Principal=org.example.security.CustomUserDetails@6bd37d32, Credentials=[PROTECTED], Authenticated=true, Details=WebAuthenticationDetails [RemoteIpAddress=0:0:0:0:0:0:0:1, SessionId=0AD2A022AB8E0D8CEE4E7788D41D70A2], Granted Authorities=[ROLE_USER]]]
2025-06-26 13:08:41 [http-nio-8080-exec-6] DEBUG o.s.security.web.FilterChainProxy - Securing GET /styles/footer.css
2025-06-26 13:08:41 [http-nio-8080-exec-6] DEBUG o.s.security.web.FilterChainProxy - Secured GET /styles/footer.css
2025-06-26 13:08:41 [http-nio-8080-exec-7] DEBUG o.s.s.w.c.HttpSessionSecurityContextRepository - Retrieved SecurityContextImpl [Authentication=UsernamePasswordAuthenticationToken [Principal=org.example.security.CustomUserDetails@6bd37d32, Credentials=[PROTECTED], Authenticated=true, Details=WebAuthenticationDetails [RemoteIpAddress=0:0:0:0:0:0:0:1, SessionId=0AD2A022AB8E0D8CEE4E7788D41D70A2], Granted Authorities=[ROLE_USER]]]
2025-06-26 13:08:41 [http-nio-8080-exec-3] DEBUG o.s.security.web.FilterChainProxy - Securing GET /styles/global.css
2025-06-26 13:08:41 [http-nio-8080-exec-3] DEBUG o.s.security.web.FilterChainProxy - Secured GET /styles/global.css
2025-06-26 13:08:41 [http-nio-8080-exec-1] DEBUG o.s.s.w.c.HttpSessionSecurityContextRepository - Retrieved SecurityContextImpl [Authentication=UsernamePasswordAuthenticationToken [Principal=org.example.security.CustomUserDetails@6bd37d32, Credentials=[PROTECTED], Authenticated=true, Details=WebAuthenticationDetails [RemoteIpAddress=0:0:0:0:0:0:0:1, SessionId=0AD2A022AB8E0D8CEE4E7788D41D70A2], Granted Authorities=[ROLE_USER]]]
2025-06-26 13:08:41 [http-nio-8080-exec-4] DEBUG o.s.security.web.FilterChainProxy - Securing GET /styles/createRecipe.css
2025-06-26 13:08:41 [http-nio-8080-exec-4] DEBUG o.s.security.web.FilterChainProxy - Secured GET /styles/createRecipe.css
2025-06-26 13:08:41 [http-nio-8080-exec-6] DEBUG o.s.s.w.c.HttpSessionSecurityContextRepository - Retrieved SecurityContextImpl [Authentication=UsernamePasswordAuthenticationToken [Principal=org.example.security.CustomUserDetails@6bd37d32, Credentials=[PROTECTED], Authenticated=true, Details=WebAuthenticationDetails [RemoteIpAddress=0:0:0:0:0:0:0:1, SessionId=0AD2A022AB8E0D8CEE4E7788D41D70A2], Granted Authorities=[ROLE_USER]]]
2025-06-26 13:08:41 [http-nio-8080-exec-3] DEBUG o.s.s.w.c.HttpSessionSecurityContextRepository - Retrieved SecurityContextImpl [Authentication=UsernamePasswordAuthenticationToken [Principal=org.example.security.CustomUserDetails@6bd37d32, Credentials=[PROTECTED], Authenticated=true, Details=WebAuthenticationDetails [RemoteIpAddress=0:0:0:0:0:0:0:1, SessionId=0AD2A022AB8E0D8CEE4E7788D41D70A2], Granted Authorities=[ROLE_USER]]]
2025-06-26 13:08:41 [http-nio-8080-exec-4] DEBUG o.s.s.w.c.HttpSessionSecurityContextRepository - Retrieved SecurityContextImpl [Authentication=UsernamePasswordAuthenticationToken [Principal=org.example.security.CustomUserDetails@6bd37d32, Credentials=[PROTECTED], Authenticated=true, Details=WebAuthenticationDetails [RemoteIpAddress=0:0:0:0:0:0:0:1, SessionId=0AD2A022AB8E0D8CEE4E7788D41D70A2], Granted Authorities=[ROLE_USER]]]
2025-06-26 13:08:58 [http-nio-8080-exec-2] DEBUG o.s.security.web.FilterChainProxy - Securing POST /recipe/create
2025-06-26 13:08:58 [http-nio-8080-exec-2] DEBUG o.s.security.web.csrf.CsrfFilter - Invalid CSRF token found for http://localhost:8080/culinary/recipe/create
2025-06-26 13:08:58 [http-nio-8080-exec-2] DEBUG o.s.s.w.a.AccessDeniedHandlerImpl - Responding with 403 status code
2025-06-26 13:08:58 [http-nio-8080-exec-2] DEBUG o.s.security.web.FilterChainProxy - Securing POST /error
2025-06-26 13:08:58 [http-nio-8080-exec-2] DEBUG o.s.security.web.FilterChainProxy - Secured POST /error
2025-06-26 13:08:58 [http-nio-8080-exec-2] DEBUG o.s.s.w.c.HttpSessionSecurityContextRepository - Retrieved SecurityContextImpl [Authentication=UsernamePasswordAuthenticationToken [Principal=org.example.security.CustomUserDetails@6bd37d32, Credentials=[PROTECTED], Authenticated=true, Details=WebAuthenticationDetails [RemoteIpAddress=0:0:0:0:0:0:0:1, SessionId=0AD2A022AB8E0D8CEE4E7788D41D70A2], Granted Authorities=[ROLE_USER]]]
2025-06-26 13:09:00 [http-nio-8080-exec-6] DEBUG o.s.security.web.FilterChainProxy - Securing GET /recipe/create
2025-06-26 13:09:00 [http-nio-8080-exec-6] DEBUG o.s.s.w.c.HttpSessionSecurityContextRepository - Retrieved SecurityContextImpl [Authentication=UsernamePasswordAuthenticationToken [Principal=org.example.security.CustomUserDetails@6bd37d32, Credentials=[PROTECTED], Authenticated=true, Details=WebAuthenticationDetails [RemoteIpAddress=0:0:0:0:0:0:0:1, SessionId=0AD2A022AB8E0D8CEE4E7788D41D70A2], Granted Authorities=[ROLE_USER]]]
2025-06-26 13:09:00 [http-nio-8080-exec-6] DEBUG o.s.security.web.FilterChainProxy - Secured GET /recipe/create
2025-06-26 13:09:00 [http-nio-8080-exec-6] DEBUG o.s.security.web.FilterChainProxy - Securing GET /WEB-INF/views/createRecipe.jsp
2025-06-26 13:09:00 [http-nio-8080-exec-6] DEBUG o.s.security.web.FilterChainProxy - Secured GET /WEB-INF/views/createRecipe.jsp
2025-06-26 13:09:00 [http-nio-8080-exec-3] DEBUG o.s.security.web.FilterChainProxy - Securing GET /styles/normalize.8.0.1.css
2025-06-26 13:09:00 [http-nio-8080-exec-3] DEBUG o.s.security.web.FilterChainProxy - Secured GET /styles/normalize.8.0.1.css
2025-06-26 13:09:00 [http-nio-8080-exec-3] DEBUG o.s.s.w.c.HttpSessionSecurityContextRepository - Retrieved SecurityContextImpl [Authentication=UsernamePasswordAuthenticationToken [Principal=org.example.security.CustomUserDetails@6bd37d32, Credentials=[PROTECTED], Authenticated=true, Details=WebAuthenticationDetails [RemoteIpAddress=0:0:0:0:0:0:0:1, SessionId=0AD2A022AB8E0D8CEE4E7788D41D70A2], Granted Authorities=[ROLE_USER]]]
2025-06-26 13:09:00 [http-nio-8080-exec-3] DEBUG o.s.security.web.FilterChainProxy - Securing GET /styles/reset.css
2025-06-26 13:09:00 [http-nio-8080-exec-3] DEBUG o.s.security.web.FilterChainProxy - Secured GET /styles/reset.css
2025-06-26 13:09:00 [http-nio-8080-exec-5] DEBUG o.s.security.web.FilterChainProxy - Securing GET /styles/createRecipe.css
2025-06-26 13:09:00 [http-nio-8080-exec-8] DEBUG o.s.security.web.FilterChainProxy - Securing GET /styles/footer.css
2025-06-26 13:09:00 [http-nio-8080-exec-5] DEBUG o.s.security.web.FilterChainProxy - Secured GET /styles/createRecipe.css
2025-06-26 13:09:00 [http-nio-8080-exec-8] DEBUG o.s.security.web.FilterChainProxy - Secured GET /styles/footer.css
2025-06-26 13:09:00 [http-nio-8080-exec-8] DEBUG o.s.s.w.c.HttpSessionSecurityContextRepository - Retrieved SecurityContextImpl [Authentication=UsernamePasswordAuthenticationToken [Principal=org.example.security.CustomUserDetails@6bd37d32, Credentials=[PROTECTED], Authenticated=true, Details=WebAuthenticationDetails [RemoteIpAddress=0:0:0:0:0:0:0:1, SessionId=0AD2A022AB8E0D8CEE4E7788D41D70A2], Granted Authorities=[ROLE_USER]]]
2025-06-26 13:09:00 [http-nio-8080-exec-3] DEBUG o.s.s.w.c.HttpSessionSecurityContextRepository - Retrieved SecurityContextImpl [Authentication=UsernamePasswordAuthenticationToken [Principal=org.example.security.CustomUserDetails@6bd37d32, Credentials=[PROTECTED], Authenticated=true, Details=WebAuthenticationDetails [RemoteIpAddress=0:0:0:0:0:0:0:1, SessionId=0AD2A022AB8E0D8CEE4E7788D41D70A2], Granted Authorities=[ROLE_USER]]]
2025-06-26 13:09:00 [http-nio-8080-exec-5] DEBUG o.s.s.w.c.HttpSessionSecurityContextRepository - Retrieved SecurityContextImpl [Authentication=UsernamePasswordAuthenticationToken [Principal=org.example.security.CustomUserDetails@6bd37d32, Credentials=[PROTECTED], Authenticated=true, Details=WebAuthenticationDetails [RemoteIpAddress=0:0:0:0:0:0:0:1, SessionId=0AD2A022AB8E0D8CEE4E7788D41D70A2], Granted Authorities=[ROLE_USER]]]
2025-06-26 13:09:00 [http-nio-8080-exec-10] DEBUG o.s.security.web.FilterChainProxy - Securing GET /styles/header.css
2025-06-26 13:09:00 [http-nio-8080-exec-9] DEBUG o.s.security.web.FilterChainProxy - Securing GET /styles/global.css
2025-06-26 13:09:00 [http-nio-8080-exec-10] DEBUG o.s.security.web.FilterChainProxy - Secured GET /styles/header.css
2025-06-26 13:09:00 [http-nio-8080-exec-9] DEBUG o.s.security.web.FilterChainProxy - Secured GET /styles/global.css
2025-06-26 13:09:00 [http-nio-8080-exec-9] DEBUG o.s.s.w.c.HttpSessionSecurityContextRepository - Retrieved SecurityContextImpl [Authentication=UsernamePasswordAuthenticationToken [Principal=org.example.security.CustomUserDetails@6bd37d32, Credentials=[PROTECTED], Authenticated=true, Details=WebAuthenticationDetails [RemoteIpAddress=0:0:0:0:0:0:0:1, SessionId=0AD2A022AB8E0D8CEE4E7788D41D70A2], Granted Authorities=[ROLE_USER]]]
2025-06-26 13:09:00 [http-nio-8080-exec-10] DEBUG o.s.s.w.c.HttpSessionSecurityContextRepository - Retrieved SecurityContextImpl [Authentication=UsernamePasswordAuthenticationToken [Principal=org.example.security.CustomUserDetails@6bd37d32, Credentials=[PROTECTED], Authenticated=true, Details=WebAuthenticationDetails [RemoteIpAddress=0:0:0:0:0:0:0:1, SessionId=0AD2A022AB8E0D8CEE4E7788D41D70A2], Granted Authorities=[ROLE_USER]]]
2025-06-26 13:15:35 [SpringApplicationShutdownHook] INFO  com.zaxxer.hikari.HikariDataSource - HikariPool-1 - Shutdown initiated...
2025-06-26 13:15:35 [SpringApplicationShutdownHook] INFO  com.zaxxer.hikari.HikariDataSource - HikariPool-1 - Shutdown completed.
2025-06-26 13:15:36 [main] INFO  o.e.CulinaryExchangeApplication - Starting CulinaryExchangeApplication using Java 21.0.7 with PID 54272 (/Users/pro/IdeaProjects/culinaryExchangeS2/CulinaryService/target/classes started by pro in /Users/pro/IdeaProjects/culinaryExchangeS2/CulinaryService)
2025-06-26 13:15:36 [main] DEBUG o.e.CulinaryExchangeApplication - Running with Spring Boot v3.3.0, Spring v6.1.8
2025-06-26 13:15:36 [main] INFO  o.e.CulinaryExchangeApplication - No active profile set, falling back to 1 default profile: "default"
2025-06-26 13:15:36 [main] INFO  o.a.catalina.core.StandardService - Starting service [Tomcat]
2025-06-26 13:15:36 [main] INFO  o.a.catalina.core.StandardEngine - Starting Servlet engine: [Apache Tomcat/10.1.24]
2025-06-26 13:15:36 [main] INFO  o.apache.jasper.servlet.TldScanner - At least one JAR was scanned for TLDs yet contained no TLDs. Enable debug logging for this logger for a complete list of JARs that were scanned but no TLDs were found in them. Skipping unneeded JARs during scanning can improve startup time and JSP compilation time.
2025-06-26 13:15:36 [main] INFO  o.a.c.c.C.[.[localhost].[/culinary] - Initializing Spring embedded WebApplicationContext
2025-06-26 13:15:36 [main] INFO  com.zaxxer.hikari.HikariDataSource - HikariPool-1 - Starting...
2025-06-26 13:15:36 [main] INFO  com.zaxxer.hikari.pool.HikariPool - HikariPool-1 - Added connection org.postgresql.jdbc.PgConnection@267ff4df
2025-06-26 13:15:36 [main] INFO  com.zaxxer.hikari.HikariDataSource - HikariPool-1 - Start completed.
2025-06-26 13:15:36 [main] INFO  org.flywaydb.core.FlywayExecutor - Database: jdbc:postgresql://localhost:5432/culinaryExchangeS2 (PostgreSQL 17.1)
2025-06-26 13:15:36 [main] WARN  o.f.c.i.database.base.Database - Flyway upgrade recommended: PostgreSQL 17.1 is newer than this version of Flyway and support has not been tested. The latest supported version of PostgreSQL is 16.
2025-06-26 13:15:36 [main] INFO  o.f.core.internal.command.DbValidate - Successfully validated 1 migration (execution time 00:00.010s)
2025-06-26 13:15:36 [main] INFO  o.f.core.internal.command.DbMigrate - Current version of schema "public": 1
2025-06-26 13:15:36 [main] INFO  o.f.core.internal.command.DbMigrate - Schema "public" is up to date. No migration necessary.
2025-06-26 13:15:36 [main] INFO  o.h.jpa.internal.util.LogHelper - HHH000204: Processing PersistenceUnitInfo [name: default]
2025-06-26 13:15:36 [main] INFO  org.hibernate.Version - HHH000412: Hibernate ORM core version 6.5.2.Final
2025-06-26 13:15:36 [main] INFO  o.h.c.i.RegionFactoryInitiator - HHH000026: Second-level cache disabled
2025-06-26 13:15:37 [main] WARN  org.hibernate.orm.deprecation - HHH90000025: PostgreSQLDialect does not need to be specified explicitly using 'hibernate.dialect' (remove the property setting and it will be selected by default)
2025-06-26 13:15:37 [main] INFO  o.h.e.t.j.p.i.JtaPlatformInitiator - HHH000489: No JTA platform available (set 'hibernate.transaction.jta.platform' to enable JTA platform integration)
2025-06-26 13:15:37 [main] WARN  o.s.b.a.o.j.JpaBaseConfiguration$JpaWebConfiguration - spring.jpa.open-in-view is enabled by default. Therefore, database queries may be performed during view rendering. Explicitly configure spring.jpa.open-in-view to disable this warning
2025-06-26 13:15:37 [main] INFO  o.s.s.web.DefaultSecurityFilterChain - Will secure any request with [org.springframework.security.web.session.DisableEncodeUrlFilter@58da1b27, org.springframework.security.web.context.request.async.WebAsyncManagerIntegrationFilter@347c6044, org.springframework.security.web.context.SecurityContextHolderFilter@241b5364, org.springframework.security.web.header.HeaderWriterFilter@58e48d9, org.springframework.web.filter.CorsFilter@154bc3cf, org.springframework.security.web.csrf.CsrfFilter@5dcf8b37, org.springframework.security.web.authentication.logout.LogoutFilter@3ca1f0a4, org.springframework.security.web.authentication.UsernamePasswordAuthenticationFilter@40889699, org.springframework.security.web.savedrequest.RequestCacheAwareFilter@203f929, org.springframework.security.web.servletapi.SecurityContextHolderAwareRequestFilter@59bcab83, org.springframework.security.web.authentication.AnonymousAuthenticationFilter@210d1b45, org.springframework.security.web.access.ExceptionTranslationFilter@29296e7, org.springframework.security.web.access.intercept.AuthorizationFilter@2fea162a]
2025-06-26 13:15:38 [main] INFO  o.e.CulinaryExchangeApplication - Started CulinaryExchangeApplication in 2.07 seconds (process running for 2.299)
2025-06-26 13:15:41 [http-nio-8080-exec-1] INFO  o.a.c.c.C.[.[localhost].[/culinary] - Initializing Spring DispatcherServlet 'dispatcherServlet'
2025-06-26 13:15:41 [http-nio-8080-exec-1] DEBUG o.s.security.web.FilterChainProxy - Securing GET /recipe/create
2025-06-26 13:15:41 [http-nio-8080-exec-1] DEBUG o.s.s.w.a.AnonymousAuthenticationFilter - Set SecurityContextHolder to anonymous SecurityContext
2025-06-26 13:15:41 [http-nio-8080-exec-1] DEBUG o.s.s.w.s.HttpSessionRequestCache - Saved request http://localhost:8080/culinary/recipe/create?continue to session
2025-06-26 13:15:41 [http-nio-8080-exec-1] DEBUG o.s.s.web.DefaultRedirectStrategy - Redirecting to http://localhost:8080/culinary/login
2025-06-26 13:15:41 [http-nio-8080-exec-2] DEBUG o.s.security.web.FilterChainProxy - Securing GET /login
2025-06-26 13:15:41 [http-nio-8080-exec-2] DEBUG o.s.security.web.FilterChainProxy - Secured GET /login
2025-06-26 13:15:41 [http-nio-8080-exec-2] DEBUG o.s.security.web.FilterChainProxy - Securing GET /WEB-INF/views/login.jsp
2025-06-26 13:15:41 [http-nio-8080-exec-2] DEBUG o.s.security.web.FilterChainProxy - Secured GET /WEB-INF/views/login.jsp
2025-06-26 13:15:41 [http-nio-8080-exec-2] DEBUG o.s.s.w.a.AnonymousAuthenticationFilter - Set SecurityContextHolder to anonymous SecurityContext
2025-06-26 13:15:41 [http-nio-8080-exec-3] DEBUG o.s.security.web.FilterChainProxy - Securing GET /styles/normalize.8.0.1.css
2025-06-26 13:15:41 [http-nio-8080-exec-3] DEBUG o.s.security.web.FilterChainProxy - Secured GET /styles/normalize.8.0.1.css
2025-06-26 13:15:41 [http-nio-8080-exec-7] DEBUG o.s.security.web.FilterChainProxy - Securing GET /styles/global.css
2025-06-26 13:15:41 [http-nio-8080-exec-7] DEBUG o.s.security.web.FilterChainProxy - Secured GET /styles/global.css
2025-06-26 13:15:41 [http-nio-8080-exec-5] DEBUG o.s.security.web.FilterChainProxy - Securing GET /styles/login.css
2025-06-26 13:15:41 [http-nio-8080-exec-5] DEBUG o.s.security.web.FilterChainProxy - Secured GET /styles/login.css
2025-06-26 13:15:41 [http-nio-8080-exec-8] DEBUG o.s.security.web.FilterChainProxy - Securing GET /styles/footer.css
2025-06-26 13:15:41 [http-nio-8080-exec-4] DEBUG o.s.security.web.FilterChainProxy - Securing GET /styles/reset.css
2025-06-26 13:15:41 [http-nio-8080-exec-8] DEBUG o.s.security.web.FilterChainProxy - Secured GET /styles/footer.css
2025-06-26 13:15:41 [http-nio-8080-exec-6] DEBUG o.s.security.web.FilterChainProxy - Securing GET /styles/header.css
2025-06-26 13:15:41 [http-nio-8080-exec-4] DEBUG o.s.security.web.FilterChainProxy - Secured GET /styles/reset.css
2025-06-26 13:15:41 [http-nio-8080-exec-6] DEBUG o.s.security.web.FilterChainProxy - Secured GET /styles/header.css
2025-06-26 13:15:41 [http-nio-8080-exec-6] DEBUG o.s.s.w.a.AnonymousAuthenticationFilter - Set SecurityContextHolder to anonymous SecurityContext
2025-06-26 13:15:41 [http-nio-8080-exec-8] DEBUG o.s.s.w.a.AnonymousAuthenticationFilter - Set SecurityContextHolder to anonymous SecurityContext
2025-06-26 13:15:41 [http-nio-8080-exec-7] DEBUG o.s.s.w.a.AnonymousAuthenticationFilter - Set SecurityContextHolder to anonymous SecurityContext
2025-06-26 13:15:41 [http-nio-8080-exec-3] DEBUG o.s.s.w.a.AnonymousAuthenticationFilter - Set SecurityContextHolder to anonymous SecurityContext
2025-06-26 13:15:41 [http-nio-8080-exec-4] DEBUG o.s.s.w.a.AnonymousAuthenticationFilter - Set SecurityContextHolder to anonymous SecurityContext
2025-06-26 13:15:41 [http-nio-8080-exec-5] DEBUG o.s.s.w.a.AnonymousAuthenticationFilter - Set SecurityContextHolder to anonymous SecurityContext
2025-06-26 13:15:45 [http-nio-8080-exec-7] DEBUG o.s.security.web.FilterChainProxy - Securing POST /login
2025-06-26 13:15:45 [http-nio-8080-exec-7] DEBUG o.s.s.a.d.DaoAuthenticationProvider - Authenticated user
2025-06-26 13:15:45 [http-nio-8080-exec-7] DEBUG o.s.s.w.a.s.ChangeSessionIdAuthenticationStrategy - Changed session id from 117AD4ED80CF43668FF487B8A644325C
2025-06-26 13:15:45 [http-nio-8080-exec-7] DEBUG o.s.s.w.c.CsrfAuthenticationStrategy - Replaced CSRF Token
2025-06-26 13:15:45 [http-nio-8080-exec-7] DEBUG o.s.s.w.c.HttpSessionSecurityContextRepository - Stored SecurityContextImpl [Authentication=UsernamePasswordAuthenticationToken [Principal=org.example.security.CustomUserDetails@237a3b5b, Credentials=[PROTECTED], Authenticated=true, Details=WebAuthenticationDetails [RemoteIpAddress=0:0:0:0:0:0:0:1, SessionId=117AD4ED80CF43668FF487B8A644325C], Granted Authorities=[ROLE_USER]]] to HttpSession [org.apache.catalina.session.StandardSessionFacade@4ddb7ff8]
2025-06-26 13:15:45 [http-nio-8080-exec-7] DEBUG o.s.s.w.a.UsernamePasswordAuthenticationFilter - Set SecurityContextHolder to UsernamePasswordAuthenticationToken [Principal=org.example.security.CustomUserDetails@237a3b5b, Credentials=[PROTECTED], Authenticated=true, Details=WebAuthenticationDetails [RemoteIpAddress=0:0:0:0:0:0:0:1, SessionId=117AD4ED80CF43668FF487B8A644325C], Granted Authorities=[ROLE_USER]]
2025-06-26 13:15:45 [http-nio-8080-exec-7] DEBUG o.s.s.web.DefaultRedirectStrategy - Redirecting to http://localhost:8080/culinary/recipe/create?continue
2025-06-26 13:15:45 [http-nio-8080-exec-3] DEBUG o.s.security.web.FilterChainProxy - Securing GET /recipe/create?continue
2025-06-26 13:15:45 [http-nio-8080-exec-3] DEBUG o.s.s.w.s.HttpSessionRequestCache - Loaded matching saved request http://localhost:8080/culinary/recipe/create?continue
2025-06-26 13:15:45 [http-nio-8080-exec-3] DEBUG o.s.s.w.c.HttpSessionSecurityContextRepository - Retrieved SecurityContextImpl [Authentication=UsernamePasswordAuthenticationToken [Principal=org.example.security.CustomUserDetails@237a3b5b, Credentials=[PROTECTED], Authenticated=true, Details=WebAuthenticationDetails [RemoteIpAddress=0:0:0:0:0:0:0:1, SessionId=117AD4ED80CF43668FF487B8A644325C], Granted Authorities=[ROLE_USER]]]
2025-06-26 13:15:45 [http-nio-8080-exec-3] DEBUG o.s.security.web.FilterChainProxy - Secured GET /recipe/create?continue
2025-06-26 13:15:45 [http-nio-8080-exec-3] DEBUG o.s.security.web.FilterChainProxy - Securing GET /WEB-INF/views/createRecipe.jsp?continue
2025-06-26 13:15:45 [http-nio-8080-exec-3] DEBUG o.s.security.web.FilterChainProxy - Secured GET /WEB-INF/views/createRecipe.jsp?continue
2025-06-26 13:15:45 [http-nio-8080-exec-4] DEBUG o.s.security.web.FilterChainProxy - Securing GET /styles/normalize.8.0.1.css
2025-06-26 13:15:45 [http-nio-8080-exec-4] DEBUG o.s.security.web.FilterChainProxy - Secured GET /styles/normalize.8.0.1.css
2025-06-26 13:15:45 [http-nio-8080-exec-5] DEBUG o.s.security.web.FilterChainProxy - Securing GET /styles/reset.css
2025-06-26 13:15:45 [http-nio-8080-exec-4] DEBUG o.s.s.w.c.HttpSessionSecurityContextRepository - Retrieved SecurityContextImpl [Authentication=UsernamePasswordAuthenticationToken [Principal=org.example.security.CustomUserDetails@237a3b5b, Credentials=[PROTECTED], Authenticated=true, Details=WebAuthenticationDetails [RemoteIpAddress=0:0:0:0:0:0:0:1, SessionId=117AD4ED80CF43668FF487B8A644325C], Granted Authorities=[ROLE_USER]]]
2025-06-26 13:15:45 [http-nio-8080-exec-5] DEBUG o.s.security.web.FilterChainProxy - Secured GET /styles/reset.css
2025-06-26 13:15:45 [http-nio-8080-exec-9] DEBUG o.s.security.web.FilterChainProxy - Securing GET /styles/createRecipe.css
2025-06-26 13:15:45 [http-nio-8080-exec-9] DEBUG o.s.security.web.FilterChainProxy - Secured GET /styles/createRecipe.css
2025-06-26 13:15:45 [http-nio-8080-exec-1] DEBUG o.s.security.web.FilterChainProxy - Securing GET /styles/footer.css
2025-06-26 13:15:45 [http-nio-8080-exec-6] DEBUG o.s.security.web.FilterChainProxy - Securing GET /styles/global.css
2025-06-26 13:15:45 [http-nio-8080-exec-1] DEBUG o.s.security.web.FilterChainProxy - Secured GET /styles/footer.css
2025-06-26 13:15:45 [http-nio-8080-exec-10] DEBUG o.s.security.web.FilterChainProxy - Securing GET /styles/header.css
2025-06-26 13:15:45 [http-nio-8080-exec-5] DEBUG o.s.s.w.c.HttpSessionSecurityContextRepository - Retrieved SecurityContextImpl [Authentication=UsernamePasswordAuthenticationToken [Principal=org.example.security.CustomUserDetails@237a3b5b, Credentials=[PROTECTED], Authenticated=true, Details=WebAuthenticationDetails [RemoteIpAddress=0:0:0:0:0:0:0:1, SessionId=117AD4ED80CF43668FF487B8A644325C], Granted Authorities=[ROLE_USER]]]
2025-06-26 13:15:45 [http-nio-8080-exec-10] DEBUG o.s.security.web.FilterChainProxy - Secured GET /styles/header.css
2025-06-26 13:15:45 [http-nio-8080-exec-6] DEBUG o.s.security.web.FilterChainProxy - Secured GET /styles/global.css
2025-06-26 13:15:45 [http-nio-8080-exec-9] DEBUG o.s.s.w.c.HttpSessionSecurityContextRepository - Retrieved SecurityContextImpl [Authentication=UsernamePasswordAuthenticationToken [Principal=org.example.security.CustomUserDetails@237a3b5b, Credentials=[PROTECTED], Authenticated=true, Details=WebAuthenticationDetails [RemoteIpAddress=0:0:0:0:0:0:0:1, SessionId=117AD4ED80CF43668FF487B8A644325C], Granted Authorities=[ROLE_USER]]]
2025-06-26 13:15:45 [http-nio-8080-exec-10] DEBUG o.s.s.w.c.HttpSessionSecurityContextRepository - Retrieved SecurityContextImpl [Authentication=UsernamePasswordAuthenticationToken [Principal=org.example.security.CustomUserDetails@237a3b5b, Credentials=[PROTECTED], Authenticated=true, Details=WebAuthenticationDetails [RemoteIpAddress=0:0:0:0:0:0:0:1, SessionId=117AD4ED80CF43668FF487B8A644325C], Granted Authorities=[ROLE_USER]]]
2025-06-26 13:15:45 [http-nio-8080-exec-6] DEBUG o.s.s.w.c.HttpSessionSecurityContextRepository - Retrieved SecurityContextImpl [Authentication=UsernamePasswordAuthenticationToken [Principal=org.example.security.CustomUserDetails@237a3b5b, Credentials=[PROTECTED], Authenticated=true, Details=WebAuthenticationDetails [RemoteIpAddress=0:0:0:0:0:0:0:1, SessionId=117AD4ED80CF43668FF487B8A644325C], Granted Authorities=[ROLE_USER]]]
2025-06-26 13:15:45 [http-nio-8080-exec-1] DEBUG o.s.s.w.c.HttpSessionSecurityContextRepository - Retrieved SecurityContextImpl [Authentication=UsernamePasswordAuthenticationToken [Principal=org.example.security.CustomUserDetails@237a3b5b, Credentials=[PROTECTED], Authenticated=true, Details=WebAuthenticationDetails [RemoteIpAddress=0:0:0:0:0:0:0:1, SessionId=117AD4ED80CF43668FF487B8A644325C], Granted Authorities=[ROLE_USER]]]
2025-06-26 13:16:02 [http-nio-8080-exec-9] DEBUG o.s.security.web.FilterChainProxy - Securing POST /recipe/create
2025-06-26 13:16:02 [http-nio-8080-exec-9] DEBUG o.s.security.web.csrf.CsrfFilter - Invalid CSRF token found for http://localhost:8080/culinary/recipe/create
2025-06-26 13:16:02 [http-nio-8080-exec-9] DEBUG o.s.s.w.a.AccessDeniedHandlerImpl - Responding with 403 status code
2025-06-26 13:16:02 [http-nio-8080-exec-9] DEBUG o.s.security.web.FilterChainProxy - Securing POST /error
2025-06-26 13:16:02 [http-nio-8080-exec-9] DEBUG o.s.security.web.FilterChainProxy - Secured POST /error
2025-06-26 13:16:02 [http-nio-8080-exec-9] DEBUG o.s.s.w.c.HttpSessionSecurityContextRepository - Retrieved SecurityContextImpl [Authentication=UsernamePasswordAuthenticationToken [Principal=org.example.security.CustomUserDetails@237a3b5b, Credentials=[PROTECTED], Authenticated=true, Details=WebAuthenticationDetails [RemoteIpAddress=0:0:0:0:0:0:0:1, SessionId=117AD4ED80CF43668FF487B8A644325C], Granted Authorities=[ROLE_USER]]]
2025-06-26 13:18:24 [http-nio-8080-exec-1] DEBUG o.s.security.web.FilterChainProxy - Securing GET /recipe/create?continue
2025-06-26 13:18:24 [http-nio-8080-exec-1] DEBUG o.s.s.w.c.HttpSessionSecurityContextRepository - Retrieved SecurityContextImpl [Authentication=UsernamePasswordAuthenticationToken [Principal=org.example.security.CustomUserDetails@237a3b5b, Credentials=[PROTECTED], Authenticated=true, Details=WebAuthenticationDetails [RemoteIpAddress=0:0:0:0:0:0:0:1, SessionId=117AD4ED80CF43668FF487B8A644325C], Granted Authorities=[ROLE_USER]]]
2025-06-26 13:18:24 [http-nio-8080-exec-1] DEBUG o.s.security.web.FilterChainProxy - Secured GET /recipe/create?continue
2025-06-26 13:18:24 [http-nio-8080-exec-1] DEBUG o.s.security.web.FilterChainProxy - Securing GET /WEB-INF/views/createRecipe.jsp?continue
2025-06-26 13:18:24 [http-nio-8080-exec-1] DEBUG o.s.security.web.FilterChainProxy - Secured GET /WEB-INF/views/createRecipe.jsp?continue
2025-06-26 13:18:24 [http-nio-8080-exec-7] DEBUG o.s.security.web.FilterChainProxy - Securing GET /styles/normalize.8.0.1.css
2025-06-26 13:18:24 [http-nio-8080-exec-7] DEBUG o.s.security.web.FilterChainProxy - Secured GET /styles/normalize.8.0.1.css
2025-06-26 13:18:24 [http-nio-8080-exec-4] DEBUG o.s.security.web.FilterChainProxy - Securing GET /styles/footer.css
2025-06-26 13:18:24 [http-nio-8080-exec-5] DEBUG o.s.security.web.FilterChainProxy - Securing GET /styles/global.css
2025-06-26 13:18:24 [http-nio-8080-exec-3] DEBUG o.s.security.web.FilterChainProxy - Securing GET /styles/header.css
2025-06-26 13:18:24 [http-nio-8080-exec-8] DEBUG o.s.security.web.FilterChainProxy - Securing GET /styles/createRecipe.css
2025-06-26 13:18:24 [http-nio-8080-exec-2] DEBUG o.s.security.web.FilterChainProxy - Securing GET /styles/reset.css
2025-06-26 13:18:24 [http-nio-8080-exec-4] DEBUG o.s.security.web.FilterChainProxy - Secured GET /styles/footer.css
2025-06-26 13:18:24 [http-nio-8080-exec-3] DEBUG o.s.security.web.FilterChainProxy - Secured GET /styles/header.css
2025-06-26 13:18:24 [http-nio-8080-exec-8] DEBUG o.s.security.web.FilterChainProxy - Secured GET /styles/createRecipe.css
2025-06-26 13:18:24 [http-nio-8080-exec-5] DEBUG o.s.security.web.FilterChainProxy - Secured GET /styles/global.css
2025-06-26 13:18:24 [http-nio-8080-exec-2] DEBUG o.s.security.web.FilterChainProxy - Secured GET /styles/reset.css
2025-06-26 13:18:24 [http-nio-8080-exec-2] DEBUG o.s.s.w.c.HttpSessionSecurityContextRepository - Retrieved SecurityContextImpl [Authentication=UsernamePasswordAuthenticationToken [Principal=org.example.security.CustomUserDetails@237a3b5b, Credentials=[PROTECTED], Authenticated=true, Details=WebAuthenticationDetails [RemoteIpAddress=0:0:0:0:0:0:0:1, SessionId=117AD4ED80CF43668FF487B8A644325C], Granted Authorities=[ROLE_USER]]]
2025-06-26 13:18:24 [http-nio-8080-exec-3] DEBUG o.s.s.w.c.HttpSessionSecurityContextRepository - Retrieved SecurityContextImpl [Authentication=UsernamePasswordAuthenticationToken [Principal=org.example.security.CustomUserDetails@237a3b5b, Credentials=[PROTECTED], Authenticated=true, Details=WebAuthenticationDetails [RemoteIpAddress=0:0:0:0:0:0:0:1, SessionId=117AD4ED80CF43668FF487B8A644325C], Granted Authorities=[ROLE_USER]]]
2025-06-26 13:18:24 [http-nio-8080-exec-8] DEBUG o.s.s.w.c.HttpSessionSecurityContextRepository - Retrieved SecurityContextImpl [Authentication=UsernamePasswordAuthenticationToken [Principal=org.example.security.CustomUserDetails@237a3b5b, Credentials=[PROTECTED], Authenticated=true, Details=WebAuthenticationDetails [RemoteIpAddress=0:0:0:0:0:0:0:1, SessionId=117AD4ED80CF43668FF487B8A644325C], Granted Authorities=[ROLE_USER]]]
2025-06-26 13:18:24 [http-nio-8080-exec-4] DEBUG o.s.s.w.c.HttpSessionSecurityContextRepository - Retrieved SecurityContextImpl [Authentication=UsernamePasswordAuthenticationToken [Principal=org.example.security.CustomUserDetails@237a3b5b, Credentials=[PROTECTED], Authenticated=true, Details=WebAuthenticationDetails [RemoteIpAddress=0:0:0:0:0:0:0:1, SessionId=117AD4ED80CF43668FF487B8A644325C], Granted Authorities=[ROLE_USER]]]
2025-06-26 13:18:24 [http-nio-8080-exec-5] DEBUG o.s.s.w.c.HttpSessionSecurityContextRepository - Retrieved SecurityContextImpl [Authentication=UsernamePasswordAuthenticationToken [Principal=org.example.security.CustomUserDetails@237a3b5b, Credentials=[PROTECTED], Authenticated=true, Details=WebAuthenticationDetails [RemoteIpAddress=0:0:0:0:0:0:0:1, SessionId=117AD4ED80CF43668FF487B8A644325C], Granted Authorities=[ROLE_USER]]]
2025-06-26 13:18:24 [http-nio-8080-exec-7] DEBUG o.s.s.w.c.HttpSessionSecurityContextRepository - Retrieved SecurityContextImpl [Authentication=UsernamePasswordAuthenticationToken [Principal=org.example.security.CustomUserDetails@237a3b5b, Credentials=[PROTECTED], Authenticated=true, Details=WebAuthenticationDetails [RemoteIpAddress=0:0:0:0:0:0:0:1, SessionId=117AD4ED80CF43668FF487B8A644325C], Granted Authorities=[ROLE_USER]]]
2025-06-26 13:18:25 [http-nio-8080-exec-9] DEBUG o.s.security.web.FilterChainProxy - Securing GET /
2025-06-26 13:18:25 [http-nio-8080-exec-9] DEBUG o.s.security.web.FilterChainProxy - Secured GET /
2025-06-26 13:18:25 [http-nio-8080-exec-9] DEBUG o.s.security.web.FilterChainProxy - Securing GET /WEB-INF/views/mainPage.jsp
2025-06-26 13:18:25 [http-nio-8080-exec-9] DEBUG o.s.security.web.FilterChainProxy - Secured GET /WEB-INF/views/mainPage.jsp
2025-06-26 13:18:26 [http-nio-8080-exec-9] DEBUG o.s.s.w.c.HttpSessionSecurityContextRepository - Retrieved SecurityContextImpl [Authentication=UsernamePasswordAuthenticationToken [Principal=org.example.security.CustomUserDetails@237a3b5b, Credentials=[PROTECTED], Authenticated=true, Details=WebAuthenticationDetails [RemoteIpAddress=0:0:0:0:0:0:0:1, SessionId=117AD4ED80CF43668FF487B8A644325C], Granted Authorities=[ROLE_USER]]]
2025-06-26 13:18:26 [http-nio-8080-exec-6] DEBUG o.s.security.web.FilterChainProxy - Securing GET /styles/normalize.8.0.1.css
2025-06-26 13:18:26 [http-nio-8080-exec-6] DEBUG o.s.security.web.FilterChainProxy - Secured GET /styles/normalize.8.0.1.css
2025-06-26 13:18:26 [http-nio-8080-exec-10] DEBUG o.s.security.web.FilterChainProxy - Securing GET /styles/reset.css
2025-06-26 13:18:26 [http-nio-8080-exec-1] DEBUG o.s.security.web.FilterChainProxy - Securing GET /styles/header.css
2025-06-26 13:18:26 [http-nio-8080-exec-10] DEBUG o.s.security.web.FilterChainProxy - Secured GET /styles/reset.css
2025-06-26 13:18:26 [http-nio-8080-exec-1] DEBUG o.s.security.web.FilterChainProxy - Secured GET /styles/header.css
2025-06-26 13:18:26 [http-nio-8080-exec-3] DEBUG o.s.security.web.FilterChainProxy - Securing GET /styles/footer.css
2025-06-26 13:18:26 [http-nio-8080-exec-8] DEBUG o.s.security.web.FilterChainProxy - Securing GET /styles/global.css
2025-06-26 13:18:26 [http-nio-8080-exec-2] DEBUG o.s.security.web.FilterChainProxy - Securing GET /styles/mainPage.css
2025-06-26 13:18:26 [http-nio-8080-exec-1] DEBUG o.s.s.w.c.HttpSessionSecurityContextRepository - Retrieved SecurityContextImpl [Authentication=UsernamePasswordAuthenticationToken [Principal=org.example.security.CustomUserDetails@237a3b5b, Credentials=[PROTECTED], Authenticated=true, Details=WebAuthenticationDetails [RemoteIpAddress=0:0:0:0:0:0:0:1, SessionId=117AD4ED80CF43668FF487B8A644325C], Granted Authorities=[ROLE_USER]]]
2025-06-26 13:18:26 [http-nio-8080-exec-10] DEBUG o.s.s.w.c.HttpSessionSecurityContextRepository - Retrieved SecurityContextImpl [Authentication=UsernamePasswordAuthenticationToken [Principal=org.example.security.CustomUserDetails@237a3b5b, Credentials=[PROTECTED], Authenticated=true, Details=WebAuthenticationDetails [RemoteIpAddress=0:0:0:0:0:0:0:1, SessionId=117AD4ED80CF43668FF487B8A644325C], Granted Authorities=[ROLE_USER]]]
2025-06-26 13:18:26 [http-nio-8080-exec-6] DEBUG o.s.s.w.c.HttpSessionSecurityContextRepository - Retrieved SecurityContextImpl [Authentication=UsernamePasswordAuthenticationToken [Principal=org.example.security.CustomUserDetails@237a3b5b, Credentials=[PROTECTED], Authenticated=true, Details=WebAuthenticationDetails [RemoteIpAddress=0:0:0:0:0:0:0:1, SessionId=117AD4ED80CF43668FF487B8A644325C], Granted Authorities=[ROLE_USER]]]
2025-06-26 13:18:26 [http-nio-8080-exec-8] DEBUG o.s.security.web.FilterChainProxy - Secured GET /styles/global.css
2025-06-26 13:18:26 [http-nio-8080-exec-3] DEBUG o.s.security.web.FilterChainProxy - Secured GET /styles/footer.css
2025-06-26 13:18:26 [http-nio-8080-exec-2] DEBUG o.s.security.web.FilterChainProxy - Secured GET /styles/mainPage.css
2025-06-26 13:18:26 [http-nio-8080-exec-8] DEBUG o.s.s.w.c.HttpSessionSecurityContextRepository - Retrieved SecurityContextImpl [Authentication=UsernamePasswordAuthenticationToken [Principal=org.example.security.CustomUserDetails@237a3b5b, Credentials=[PROTECTED], Authenticated=true, Details=WebAuthenticationDetails [RemoteIpAddress=0:0:0:0:0:0:0:1, SessionId=117AD4ED80CF43668FF487B8A644325C], Granted Authorities=[ROLE_USER]]]
2025-06-26 13:18:26 [http-nio-8080-exec-3] DEBUG o.s.s.w.c.HttpSessionSecurityContextRepository - Retrieved SecurityContextImpl [Authentication=UsernamePasswordAuthenticationToken [Principal=org.example.security.CustomUserDetails@237a3b5b, Credentials=[PROTECTED], Authenticated=true, Details=WebAuthenticationDetails [RemoteIpAddress=0:0:0:0:0:0:0:1, SessionId=117AD4ED80CF43668FF487B8A644325C], Granted Authorities=[ROLE_USER]]]
2025-06-26 13:18:26 [http-nio-8080-exec-2] DEBUG o.s.s.w.c.HttpSessionSecurityContextRepository - Retrieved SecurityContextImpl [Authentication=UsernamePasswordAuthenticationToken [Principal=org.example.security.CustomUserDetails@237a3b5b, Credentials=[PROTECTED], Authenticated=true, Details=WebAuthenticationDetails [RemoteIpAddress=0:0:0:0:0:0:0:1, SessionId=117AD4ED80CF43668FF487B8A644325C], Granted Authorities=[ROLE_USER]]]
2025-06-26 13:18:26 [http-nio-8080-exec-4] DEBUG o.s.security.web.FilterChainProxy - Securing GET /image?file=1750635278979_%D0%A1%D0%BD%D0%B8%D0%BC%D0%BE%D0%BA%20%D1%8D%D0%BA%D1%80%D0%B0%D0%BD%D0%B0%202025-02-20%20%D0%B2%2015.38.15.png
2025-06-26 13:18:26 [http-nio-8080-exec-5] DEBUG o.s.security.web.FilterChainProxy - Securing GET /image?file=1750635976463_%D0%A1%D0%BD%D0%B8%D0%BC%D0%BE%D0%BA%20%D1%8D%D0%BA%D1%80%D0%B0%D0%BD%D0%B0%202025-03-16%20%D0%B2%2011.03.50.png
2025-06-26 13:18:26 [http-nio-8080-exec-7] DEBUG o.s.security.web.FilterChainProxy - Securing GET /image?file=1750687597303_%D0%A1%D0%BD%D0%B8%D0%BC%D0%BE%D0%BA%20%D1%8D%D0%BA%D1%80%D0%B0%D0%BD%D0%B0%202025-03-16%20%D0%B2%2019.33.55.png
2025-06-26 13:18:26 [http-nio-8080-exec-4] DEBUG o.s.security.web.FilterChainProxy - Secured GET /image?file=1750635278979_%D0%A1%D0%BD%D0%B8%D0%BC%D0%BE%D0%BA%20%D1%8D%D0%BA%D1%80%D0%B0%D0%BD%D0%B0%202025-02-20%20%D0%B2%2015.38.15.png
2025-06-26 13:18:26 [http-nio-8080-exec-7] DEBUG o.s.security.web.FilterChainProxy - Secured GET /image?file=1750687597303_%D0%A1%D0%BD%D0%B8%D0%BC%D0%BE%D0%BA%20%D1%8D%D0%BA%D1%80%D0%B0%D0%BD%D0%B0%202025-03-16%20%D0%B2%2019.33.55.png
2025-06-26 13:18:26 [http-nio-8080-exec-5] DEBUG o.s.security.web.FilterChainProxy - Secured GET /image?file=1750635976463_%D0%A1%D0%BD%D0%B8%D0%BC%D0%BE%D0%BA%20%D1%8D%D0%BA%D1%80%D0%B0%D0%BD%D0%B0%202025-03-16%20%D0%B2%2011.03.50.png
2025-06-26 13:18:26 [http-nio-8080-exec-5] DEBUG o.s.s.w.c.HttpSessionSecurityContextRepository - Retrieved SecurityContextImpl [Authentication=UsernamePasswordAuthenticationToken [Principal=org.example.security.CustomUserDetails@237a3b5b, Credentials=[PROTECTED], Authenticated=true, Details=WebAuthenticationDetails [RemoteIpAddress=0:0:0:0:0:0:0:1, SessionId=117AD4ED80CF43668FF487B8A644325C], Granted Authorities=[ROLE_USER]]]
2025-06-26 13:18:26 [http-nio-8080-exec-7] DEBUG o.s.s.w.c.HttpSessionSecurityContextRepository - Retrieved SecurityContextImpl [Authentication=UsernamePasswordAuthenticationToken [Principal=org.example.security.CustomUserDetails@237a3b5b, Credentials=[PROTECTED], Authenticated=true, Details=WebAuthenticationDetails [RemoteIpAddress=0:0:0:0:0:0:0:1, SessionId=117AD4ED80CF43668FF487B8A644325C], Granted Authorities=[ROLE_USER]]]
2025-06-26 13:18:26 [http-nio-8080-exec-4] DEBUG o.s.s.w.c.HttpSessionSecurityContextRepository - Retrieved SecurityContextImpl [Authentication=UsernamePasswordAuthenticationToken [Principal=org.example.security.CustomUserDetails@237a3b5b, Credentials=[PROTECTED], Authenticated=true, Details=WebAuthenticationDetails [RemoteIpAddress=0:0:0:0:0:0:0:1, SessionId=117AD4ED80CF43668FF487B8A644325C], Granted Authorities=[ROLE_USER]]]
2025-06-26 13:18:27 [http-nio-8080-exec-9] DEBUG o.s.security.web.FilterChainProxy - Securing GET /recipe/8
2025-06-26 13:18:27 [http-nio-8080-exec-9] DEBUG o.s.security.web.FilterChainProxy - Secured GET /recipe/8
2025-06-26 13:18:27 [http-nio-8080-exec-9] DEBUG o.s.s.w.c.HttpSessionSecurityContextRepository - Retrieved SecurityContextImpl [Authentication=UsernamePasswordAuthenticationToken [Principal=org.example.security.CustomUserDetails@237a3b5b, Credentials=[PROTECTED], Authenticated=true, Details=WebAuthenticationDetails [RemoteIpAddress=0:0:0:0:0:0:0:1, SessionId=117AD4ED80CF43668FF487B8A644325C], Granted Authorities=[ROLE_USER]]]
2025-06-26 13:18:27 [http-nio-8080-exec-9] DEBUG o.s.security.web.FilterChainProxy - Securing GET /WEB-INF/views/showRecipe.jsp
2025-06-26 13:18:27 [http-nio-8080-exec-9] DEBUG o.s.security.web.FilterChainProxy - Secured GET /WEB-INF/views/showRecipe.jsp
2025-06-26 13:18:27 [http-nio-8080-exec-6] DEBUG o.s.security.web.FilterChainProxy - Securing GET /styles/global.css
2025-06-26 13:18:27 [http-nio-8080-exec-10] DEBUG o.s.security.web.FilterChainProxy - Securing GET /styles/reset.css
2025-06-26 13:18:27 [http-nio-8080-exec-6] DEBUG o.s.security.web.FilterChainProxy - Secured GET /styles/global.css
2025-06-26 13:18:27 [http-nio-8080-exec-3] DEBUG o.s.security.web.FilterChainProxy - Securing GET /styles/footer.css
2025-06-26 13:18:27 [http-nio-8080-exec-10] DEBUG o.s.security.web.FilterChainProxy - Secured GET /styles/reset.css
2025-06-26 13:18:27 [http-nio-8080-exec-3] DEBUG o.s.security.web.FilterChainProxy - Secured GET /styles/footer.css
2025-06-26 13:18:27 [http-nio-8080-exec-2] DEBUG o.s.security.web.FilterChainProxy - Securing GET /styles/showRecipe.css
2025-06-26 13:18:27 [http-nio-8080-exec-8] DEBUG o.s.security.web.FilterChainProxy - Securing GET /styles/header.css
2025-06-26 13:18:27 [http-nio-8080-exec-1] DEBUG o.s.security.web.FilterChainProxy - Securing GET /styles/normalize.8.0.1.css
2025-06-26 13:18:27 [http-nio-8080-exec-8] DEBUG o.s.security.web.FilterChainProxy - Secured GET /styles/header.css
2025-06-26 13:18:27 [http-nio-8080-exec-2] DEBUG o.s.security.web.FilterChainProxy - Secured GET /styles/showRecipe.css
2025-06-26 13:18:27 [http-nio-8080-exec-1] DEBUG o.s.security.web.FilterChainProxy - Secured GET /styles/normalize.8.0.1.css
2025-06-26 13:18:27 [http-nio-8080-exec-3] DEBUG o.s.s.w.c.HttpSessionSecurityContextRepository - Retrieved SecurityContextImpl [Authentication=UsernamePasswordAuthenticationToken [Principal=org.example.security.CustomUserDetails@237a3b5b, Credentials=[PROTECTED], Authenticated=true, Details=WebAuthenticationDetails [RemoteIpAddress=0:0:0:0:0:0:0:1, SessionId=117AD4ED80CF43668FF487B8A644325C], Granted Authorities=[ROLE_USER]]]
2025-06-26 13:18:27 [http-nio-8080-exec-6] DEBUG o.s.s.w.c.HttpSessionSecurityContextRepository - Retrieved SecurityContextImpl [Authentication=UsernamePasswordAuthenticationToken [Principal=org.example.security.CustomUserDetails@237a3b5b, Credentials=[PROTECTED], Authenticated=true, Details=WebAuthenticationDetails [RemoteIpAddress=0:0:0:0:0:0:0:1, SessionId=117AD4ED80CF43668FF487B8A644325C], Granted Authorities=[ROLE_USER]]]
2025-06-26 13:18:27 [http-nio-8080-exec-10] DEBUG o.s.s.w.c.HttpSessionSecurityContextRepository - Retrieved SecurityContextImpl [Authentication=UsernamePasswordAuthenticationToken [Principal=org.example.security.CustomUserDetails@237a3b5b, Credentials=[PROTECTED], Authenticated=true, Details=WebAuthenticationDetails [RemoteIpAddress=0:0:0:0:0:0:0:1, SessionId=117AD4ED80CF43668FF487B8A644325C], Granted Authorities=[ROLE_USER]]]
2025-06-26 13:18:27 [http-nio-8080-exec-1] DEBUG o.s.s.w.c.HttpSessionSecurityContextRepository - Retrieved SecurityContextImpl [Authentication=UsernamePasswordAuthenticationToken [Principal=org.example.security.CustomUserDetails@237a3b5b, Credentials=[PROTECTED], Authenticated=true, Details=WebAuthenticationDetails [RemoteIpAddress=0:0:0:0:0:0:0:1, SessionId=117AD4ED80CF43668FF487B8A644325C], Granted Authorities=[ROLE_USER]]]
2025-06-26 13:18:27 [http-nio-8080-exec-8] DEBUG o.s.s.w.c.HttpSessionSecurityContextRepository - Retrieved SecurityContextImpl [Authentication=UsernamePasswordAuthenticationToken [Principal=org.example.security.CustomUserDetails@237a3b5b, Credentials=[PROTECTED], Authenticated=true, Details=WebAuthenticationDetails [RemoteIpAddress=0:0:0:0:0:0:0:1, SessionId=117AD4ED80CF43668FF487B8A644325C], Granted Authorities=[ROLE_USER]]]
2025-06-26 13:18:27 [http-nio-8080-exec-2] DEBUG o.s.s.w.c.HttpSessionSecurityContextRepository - Retrieved SecurityContextImpl [Authentication=UsernamePasswordAuthenticationToken [Principal=org.example.security.CustomUserDetails@237a3b5b, Credentials=[PROTECTED], Authenticated=true, Details=WebAuthenticationDetails [RemoteIpAddress=0:0:0:0:0:0:0:1, SessionId=117AD4ED80CF43668FF487B8A644325C], Granted Authorities=[ROLE_USER]]]
2025-06-26 13:18:29 [http-nio-8080-exec-10] DEBUG o.s.security.web.FilterChainProxy - Securing POST /recipe/8/pdf
2025-06-26 13:18:29 [http-nio-8080-exec-10] DEBUG o.s.security.web.FilterChainProxy - Secured POST /recipe/8/pdf
2025-06-26 13:18:29 [http-nio-8080-exec-10] DEBUG o.s.s.w.c.HttpSessionSecurityContextRepository - Retrieved SecurityContextImpl [Authentication=UsernamePasswordAuthenticationToken [Principal=org.example.security.CustomUserDetails@237a3b5b, Credentials=[PROTECTED], Authenticated=true, Details=WebAuthenticationDetails [RemoteIpAddress=0:0:0:0:0:0:0:1, SessionId=117AD4ED80CF43668FF487B8A644325C], Granted Authorities=[ROLE_USER]]]
2025-06-26 13:30:21 [http-nio-8080-exec-2] DEBUG o.s.security.web.FilterChainProxy - Securing GET /recipe/8
2025-06-26 13:30:21 [http-nio-8080-exec-2] DEBUG o.s.security.web.FilterChainProxy - Secured GET /recipe/8
2025-06-26 13:30:21 [http-nio-8080-exec-2] DEBUG o.s.s.w.c.HttpSessionSecurityContextRepository - Retrieved SecurityContextImpl [Authentication=UsernamePasswordAuthenticationToken [Principal=org.example.security.CustomUserDetails@237a3b5b, Credentials=[PROTECTED], Authenticated=true, Details=WebAuthenticationDetails [RemoteIpAddress=0:0:0:0:0:0:0:1, SessionId=117AD4ED80CF43668FF487B8A644325C], Granted Authorities=[ROLE_USER]]]
2025-06-26 13:30:21 [http-nio-8080-exec-2] DEBUG o.s.security.web.FilterChainProxy - Securing GET /WEB-INF/views/showRecipe.jsp
2025-06-26 13:30:21 [http-nio-8080-exec-2] DEBUG o.s.security.web.FilterChainProxy - Secured GET /WEB-INF/views/showRecipe.jsp
2025-06-26 13:30:21 [http-nio-8080-exec-6] DEBUG o.s.security.web.FilterChainProxy - Securing GET /styles/normalize.8.0.1.css
2025-06-26 13:30:21 [http-nio-8080-exec-3] DEBUG o.s.security.web.FilterChainProxy - Securing GET /styles/reset.css
2025-06-26 13:30:21 [http-nio-8080-exec-4] DEBUG o.s.security.web.FilterChainProxy - Securing GET /styles/showRecipe.css
2025-06-26 13:30:21 [http-nio-8080-exec-9] DEBUG o.s.security.web.FilterChainProxy - Securing GET /styles/header.css
2025-06-26 13:30:21 [http-nio-8080-exec-7] DEBUG o.s.security.web.FilterChainProxy - Securing GET /styles/global.css
2025-06-26 13:30:21 [http-nio-8080-exec-3] DEBUG o.s.security.web.FilterChainProxy - Secured GET /styles/reset.css
2025-06-26 13:30:21 [http-nio-8080-exec-6] DEBUG o.s.security.web.FilterChainProxy - Secured GET /styles/normalize.8.0.1.css
2025-06-26 13:30:21 [http-nio-8080-exec-4] DEBUG o.s.security.web.FilterChainProxy - Secured GET /styles/showRecipe.css
2025-06-26 13:30:21 [http-nio-8080-exec-9] DEBUG o.s.security.web.FilterChainProxy - Secured GET /styles/header.css
2025-06-26 13:30:21 [http-nio-8080-exec-7] DEBUG o.s.security.web.FilterChainProxy - Secured GET /styles/global.css
2025-06-26 13:30:21 [http-nio-8080-exec-5] DEBUG o.s.security.web.FilterChainProxy - Securing GET /styles/footer.css
2025-06-26 13:30:21 [http-nio-8080-exec-5] DEBUG o.s.security.web.FilterChainProxy - Secured GET /styles/footer.css
2025-06-26 13:30:21 [http-nio-8080-exec-9] DEBUG o.s.s.w.c.HttpSessionSecurityContextRepository - Retrieved SecurityContextImpl [Authentication=UsernamePasswordAuthenticationToken [Principal=org.example.security.CustomUserDetails@237a3b5b, Credentials=[PROTECTED], Authenticated=true, Details=WebAuthenticationDetails [RemoteIpAddress=0:0:0:0:0:0:0:1, SessionId=117AD4ED80CF43668FF487B8A644325C], Granted Authorities=[ROLE_USER]]]
2025-06-26 13:30:21 [http-nio-8080-exec-3] DEBUG o.s.s.w.c.HttpSessionSecurityContextRepository - Retrieved SecurityContextImpl [Authentication=UsernamePasswordAuthenticationToken [Principal=org.example.security.CustomUserDetails@237a3b5b, Credentials=[PROTECTED], Authenticated=true, Details=WebAuthenticationDetails [RemoteIpAddress=0:0:0:0:0:0:0:1, SessionId=117AD4ED80CF43668FF487B8A644325C], Granted Authorities=[ROLE_USER]]]
2025-06-26 13:30:21 [http-nio-8080-exec-4] DEBUG o.s.s.w.c.HttpSessionSecurityContextRepository - Retrieved SecurityContextImpl [Authentication=UsernamePasswordAuthenticationToken [Principal=org.example.security.CustomUserDetails@237a3b5b, Credentials=[PROTECTED], Authenticated=true, Details=WebAuthenticationDetails [RemoteIpAddress=0:0:0:0:0:0:0:1, SessionId=117AD4ED80CF43668FF487B8A644325C], Granted Authorities=[ROLE_USER]]]
2025-06-26 13:30:21 [http-nio-8080-exec-6] DEBUG o.s.s.w.c.HttpSessionSecurityContextRepository - Retrieved SecurityContextImpl [Authentication=UsernamePasswordAuthenticationToken [Principal=org.example.security.CustomUserDetails@237a3b5b, Credentials=[PROTECTED], Authenticated=true, Details=WebAuthenticationDetails [RemoteIpAddress=0:0:0:0:0:0:0:1, SessionId=117AD4ED80CF43668FF487B8A644325C], Granted Authorities=[ROLE_USER]]]
2025-06-26 13:30:21 [http-nio-8080-exec-5] DEBUG o.s.s.w.c.HttpSessionSecurityContextRepository - Retrieved SecurityContextImpl [Authentication=UsernamePasswordAuthenticationToken [Principal=org.example.security.CustomUserDetails@237a3b5b, Credentials=[PROTECTED], Authenticated=true, Details=WebAuthenticationDetails [RemoteIpAddress=0:0:0:0:0:0:0:1, SessionId=117AD4ED80CF43668FF487B8A644325C], Granted Authorities=[ROLE_USER]]]
2025-06-26 13:30:21 [http-nio-8080-exec-7] DEBUG o.s.s.w.c.HttpSessionSecurityContextRepository - Retrieved SecurityContextImpl [Authentication=UsernamePasswordAuthenticationToken [Principal=org.example.security.CustomUserDetails@237a3b5b, Credentials=[PROTECTED], Authenticated=true, Details=WebAuthenticationDetails [RemoteIpAddress=0:0:0:0:0:0:0:1, SessionId=117AD4ED80CF43668FF487B8A644325C], Granted Authorities=[ROLE_USER]]]
2025-06-26 13:30:22 [http-nio-8080-exec-10] DEBUG o.s.security.web.FilterChainProxy - Securing POST /recipe/8/pdf
2025-06-26 13:30:22 [http-nio-8080-exec-10] DEBUG o.s.security.web.FilterChainProxy - Secured POST /recipe/8/pdf
2025-06-26 13:30:22 [http-nio-8080-exec-10] DEBUG o.s.s.w.c.HttpSessionSecurityContextRepository - Retrieved SecurityContextImpl [Authentication=UsernamePasswordAuthenticationToken [Principal=org.example.security.CustomUserDetails@237a3b5b, Credentials=[PROTECTED], Authenticated=true, Details=WebAuthenticationDetails [RemoteIpAddress=0:0:0:0:0:0:0:1, SessionId=117AD4ED80CF43668FF487B8A644325C], Granted Authorities=[ROLE_USER]]]
2025-06-26 13:33:06 [http-nio-8080-exec-4] DEBUG o.s.security.web.FilterChainProxy - Securing GET /login
2025-06-26 13:33:06 [http-nio-8080-exec-4] DEBUG o.s.security.web.FilterChainProxy - Secured GET /login
2025-06-26 13:33:06 [http-nio-8080-exec-4] DEBUG o.s.security.web.FilterChainProxy - Securing GET /WEB-INF/views/login.jsp
2025-06-26 13:33:06 [http-nio-8080-exec-4] DEBUG o.s.security.web.FilterChainProxy - Secured GET /WEB-INF/views/login.jsp
2025-06-26 13:33:06 [http-nio-8080-exec-4] DEBUG o.s.s.w.c.HttpSessionSecurityContextRepository - Retrieved SecurityContextImpl [Authentication=UsernamePasswordAuthenticationToken [Principal=org.example.security.CustomUserDetails@237a3b5b, Credentials=[PROTECTED], Authenticated=true, Details=WebAuthenticationDetails [RemoteIpAddress=0:0:0:0:0:0:0:1, SessionId=117AD4ED80CF43668FF487B8A644325C], Granted Authorities=[ROLE_USER]]]
2025-06-26 13:33:06 [http-nio-8080-exec-5] DEBUG o.s.security.web.FilterChainProxy - Securing GET /styles/normalize.8.0.1.css
2025-06-26 13:33:06 [http-nio-8080-exec-7] DEBUG o.s.security.web.FilterChainProxy - Securing GET /styles/reset.css
2025-06-26 13:33:06 [http-nio-8080-exec-7] DEBUG o.s.security.web.FilterChainProxy - Secured GET /styles/reset.css
2025-06-26 13:33:06 [http-nio-8080-exec-5] DEBUG o.s.security.web.FilterChainProxy - Secured GET /styles/normalize.8.0.1.css
2025-06-26 13:33:06 [http-nio-8080-exec-9] DEBUG o.s.security.web.FilterChainProxy - Securing GET /styles/global.css
2025-06-26 13:33:06 [http-nio-8080-exec-10] DEBUG o.s.security.web.FilterChainProxy - Securing GET /styles/login.css
2025-06-26 13:33:06 [http-nio-8080-exec-1] DEBUG o.s.security.web.FilterChainProxy - Securing GET /styles/footer.css
2025-06-26 13:33:06 [http-nio-8080-exec-2] DEBUG o.s.security.web.FilterChainProxy - Securing GET /styles/header.css
2025-06-26 13:33:06 [http-nio-8080-exec-1] DEBUG o.s.security.web.FilterChainProxy - Secured GET /styles/footer.css
2025-06-26 13:33:06 [http-nio-8080-exec-2] DEBUG o.s.security.web.FilterChainProxy - Secured GET /styles/header.css
2025-06-26 13:33:06 [http-nio-8080-exec-9] DEBUG o.s.security.web.FilterChainProxy - Secured GET /styles/global.css
2025-06-26 13:33:06 [http-nio-8080-exec-10] DEBUG o.s.security.web.FilterChainProxy - Secured GET /styles/login.css
2025-06-26 13:33:06 [http-nio-8080-exec-7] DEBUG o.s.s.w.c.HttpSessionSecurityContextRepository - Retrieved SecurityContextImpl [Authentication=UsernamePasswordAuthenticationToken [Principal=org.example.security.CustomUserDetails@237a3b5b, Credentials=[PROTECTED], Authenticated=true, Details=WebAuthenticationDetails [RemoteIpAddress=0:0:0:0:0:0:0:1, SessionId=117AD4ED80CF43668FF487B8A644325C], Granted Authorities=[ROLE_USER]]]
2025-06-26 13:33:06 [http-nio-8080-exec-5] DEBUG o.s.s.w.c.HttpSessionSecurityContextRepository - Retrieved SecurityContextImpl [Authentication=UsernamePasswordAuthenticationToken [Principal=org.example.security.CustomUserDetails@237a3b5b, Credentials=[PROTECTED], Authenticated=true, Details=WebAuthenticationDetails [RemoteIpAddress=0:0:0:0:0:0:0:1, SessionId=117AD4ED80CF43668FF487B8A644325C], Granted Authorities=[ROLE_USER]]]
2025-06-26 13:33:06 [http-nio-8080-exec-10] DEBUG o.s.s.w.c.HttpSessionSecurityContextRepository - Retrieved SecurityContextImpl [Authentication=UsernamePasswordAuthenticationToken [Principal=org.example.security.CustomUserDetails@237a3b5b, Credentials=[PROTECTED], Authenticated=true, Details=WebAuthenticationDetails [RemoteIpAddress=0:0:0:0:0:0:0:1, SessionId=117AD4ED80CF43668FF487B8A644325C], Granted Authorities=[ROLE_USER]]]
2025-06-26 13:33:06 [http-nio-8080-exec-1] DEBUG o.s.s.w.c.HttpSessionSecurityContextRepository - Retrieved SecurityContextImpl [Authentication=UsernamePasswordAuthenticationToken [Principal=org.example.security.CustomUserDetails@237a3b5b, Credentials=[PROTECTED], Authenticated=true, Details=WebAuthenticationDetails [RemoteIpAddress=0:0:0:0:0:0:0:1, SessionId=117AD4ED80CF43668FF487B8A644325C], Granted Authorities=[ROLE_USER]]]
2025-06-26 13:33:06 [http-nio-8080-exec-9] DEBUG o.s.s.w.c.HttpSessionSecurityContextRepository - Retrieved SecurityContextImpl [Authentication=UsernamePasswordAuthenticationToken [Principal=org.example.security.CustomUserDetails@237a3b5b, Credentials=[PROTECTED], Authenticated=true, Details=WebAuthenticationDetails [RemoteIpAddress=0:0:0:0:0:0:0:1, SessionId=117AD4ED80CF43668FF487B8A644325C], Granted Authorities=[ROLE_USER]]]
2025-06-26 13:33:06 [http-nio-8080-exec-2] DEBUG o.s.s.w.c.HttpSessionSecurityContextRepository - Retrieved SecurityContextImpl [Authentication=UsernamePasswordAuthenticationToken [Principal=org.example.security.CustomUserDetails@237a3b5b, Credentials=[PROTECTED], Authenticated=true, Details=WebAuthenticationDetails [RemoteIpAddress=0:0:0:0:0:0:0:1, SessionId=117AD4ED80CF43668FF487B8A644325C], Granted Authorities=[ROLE_USER]]]
2025-06-26 13:33:11 [http-nio-8080-exec-9] DEBUG o.s.security.web.FilterChainProxy - Securing POST /login
2025-06-26 13:33:11 [http-nio-8080-exec-9] DEBUG o.s.s.a.d.DaoAuthenticationProvider - Authenticated user
2025-06-26 13:33:11 [http-nio-8080-exec-9] DEBUG o.s.s.w.a.s.ChangeSessionIdAuthenticationStrategy - Changed session id from F1849EFB761C0C0B0BC5A9E69D33CDB1
2025-06-26 13:33:11 [http-nio-8080-exec-9] DEBUG o.s.s.w.c.CsrfAuthenticationStrategy - Replaced CSRF Token
2025-06-26 13:33:11 [http-nio-8080-exec-9] DEBUG o.s.s.w.c.HttpSessionSecurityContextRepository - Stored SecurityContextImpl [Authentication=UsernamePasswordAuthenticationToken [Principal=org.example.security.CustomUserDetails@7d2ecd25, Credentials=[PROTECTED], Authenticated=true, Details=WebAuthenticationDetails [RemoteIpAddress=0:0:0:0:0:0:0:1, SessionId=F1849EFB761C0C0B0BC5A9E69D33CDB1], Granted Authorities=[ROLE_USER]]] to HttpSession [org.apache.catalina.session.StandardSessionFacade@4ddb7ff8]
2025-06-26 13:33:11 [http-nio-8080-exec-9] DEBUG o.s.s.w.a.UsernamePasswordAuthenticationFilter - Set SecurityContextHolder to UsernamePasswordAuthenticationToken [Principal=org.example.security.CustomUserDetails@7d2ecd25, Credentials=[PROTECTED], Authenticated=true, Details=WebAuthenticationDetails [RemoteIpAddress=0:0:0:0:0:0:0:1, SessionId=F1849EFB761C0C0B0BC5A9E69D33CDB1], Granted Authorities=[ROLE_USER]]
2025-06-26 13:33:11 [http-nio-8080-exec-9] DEBUG o.s.s.web.DefaultRedirectStrategy - Redirecting to /culinary/
2025-06-26 13:33:11 [http-nio-8080-exec-5] DEBUG o.s.security.web.FilterChainProxy - Securing GET /
2025-06-26 13:33:11 [http-nio-8080-exec-5] DEBUG o.s.security.web.FilterChainProxy - Secured GET /
2025-06-26 13:33:11 [http-nio-8080-exec-5] DEBUG o.s.security.web.FilterChainProxy - Securing GET /WEB-INF/views/mainPage.jsp
2025-06-26 13:33:11 [http-nio-8080-exec-5] DEBUG o.s.security.web.FilterChainProxy - Secured GET /WEB-INF/views/mainPage.jsp
2025-06-26 13:33:11 [http-nio-8080-exec-5] DEBUG o.s.s.w.c.HttpSessionSecurityContextRepository - Retrieved SecurityContextImpl [Authentication=UsernamePasswordAuthenticationToken [Principal=org.example.security.CustomUserDetails@7d2ecd25, Credentials=[PROTECTED], Authenticated=true, Details=WebAuthenticationDetails [RemoteIpAddress=0:0:0:0:0:0:0:1, SessionId=F1849EFB761C0C0B0BC5A9E69D33CDB1], Granted Authorities=[ROLE_USER]]]
2025-06-26 13:33:11 [http-nio-8080-exec-1] DEBUG o.s.security.web.FilterChainProxy - Securing GET /styles/normalize.8.0.1.css
2025-06-26 13:33:11 [http-nio-8080-exec-1] DEBUG o.s.security.web.FilterChainProxy - Secured GET /styles/normalize.8.0.1.css
2025-06-26 13:33:11 [http-nio-8080-exec-6] DEBUG o.s.security.web.FilterChainProxy - Securing GET /styles/header.css
2025-06-26 13:33:11 [http-nio-8080-exec-1] DEBUG o.s.s.w.c.HttpSessionSecurityContextRepository - Retrieved SecurityContextImpl [Authentication=UsernamePasswordAuthenticationToken [Principal=org.example.security.CustomUserDetails@7d2ecd25, Credentials=[PROTECTED], Authenticated=true, Details=WebAuthenticationDetails [RemoteIpAddress=0:0:0:0:0:0:0:1, SessionId=F1849EFB761C0C0B0BC5A9E69D33CDB1], Granted Authorities=[ROLE_USER]]]
2025-06-26 13:33:11 [http-nio-8080-exec-7] DEBUG o.s.security.web.FilterChainProxy - Securing GET /styles/global.css
2025-06-26 13:33:11 [http-nio-8080-exec-6] DEBUG o.s.security.web.FilterChainProxy - Secured GET /styles/header.css
2025-06-26 13:33:11 [http-nio-8080-exec-2] DEBUG o.s.security.web.FilterChainProxy - Securing GET /styles/reset.css
2025-06-26 13:33:11 [http-nio-8080-exec-10] DEBUG o.s.security.web.FilterChainProxy - Securing GET /styles/footer.css
2025-06-26 13:33:11 [http-nio-8080-exec-7] DEBUG o.s.security.web.FilterChainProxy - Secured GET /styles/global.css
2025-06-26 13:33:11 [http-nio-8080-exec-10] DEBUG o.s.security.web.FilterChainProxy - Secured GET /styles/footer.css
2025-06-26 13:33:11 [http-nio-8080-exec-3] DEBUG o.s.security.web.FilterChainProxy - Securing GET /styles/mainPage.css
2025-06-26 13:33:11 [http-nio-8080-exec-2] DEBUG o.s.security.web.FilterChainProxy - Secured GET /styles/reset.css
2025-06-26 13:33:11 [http-nio-8080-exec-3] DEBUG o.s.security.web.FilterChainProxy - Secured GET /styles/mainPage.css
2025-06-26 13:33:11 [http-nio-8080-exec-10] DEBUG o.s.s.w.c.HttpSessionSecurityContextRepository - Retrieved SecurityContextImpl [Authentication=UsernamePasswordAuthenticationToken [Principal=org.example.security.CustomUserDetails@7d2ecd25, Credentials=[PROTECTED], Authenticated=true, Details=WebAuthenticationDetails [RemoteIpAddress=0:0:0:0:0:0:0:1, SessionId=F1849EFB761C0C0B0BC5A9E69D33CDB1], Granted Authorities=[ROLE_USER]]]
2025-06-26 13:33:11 [http-nio-8080-exec-6] DEBUG o.s.s.w.c.HttpSessionSecurityContextRepository - Retrieved SecurityContextImpl [Authentication=UsernamePasswordAuthenticationToken [Principal=org.example.security.CustomUserDetails@7d2ecd25, Credentials=[PROTECTED], Authenticated=true, Details=WebAuthenticationDetails [RemoteIpAddress=0:0:0:0:0:0:0:1, SessionId=F1849EFB761C0C0B0BC5A9E69D33CDB1], Granted Authorities=[ROLE_USER]]]
2025-06-26 13:33:11 [http-nio-8080-exec-7] DEBUG o.s.s.w.c.HttpSessionSecurityContextRepository - Retrieved SecurityContextImpl [Authentication=UsernamePasswordAuthenticationToken [Principal=org.example.security.CustomUserDetails@7d2ecd25, Credentials=[PROTECTED], Authenticated=true, Details=WebAuthenticationDetails [RemoteIpAddress=0:0:0:0:0:0:0:1, SessionId=F1849EFB761C0C0B0BC5A9E69D33CDB1], Granted Authorities=[ROLE_USER]]]
2025-06-26 13:33:11 [http-nio-8080-exec-3] DEBUG o.s.s.w.c.HttpSessionSecurityContextRepository - Retrieved SecurityContextImpl [Authentication=UsernamePasswordAuthenticationToken [Principal=org.example.security.CustomUserDetails@7d2ecd25, Credentials=[PROTECTED], Authenticated=true, Details=WebAuthenticationDetails [RemoteIpAddress=0:0:0:0:0:0:0:1, SessionId=F1849EFB761C0C0B0BC5A9E69D33CDB1], Granted Authorities=[ROLE_USER]]]
2025-06-26 13:33:11 [http-nio-8080-exec-2] DEBUG o.s.s.w.c.HttpSessionSecurityContextRepository - Retrieved SecurityContextImpl [Authentication=UsernamePasswordAuthenticationToken [Principal=org.example.security.CustomUserDetails@7d2ecd25, Credentials=[PROTECTED], Authenticated=true, Details=WebAuthenticationDetails [RemoteIpAddress=0:0:0:0:0:0:0:1, SessionId=F1849EFB761C0C0B0BC5A9E69D33CDB1], Granted Authorities=[ROLE_USER]]]
2025-06-26 13:33:11 [http-nio-8080-exec-7] DEBUG o.s.security.web.FilterChainProxy - Securing GET /image?file=1750635278979_%D0%A1%D0%BD%D0%B8%D0%BC%D0%BE%D0%BA%20%D1%8D%D0%BA%D1%80%D0%B0%D0%BD%D0%B0%202025-02-20%20%D0%B2%2015.38.15.png
2025-06-26 13:33:11 [http-nio-8080-exec-7] DEBUG o.s.security.web.FilterChainProxy - Secured GET /image?file=1750635278979_%D0%A1%D0%BD%D0%B8%D0%BC%D0%BE%D0%BA%20%D1%8D%D0%BA%D1%80%D0%B0%D0%BD%D0%B0%202025-02-20%20%D0%B2%2015.38.15.png
2025-06-26 13:33:11 [http-nio-8080-exec-4] DEBUG o.s.security.web.FilterChainProxy - Securing GET /image?file=1750635976463_%D0%A1%D0%BD%D0%B8%D0%BC%D0%BE%D0%BA%20%D1%8D%D0%BA%D1%80%D0%B0%D0%BD%D0%B0%202025-03-16%20%D0%B2%2011.03.50.png
2025-06-26 13:33:11 [http-nio-8080-exec-9] DEBUG o.s.security.web.FilterChainProxy - Securing GET /image?file=1750687597303_%D0%A1%D0%BD%D0%B8%D0%BC%D0%BE%D0%BA%20%D1%8D%D0%BA%D1%80%D0%B0%D0%BD%D0%B0%202025-03-16%20%D0%B2%2019.33.55.png
2025-06-26 13:33:11 [http-nio-8080-exec-9] DEBUG o.s.security.web.FilterChainProxy - Secured GET /image?file=1750687597303_%D0%A1%D0%BD%D0%B8%D0%BC%D0%BE%D0%BA%20%D1%8D%D0%BA%D1%80%D0%B0%D0%BD%D0%B0%202025-03-16%20%D0%B2%2019.33.55.png
2025-06-26 13:33:11 [http-nio-8080-exec-4] DEBUG o.s.security.web.FilterChainProxy - Secured GET /image?file=1750635976463_%D0%A1%D0%BD%D0%B8%D0%BC%D0%BE%D0%BA%20%D1%8D%D0%BA%D1%80%D0%B0%D0%BD%D0%B0%202025-03-16%20%D0%B2%2011.03.50.png
2025-06-26 13:33:11 [http-nio-8080-exec-7] DEBUG o.s.s.w.c.HttpSessionSecurityContextRepository - Retrieved SecurityContextImpl [Authentication=UsernamePasswordAuthenticationToken [Principal=org.example.security.CustomUserDetails@7d2ecd25, Credentials=[PROTECTED], Authenticated=true, Details=WebAuthenticationDetails [RemoteIpAddress=0:0:0:0:0:0:0:1, SessionId=F1849EFB761C0C0B0BC5A9E69D33CDB1], Granted Authorities=[ROLE_USER]]]
2025-06-26 13:33:11 [http-nio-8080-exec-9] DEBUG o.s.s.w.c.HttpSessionSecurityContextRepository - Retrieved SecurityContextImpl [Authentication=UsernamePasswordAuthenticationToken [Principal=org.example.security.CustomUserDetails@7d2ecd25, Credentials=[PROTECTED], Authenticated=true, Details=WebAuthenticationDetails [RemoteIpAddress=0:0:0:0:0:0:0:1, SessionId=F1849EFB761C0C0B0BC5A9E69D33CDB1], Granted Authorities=[ROLE_USER]]]
2025-06-26 13:33:11 [http-nio-8080-exec-4] DEBUG o.s.s.w.c.HttpSessionSecurityContextRepository - Retrieved SecurityContextImpl [Authentication=UsernamePasswordAuthenticationToken [Principal=org.example.security.CustomUserDetails@7d2ecd25, Credentials=[PROTECTED], Authenticated=true, Details=WebAuthenticationDetails [RemoteIpAddress=0:0:0:0:0:0:0:1, SessionId=F1849EFB761C0C0B0BC5A9E69D33CDB1], Granted Authorities=[ROLE_USER]]]
2025-06-26 13:33:13 [http-nio-8080-exec-5] DEBUG o.s.security.web.FilterChainProxy - Securing GET /recipe/8
2025-06-26 13:33:13 [http-nio-8080-exec-5] DEBUG o.s.security.web.FilterChainProxy - Secured GET /recipe/8
2025-06-26 13:33:13 [http-nio-8080-exec-5] DEBUG o.s.s.w.c.HttpSessionSecurityContextRepository - Retrieved SecurityContextImpl [Authentication=UsernamePasswordAuthenticationToken [Principal=org.example.security.CustomUserDetails@7d2ecd25, Credentials=[PROTECTED], Authenticated=true, Details=WebAuthenticationDetails [RemoteIpAddress=0:0:0:0:0:0:0:1, SessionId=F1849EFB761C0C0B0BC5A9E69D33CDB1], Granted Authorities=[ROLE_USER]]]
2025-06-26 13:33:13 [http-nio-8080-exec-5] DEBUG o.s.security.web.FilterChainProxy - Securing GET /WEB-INF/views/showRecipe.jsp
2025-06-26 13:33:13 [http-nio-8080-exec-5] DEBUG o.s.security.web.FilterChainProxy - Secured GET /WEB-INF/views/showRecipe.jsp
2025-06-26 13:33:13 [http-nio-8080-exec-10] DEBUG o.s.security.web.FilterChainProxy - Securing GET /styles/reset.css
2025-06-26 13:33:13 [http-nio-8080-exec-6] DEBUG o.s.security.web.FilterChainProxy - Securing GET /styles/showRecipe.css
2025-06-26 13:33:13 [http-nio-8080-exec-1] DEBUG o.s.security.web.FilterChainProxy - Securing GET /styles/normalize.8.0.1.css
2025-06-26 13:33:13 [http-nio-8080-exec-8] DEBUG o.s.security.web.FilterChainProxy - Securing GET /styles/footer.css
2025-06-26 13:33:13 [http-nio-8080-exec-2] DEBUG o.s.security.web.FilterChainProxy - Securing GET /styles/global.css
2025-06-26 13:33:13 [http-nio-8080-exec-3] DEBUG o.s.security.web.FilterChainProxy - Securing GET /styles/header.css
2025-06-26 13:33:13 [http-nio-8080-exec-8] DEBUG o.s.security.web.FilterChainProxy - Secured GET /styles/footer.css
2025-06-26 13:33:13 [http-nio-8080-exec-10] DEBUG o.s.security.web.FilterChainProxy - Secured GET /styles/reset.css
2025-06-26 13:33:13 [http-nio-8080-exec-1] DEBUG o.s.security.web.FilterChainProxy - Secured GET /styles/normalize.8.0.1.css
2025-06-26 13:33:13 [http-nio-8080-exec-6] DEBUG o.s.security.web.FilterChainProxy - Secured GET /styles/showRecipe.css
2025-06-26 13:33:13 [http-nio-8080-exec-2] DEBUG o.s.security.web.FilterChainProxy - Secured GET /styles/global.css
2025-06-26 13:33:13 [http-nio-8080-exec-3] DEBUG o.s.security.web.FilterChainProxy - Secured GET /styles/header.css
2025-06-26 13:33:13 [http-nio-8080-exec-2] DEBUG o.s.s.w.c.HttpSessionSecurityContextRepository - Retrieved SecurityContextImpl [Authentication=UsernamePasswordAuthenticationToken [Principal=org.example.security.CustomUserDetails@7d2ecd25, Credentials=[PROTECTED], Authenticated=true, Details=WebAuthenticationDetails [RemoteIpAddress=0:0:0:0:0:0:0:1, SessionId=F1849EFB761C0C0B0BC5A9E69D33CDB1], Granted Authorities=[ROLE_USER]]]
2025-06-26 13:33:13 [http-nio-8080-exec-3] DEBUG o.s.s.w.c.HttpSessionSecurityContextRepository - Retrieved SecurityContextImpl [Authentication=UsernamePasswordAuthenticationToken [Principal=org.example.security.CustomUserDetails@7d2ecd25, Credentials=[PROTECTED], Authenticated=true, Details=WebAuthenticationDetails [RemoteIpAddress=0:0:0:0:0:0:0:1, SessionId=F1849EFB761C0C0B0BC5A9E69D33CDB1], Granted Authorities=[ROLE_USER]]]
2025-06-26 13:33:13 [http-nio-8080-exec-6] DEBUG o.s.s.w.c.HttpSessionSecurityContextRepository - Retrieved SecurityContextImpl [Authentication=UsernamePasswordAuthenticationToken [Principal=org.example.security.CustomUserDetails@7d2ecd25, Credentials=[PROTECTED], Authenticated=true, Details=WebAuthenticationDetails [RemoteIpAddress=0:0:0:0:0:0:0:1, SessionId=F1849EFB761C0C0B0BC5A9E69D33CDB1], Granted Authorities=[ROLE_USER]]]
2025-06-26 13:33:13 [http-nio-8080-exec-1] DEBUG o.s.s.w.c.HttpSessionSecurityContextRepository - Retrieved SecurityContextImpl [Authentication=UsernamePasswordAuthenticationToken [Principal=org.example.security.CustomUserDetails@7d2ecd25, Credentials=[PROTECTED], Authenticated=true, Details=WebAuthenticationDetails [RemoteIpAddress=0:0:0:0:0:0:0:1, SessionId=F1849EFB761C0C0B0BC5A9E69D33CDB1], Granted Authorities=[ROLE_USER]]]
2025-06-26 13:33:13 [http-nio-8080-exec-8] DEBUG o.s.s.w.c.HttpSessionSecurityContextRepository - Retrieved SecurityContextImpl [Authentication=UsernamePasswordAuthenticationToken [Principal=org.example.security.CustomUserDetails@7d2ecd25, Credentials=[PROTECTED], Authenticated=true, Details=WebAuthenticationDetails [RemoteIpAddress=0:0:0:0:0:0:0:1, SessionId=F1849EFB761C0C0B0BC5A9E69D33CDB1], Granted Authorities=[ROLE_USER]]]
2025-06-26 13:33:13 [http-nio-8080-exec-10] DEBUG o.s.s.w.c.HttpSessionSecurityContextRepository - Retrieved SecurityContextImpl [Authentication=UsernamePasswordAuthenticationToken [Principal=org.example.security.CustomUserDetails@7d2ecd25, Credentials=[PROTECTED], Authenticated=true, Details=WebAuthenticationDetails [RemoteIpAddress=0:0:0:0:0:0:0:1, SessionId=F1849EFB761C0C0B0BC5A9E69D33CDB1], Granted Authorities=[ROLE_USER]]]
2025-06-26 13:33:14 [http-nio-8080-exec-3] DEBUG o.s.security.web.FilterChainProxy - Securing POST /recipe/8/pdf
2025-06-26 13:33:14 [http-nio-8080-exec-3] DEBUG o.s.security.web.FilterChainProxy - Secured POST /recipe/8/pdf
2025-06-26 13:33:14 [http-nio-8080-exec-3] DEBUG o.s.s.w.c.HttpSessionSecurityContextRepository - Retrieved SecurityContextImpl [Authentication=UsernamePasswordAuthenticationToken [Principal=org.example.security.CustomUserDetails@7d2ecd25, Credentials=[PROTECTED], Authenticated=true, Details=WebAuthenticationDetails [RemoteIpAddress=0:0:0:0:0:0:0:1, SessionId=F1849EFB761C0C0B0BC5A9E69D33CDB1], Granted Authorities=[ROLE_USER]]]
2025-06-26 13:33:54 [SpringApplicationShutdownHook] INFO  com.zaxxer.hikari.HikariDataSource - HikariPool-1 - Shutdown initiated...
2025-06-26 13:33:54 [SpringApplicationShutdownHook] INFO  com.zaxxer.hikari.HikariDataSource - HikariPool-1 - Shutdown completed.
2025-06-26 15:11:48 [main] INFO  o.e.CulinaryExchangeApplication - Starting CulinaryExchangeApplication using Java 21.0.7 with PID 55999 (/Users/pro/IdeaProjects/culinaryExchangeS2/CulinaryService/target/classes started by pro in /Users/pro/IdeaProjects/culinaryExchangeS2/CulinaryService)
2025-06-26 15:11:48 [main] DEBUG o.e.CulinaryExchangeApplication - Running with Spring Boot v3.3.0, Spring v6.1.8
2025-06-26 15:11:48 [main] INFO  o.e.CulinaryExchangeApplication - No active profile set, falling back to 1 default profile: "default"
2025-06-26 15:11:48 [main] INFO  o.a.catalina.core.StandardService - Starting service [Tomcat]
2025-06-26 15:11:48 [main] INFO  o.a.catalina.core.StandardEngine - Starting Servlet engine: [Apache Tomcat/10.1.24]
2025-06-26 15:11:48 [main] INFO  o.apache.jasper.servlet.TldScanner - At least one JAR was scanned for TLDs yet contained no TLDs. Enable debug logging for this logger for a complete list of JARs that were scanned but no TLDs were found in them. Skipping unneeded JARs during scanning can improve startup time and JSP compilation time.
2025-06-26 15:11:48 [main] INFO  o.a.c.c.C.[.[localhost].[/culinary] - Initializing Spring embedded WebApplicationContext
2025-06-26 15:11:48 [main] INFO  com.zaxxer.hikari.HikariDataSource - HikariPool-1 - Starting...
2025-06-26 15:11:49 [main] INFO  com.zaxxer.hikari.pool.HikariPool - HikariPool-1 - Added connection org.postgresql.jdbc.PgConnection@1b17d8ab
2025-06-26 15:11:49 [main] INFO  com.zaxxer.hikari.HikariDataSource - HikariPool-1 - Start completed.
2025-06-26 15:11:49 [main] INFO  org.flywaydb.core.FlywayExecutor - Database: jdbc:postgresql://localhost:5432/culinaryExchangeS2 (PostgreSQL 17.1)
2025-06-26 15:11:49 [main] WARN  o.f.c.i.database.base.Database - Flyway upgrade recommended: PostgreSQL 17.1 is newer than this version of Flyway and support has not been tested. The latest supported version of PostgreSQL is 16.
2025-06-26 15:11:49 [main] INFO  o.f.core.internal.command.DbValidate - Successfully validated 1 migration (execution time 00:00.011s)
2025-06-26 15:11:49 [main] INFO  o.f.core.internal.command.DbMigrate - Current version of schema "public": 1
2025-06-26 15:11:49 [main] INFO  o.f.core.internal.command.DbMigrate - Schema "public" is up to date. No migration necessary.
2025-06-26 15:11:49 [main] INFO  o.h.jpa.internal.util.LogHelper - HHH000204: Processing PersistenceUnitInfo [name: default]
2025-06-26 15:11:49 [main] INFO  org.hibernate.Version - HHH000412: Hibernate ORM core version 6.5.2.Final
2025-06-26 15:11:49 [main] INFO  o.h.c.i.RegionFactoryInitiator - HHH000026: Second-level cache disabled
2025-06-26 15:11:49 [main] WARN  org.hibernate.orm.deprecation - HHH90000025: PostgreSQLDialect does not need to be specified explicitly using 'hibernate.dialect' (remove the property setting and it will be selected by default)
2025-06-26 15:11:49 [main] INFO  o.h.e.t.j.p.i.JtaPlatformInitiator - HHH000489: No JTA platform available (set 'hibernate.transaction.jta.platform' to enable JTA platform integration)
2025-06-26 15:11:50 [main] WARN  o.s.b.a.o.j.JpaBaseConfiguration$JpaWebConfiguration - spring.jpa.open-in-view is enabled by default. Therefore, database queries may be performed during view rendering. Explicitly configure spring.jpa.open-in-view to disable this warning
2025-06-26 15:11:50 [main] INFO  o.s.s.web.DefaultSecurityFilterChain - Will secure any request with [org.springframework.security.web.session.DisableEncodeUrlFilter@5dcf8b37, org.springframework.security.web.context.request.async.WebAsyncManagerIntegrationFilter@776609b, org.springframework.security.web.context.SecurityContextHolderFilter@7be55279, org.springframework.security.web.header.HeaderWriterFilter@29296e7, org.springframework.web.filter.CorsFilter@58da1b27, org.springframework.security.web.csrf.CsrfFilter@5531484a, org.springframework.security.web.authentication.logout.LogoutFilter@c73b9fc, org.springframework.security.web.authentication.UsernamePasswordAuthenticationFilter@4c3133a1, org.springframework.security.web.savedrequest.RequestCacheAwareFilter@241b5364, org.springframework.security.web.servletapi.SecurityContextHolderAwareRequestFilter@53a41fbe, org.springframework.security.web.authentication.AnonymousAuthenticationFilter@347c6044, org.springframework.security.web.access.ExceptionTranslationFilter@4f241437, org.springframework.security.web.access.intercept.AuthorizationFilter@20e06a86]
2025-06-26 15:11:50 [main] INFO  o.e.CulinaryExchangeApplication - Started CulinaryExchangeApplication in 2.168 seconds (process running for 2.454)
2025-06-26 15:11:53 [http-nio-8080-exec-1] INFO  o.a.c.c.C.[.[localhost].[/culinary] - Initializing Spring DispatcherServlet 'dispatcherServlet'
2025-06-26 15:11:53 [http-nio-8080-exec-1] DEBUG o.s.security.web.FilterChainProxy - Securing GET /recipe/8
2025-06-26 15:11:53 [http-nio-8080-exec-1] DEBUG o.s.security.web.FilterChainProxy - Secured GET /recipe/8
2025-06-26 15:11:53 [http-nio-8080-exec-1] DEBUG o.s.s.w.a.AnonymousAuthenticationFilter - Set SecurityContextHolder to anonymous SecurityContext
2025-06-26 15:11:53 [http-nio-8080-exec-1] DEBUG o.s.security.web.FilterChainProxy - Securing GET /WEB-INF/views/showRecipe.jsp
2025-06-26 15:11:53 [http-nio-8080-exec-1] DEBUG o.s.security.web.FilterChainProxy - Secured GET /WEB-INF/views/showRecipe.jsp
2025-06-26 15:11:54 [http-nio-8080-exec-3] DEBUG o.s.security.web.FilterChainProxy - Securing GET /styles/reset.css
2025-06-26 15:11:54 [http-nio-8080-exec-3] DEBUG o.s.security.web.FilterChainProxy - Secured GET /styles/reset.css
2025-06-26 15:11:54 [http-nio-8080-exec-2] DEBUG o.s.security.web.FilterChainProxy - Securing GET /styles/normalize.8.0.1.css
2025-06-26 15:11:54 [http-nio-8080-exec-2] DEBUG o.s.security.web.FilterChainProxy - Secured GET /styles/normalize.8.0.1.css
2025-06-26 15:11:54 [http-nio-8080-exec-4] DEBUG o.s.security.web.FilterChainProxy - Securing GET /styles/showRecipe.css
2025-06-26 15:11:54 [http-nio-8080-exec-4] DEBUG o.s.security.web.FilterChainProxy - Secured GET /styles/showRecipe.css
2025-06-26 15:11:54 [http-nio-8080-exec-6] DEBUG o.s.security.web.FilterChainProxy - Securing GET /styles/footer.css
2025-06-26 15:11:54 [http-nio-8080-exec-6] DEBUG o.s.security.web.FilterChainProxy - Secured GET /styles/footer.css
2025-06-26 15:11:54 [http-nio-8080-exec-5] DEBUG o.s.security.web.FilterChainProxy - Securing GET /styles/header.css
2025-06-26 15:11:54 [http-nio-8080-exec-7] DEBUG o.s.security.web.FilterChainProxy - Securing GET /styles/global.css
2025-06-26 15:11:54 [http-nio-8080-exec-7] DEBUG o.s.security.web.FilterChainProxy - Secured GET /styles/global.css
2025-06-26 15:11:54 [http-nio-8080-exec-5] DEBUG o.s.security.web.FilterChainProxy - Secured GET /styles/header.css
2025-06-26 15:11:54 [http-nio-8080-exec-7] DEBUG o.s.s.w.a.AnonymousAuthenticationFilter - Set SecurityContextHolder to anonymous SecurityContext
2025-06-26 15:11:54 [http-nio-8080-exec-5] DEBUG o.s.s.w.a.AnonymousAuthenticationFilter - Set SecurityContextHolder to anonymous SecurityContext
2025-06-26 15:11:54 [http-nio-8080-exec-2] DEBUG o.s.s.w.a.AnonymousAuthenticationFilter - Set SecurityContextHolder to anonymous SecurityContext
2025-06-26 15:11:54 [http-nio-8080-exec-6] DEBUG o.s.s.w.a.AnonymousAuthenticationFilter - Set SecurityContextHolder to anonymous SecurityContext
2025-06-26 15:11:54 [http-nio-8080-exec-4] DEBUG o.s.s.w.a.AnonymousAuthenticationFilter - Set SecurityContextHolder to anonymous SecurityContext
2025-06-26 15:11:54 [http-nio-8080-exec-3] DEBUG o.s.s.w.a.AnonymousAuthenticationFilter - Set SecurityContextHolder to anonymous SecurityContext
2025-06-26 15:11:54 [http-nio-8080-exec-8] DEBUG o.s.security.web.FilterChainProxy - Securing GET /login
2025-06-26 15:11:54 [http-nio-8080-exec-8] DEBUG o.s.security.web.FilterChainProxy - Secured GET /login
2025-06-26 15:11:54 [http-nio-8080-exec-8] DEBUG o.s.security.web.FilterChainProxy - Securing GET /WEB-INF/views/login.jsp
2025-06-26 15:11:54 [http-nio-8080-exec-8] DEBUG o.s.security.web.FilterChainProxy - Secured GET /WEB-INF/views/login.jsp
2025-06-26 15:11:54 [http-nio-8080-exec-8] DEBUG o.s.s.w.a.AnonymousAuthenticationFilter - Set SecurityContextHolder to anonymous SecurityContext
2025-06-26 15:11:55 [http-nio-8080-exec-9] DEBUG o.s.security.web.FilterChainProxy - Securing GET /styles/normalize.8.0.1.css
2025-06-26 15:11:55 [http-nio-8080-exec-10] DEBUG o.s.security.web.FilterChainProxy - Securing GET /styles/reset.css
2025-06-26 15:11:55 [http-nio-8080-exec-4] DEBUG o.s.security.web.FilterChainProxy - Securing GET /styles/global.css
2025-06-26 15:11:55 [http-nio-8080-exec-7] DEBUG o.s.security.web.FilterChainProxy - Securing GET /styles/header.css
2025-06-26 15:11:55 [http-nio-8080-exec-6] DEBUG o.s.security.web.FilterChainProxy - Securing GET /styles/footer.css
2025-06-26 15:11:55 [http-nio-8080-exec-4] DEBUG o.s.security.web.FilterChainProxy - Secured GET /styles/global.css
2025-06-26 15:11:55 [http-nio-8080-exec-9] DEBUG o.s.security.web.FilterChainProxy - Secured GET /styles/normalize.8.0.1.css
2025-06-26 15:11:55 [http-nio-8080-exec-10] DEBUG o.s.security.web.FilterChainProxy - Secured GET /styles/reset.css
2025-06-26 15:11:55 [http-nio-8080-exec-1] DEBUG o.s.security.web.FilterChainProxy - Securing GET /styles/login.css
2025-06-26 15:11:55 [http-nio-8080-exec-7] DEBUG o.s.security.web.FilterChainProxy - Secured GET /styles/header.css
2025-06-26 15:11:55 [http-nio-8080-exec-1] DEBUG o.s.security.web.FilterChainProxy - Secured GET /styles/login.css
2025-06-26 15:11:55 [http-nio-8080-exec-6] DEBUG o.s.security.web.FilterChainProxy - Secured GET /styles/footer.css
2025-06-26 15:11:55 [http-nio-8080-exec-6] DEBUG o.s.s.w.a.AnonymousAuthenticationFilter - Set SecurityContextHolder to anonymous SecurityContext
2025-06-26 15:11:55 [http-nio-8080-exec-9] DEBUG o.s.s.w.a.AnonymousAuthenticationFilter - Set SecurityContextHolder to anonymous SecurityContext
2025-06-26 15:11:55 [http-nio-8080-exec-4] DEBUG o.s.s.w.a.AnonymousAuthenticationFilter - Set SecurityContextHolder to anonymous SecurityContext
2025-06-26 15:11:55 [http-nio-8080-exec-7] DEBUG o.s.s.w.a.AnonymousAuthenticationFilter - Set SecurityContextHolder to anonymous SecurityContext
2025-06-26 15:11:55 [http-nio-8080-exec-10] DEBUG o.s.s.w.a.AnonymousAuthenticationFilter - Set SecurityContextHolder to anonymous SecurityContext
2025-06-26 15:11:55 [http-nio-8080-exec-1] DEBUG o.s.s.w.a.AnonymousAuthenticationFilter - Set SecurityContextHolder to anonymous SecurityContext
2025-06-26 15:11:57 [http-nio-8080-exec-9] DEBUG o.s.security.web.FilterChainProxy - Securing GET /recipe/8
2025-06-26 15:11:57 [http-nio-8080-exec-9] DEBUG o.s.security.web.FilterChainProxy - Secured GET /recipe/8
2025-06-26 15:11:57 [http-nio-8080-exec-9] DEBUG o.s.s.w.a.AnonymousAuthenticationFilter - Set SecurityContextHolder to anonymous SecurityContext
2025-06-26 15:11:57 [http-nio-8080-exec-9] DEBUG o.s.security.web.FilterChainProxy - Securing GET /WEB-INF/views/showRecipe.jsp
2025-06-26 15:11:57 [http-nio-8080-exec-9] DEBUG o.s.security.web.FilterChainProxy - Secured GET /WEB-INF/views/showRecipe.jsp
2025-06-26 15:11:57 [http-nio-8080-exec-7] DEBUG o.s.security.web.FilterChainProxy - Securing GET /styles/normalize.8.0.1.css
2025-06-26 15:11:57 [http-nio-8080-exec-7] DEBUG o.s.security.web.FilterChainProxy - Secured GET /styles/normalize.8.0.1.css
2025-06-26 15:11:57 [http-nio-8080-exec-10] DEBUG o.s.security.web.FilterChainProxy - Securing GET /styles/reset.css
2025-06-26 15:11:57 [http-nio-8080-exec-1] DEBUG o.s.security.web.FilterChainProxy - Securing GET /styles/showRecipe.css
2025-06-26 15:11:57 [http-nio-8080-exec-10] DEBUG o.s.security.web.FilterChainProxy - Secured GET /styles/reset.css
2025-06-26 15:11:57 [http-nio-8080-exec-1] DEBUG o.s.security.web.FilterChainProxy - Secured GET /styles/showRecipe.css
2025-06-26 15:11:57 [http-nio-8080-exec-7] DEBUG o.s.s.w.a.AnonymousAuthenticationFilter - Set SecurityContextHolder to anonymous SecurityContext
2025-06-26 15:11:57 [http-nio-8080-exec-1] DEBUG o.s.s.w.a.AnonymousAuthenticationFilter - Set SecurityContextHolder to anonymous SecurityContext
2025-06-26 15:11:57 [http-nio-8080-exec-2] DEBUG o.s.security.web.FilterChainProxy - Securing GET /styles/header.css
2025-06-26 15:11:57 [http-nio-8080-exec-8] DEBUG o.s.security.web.FilterChainProxy - Securing GET /styles/global.css
2025-06-26 15:11:57 [http-nio-8080-exec-2] DEBUG o.s.security.web.FilterChainProxy - Secured GET /styles/header.css
2025-06-26 15:11:57 [http-nio-8080-exec-8] DEBUG o.s.security.web.FilterChainProxy - Secured GET /styles/global.css
2025-06-26 15:11:57 [http-nio-8080-exec-7] DEBUG o.s.security.web.FilterChainProxy - Securing GET /styles/footer.css
2025-06-26 15:11:57 [http-nio-8080-exec-7] DEBUG o.s.security.web.FilterChainProxy - Secured GET /styles/footer.css
2025-06-26 15:11:57 [http-nio-8080-exec-8] DEBUG o.s.s.w.a.AnonymousAuthenticationFilter - Set SecurityContextHolder to anonymous SecurityContext
2025-06-26 15:11:57 [http-nio-8080-exec-10] DEBUG o.s.s.w.a.AnonymousAuthenticationFilter - Set SecurityContextHolder to anonymous SecurityContext
2025-06-26 15:11:57 [http-nio-8080-exec-2] DEBUG o.s.s.w.a.AnonymousAuthenticationFilter - Set SecurityContextHolder to anonymous SecurityContext
2025-06-26 15:11:57 [http-nio-8080-exec-7] DEBUG o.s.s.w.a.AnonymousAuthenticationFilter - Set SecurityContextHolder to anonymous SecurityContext
2025-06-26 15:11:59 [http-nio-8080-exec-5] DEBUG o.s.security.web.FilterChainProxy - Securing GET /profile/2
2025-06-26 15:11:59 [http-nio-8080-exec-5] DEBUG o.s.security.web.FilterChainProxy - Secured GET /profile/2
2025-06-26 15:11:59 [http-nio-8080-exec-5] DEBUG o.s.s.w.a.AnonymousAuthenticationFilter - Set SecurityContextHolder to anonymous SecurityContext
2025-06-26 15:11:59 [http-nio-8080-exec-5] DEBUG o.s.security.web.FilterChainProxy - Securing GET /WEB-INF/views/profile.jsp
2025-06-26 15:11:59 [http-nio-8080-exec-5] DEBUG o.s.security.web.FilterChainProxy - Secured GET /WEB-INF/views/profile.jsp
2025-06-26 15:11:59 [http-nio-8080-exec-4] DEBUG o.s.security.web.FilterChainProxy - Securing GET /styles/normalize.8.0.1.css
2025-06-26 15:11:59 [http-nio-8080-exec-4] DEBUG o.s.security.web.FilterChainProxy - Secured GET /styles/normalize.8.0.1.css
2025-06-26 15:11:59 [http-nio-8080-exec-9] DEBUG o.s.security.web.FilterChainProxy - Securing GET /styles/profile.css
2025-06-26 15:11:59 [http-nio-8080-exec-3] DEBUG o.s.security.web.FilterChainProxy - Securing GET /styles/reset.css
2025-06-26 15:11:59 [http-nio-8080-exec-8] DEBUG o.s.security.web.FilterChainProxy - Securing GET /styles/footer.css
2025-06-26 15:11:59 [http-nio-8080-exec-9] DEBUG o.s.security.web.FilterChainProxy - Secured GET /styles/profile.css
2025-06-26 15:11:59 [http-nio-8080-exec-3] DEBUG o.s.security.web.FilterChainProxy - Secured GET /styles/reset.css
2025-06-26 15:11:59 [http-nio-8080-exec-8] DEBUG o.s.security.web.FilterChainProxy - Secured GET /styles/footer.css
2025-06-26 15:11:59 [http-nio-8080-exec-1] DEBUG o.s.security.web.FilterChainProxy - Securing GET /styles/header.css
2025-06-26 15:11:59 [http-nio-8080-exec-1] DEBUG o.s.security.web.FilterChainProxy - Secured GET /styles/header.css
2025-06-26 15:11:59 [http-nio-8080-exec-6] DEBUG o.s.security.web.FilterChainProxy - Securing GET /styles/global.css
2025-06-26 15:11:59 [http-nio-8080-exec-6] DEBUG o.s.security.web.FilterChainProxy - Secured GET /styles/global.css
2025-06-26 15:11:59 [http-nio-8080-exec-4] DEBUG o.s.s.w.a.AnonymousAuthenticationFilter - Set SecurityContextHolder to anonymous SecurityContext
2025-06-26 15:11:59 [http-nio-8080-exec-8] DEBUG o.s.s.w.a.AnonymousAuthenticationFilter - Set SecurityContextHolder to anonymous SecurityContext
2025-06-26 15:11:59 [http-nio-8080-exec-3] DEBUG o.s.s.w.a.AnonymousAuthenticationFilter - Set SecurityContextHolder to anonymous SecurityContext
2025-06-26 15:11:59 [http-nio-8080-exec-1] DEBUG o.s.s.w.a.AnonymousAuthenticationFilter - Set SecurityContextHolder to anonymous SecurityContext
2025-06-26 15:11:59 [http-nio-8080-exec-9] DEBUG o.s.s.w.a.AnonymousAuthenticationFilter - Set SecurityContextHolder to anonymous SecurityContext
2025-06-26 15:11:59 [http-nio-8080-exec-6] DEBUG o.s.s.w.a.AnonymousAuthenticationFilter - Set SecurityContextHolder to anonymous SecurityContext
2025-06-26 15:11:59 [http-nio-8080-exec-10] DEBUG o.s.security.web.FilterChainProxy - Securing GET /image?file=1750622154553_%D0%91%D0%B5%D0%B7%20%D0%B7%D0%B0%D0%B3%D0%BE%D0%BB%D0%BE%D0%B2%D0%BA%D0%B0.png
2025-06-26 15:11:59 [http-nio-8080-exec-10] DEBUG o.s.security.web.FilterChainProxy - Secured GET /image?file=1750622154553_%D0%91%D0%B5%D0%B7%20%D0%B7%D0%B0%D0%B3%D0%BE%D0%BB%D0%BE%D0%B2%D0%BA%D0%B0.png
2025-06-26 15:11:59 [http-nio-8080-exec-10] DEBUG o.s.s.w.a.AnonymousAuthenticationFilter - Set SecurityContextHolder to anonymous SecurityContext
2025-06-26 15:12:01 [http-nio-8080-exec-1] DEBUG o.s.security.web.FilterChainProxy - Securing GET /login
2025-06-26 15:12:01 [http-nio-8080-exec-1] DEBUG o.s.security.web.FilterChainProxy - Secured GET /login
2025-06-26 15:12:01 [http-nio-8080-exec-1] DEBUG o.s.security.web.FilterChainProxy - Securing GET /WEB-INF/views/login.jsp
2025-06-26 15:12:01 [http-nio-8080-exec-1] DEBUG o.s.security.web.FilterChainProxy - Secured GET /WEB-INF/views/login.jsp
2025-06-26 15:12:01 [http-nio-8080-exec-1] DEBUG o.s.s.w.a.AnonymousAuthenticationFilter - Set SecurityContextHolder to anonymous SecurityContext
2025-06-26 15:12:01 [http-nio-8080-exec-6] DEBUG o.s.security.web.FilterChainProxy - Securing GET /styles/normalize.8.0.1.css
2025-06-26 15:12:01 [http-nio-8080-exec-6] DEBUG o.s.security.web.FilterChainProxy - Secured GET /styles/normalize.8.0.1.css
2025-06-26 15:12:01 [http-nio-8080-exec-10] DEBUG o.s.security.web.FilterChainProxy - Securing GET /styles/footer.css
2025-06-26 15:12:01 [http-nio-8080-exec-5] DEBUG o.s.security.web.FilterChainProxy - Securing GET /styles/global.css
2025-06-26 15:12:01 [http-nio-8080-exec-10] DEBUG o.s.security.web.FilterChainProxy - Secured GET /styles/footer.css
2025-06-26 15:12:01 [http-nio-8080-exec-5] DEBUG o.s.security.web.FilterChainProxy - Secured GET /styles/global.css
2025-06-26 15:12:01 [http-nio-8080-exec-4] DEBUG o.s.security.web.FilterChainProxy - Securing GET /styles/login.css
2025-06-26 15:12:01 [http-nio-8080-exec-4] DEBUG o.s.security.web.FilterChainProxy - Secured GET /styles/login.css
2025-06-26 15:12:01 [http-nio-8080-exec-5] DEBUG o.s.s.w.a.AnonymousAuthenticationFilter - Set SecurityContextHolder to anonymous SecurityContext
2025-06-26 15:12:01 [http-nio-8080-exec-6] DEBUG o.s.s.w.a.AnonymousAuthenticationFilter - Set SecurityContextHolder to anonymous SecurityContext
2025-06-26 15:12:01 [http-nio-8080-exec-4] DEBUG o.s.s.w.a.AnonymousAuthenticationFilter - Set SecurityContextHolder to anonymous SecurityContext
2025-06-26 15:12:01 [http-nio-8080-exec-9] DEBUG o.s.security.web.FilterChainProxy - Securing GET /styles/reset.css
2025-06-26 15:12:01 [http-nio-8080-exec-9] DEBUG o.s.security.web.FilterChainProxy - Secured GET /styles/reset.css
2025-06-26 15:12:01 [http-nio-8080-exec-5] DEBUG o.s.security.web.FilterChainProxy - Securing GET /styles/header.css
2025-06-26 15:12:01 [http-nio-8080-exec-5] DEBUG o.s.security.web.FilterChainProxy - Secured GET /styles/header.css
2025-06-26 15:12:01 [http-nio-8080-exec-10] DEBUG o.s.s.w.a.AnonymousAuthenticationFilter - Set SecurityContextHolder to anonymous SecurityContext
2025-06-26 15:12:01 [http-nio-8080-exec-9] DEBUG o.s.s.w.a.AnonymousAuthenticationFilter - Set SecurityContextHolder to anonymous SecurityContext
2025-06-26 15:12:01 [http-nio-8080-exec-5] DEBUG o.s.s.w.a.AnonymousAuthenticationFilter - Set SecurityContextHolder to anonymous SecurityContext
2025-06-26 15:12:06 [http-nio-8080-exec-8] DEBUG o.s.security.web.FilterChainProxy - Securing POST /login
2025-06-26 15:12:06 [http-nio-8080-exec-8] DEBUG o.s.s.a.d.DaoAuthenticationProvider - Authenticated user
2025-06-26 15:12:06 [http-nio-8080-exec-8] DEBUG o.s.s.w.a.s.ChangeSessionIdAuthenticationStrategy - Changed session id from 069551FA3DDE126617B0480B4E575F35
2025-06-26 15:12:06 [http-nio-8080-exec-8] DEBUG o.s.s.w.c.CsrfAuthenticationStrategy - Replaced CSRF Token
2025-06-26 15:12:06 [http-nio-8080-exec-8] DEBUG o.s.s.w.c.HttpSessionSecurityContextRepository - Stored SecurityContextImpl [Authentication=UsernamePasswordAuthenticationToken [Principal=org.example.security.CustomUserDetails@5bc854f9, Credentials=[PROTECTED], Authenticated=true, Details=WebAuthenticationDetails [RemoteIpAddress=0:0:0:0:0:0:0:1, SessionId=069551FA3DDE126617B0480B4E575F35], Granted Authorities=[ROLE_USER]]] to HttpSession [org.apache.catalina.session.StandardSessionFacade@15df947c]
2025-06-26 15:12:06 [http-nio-8080-exec-8] DEBUG o.s.s.w.a.UsernamePasswordAuthenticationFilter - Set SecurityContextHolder to UsernamePasswordAuthenticationToken [Principal=org.example.security.CustomUserDetails@5bc854f9, Credentials=[PROTECTED], Authenticated=true, Details=WebAuthenticationDetails [RemoteIpAddress=0:0:0:0:0:0:0:1, SessionId=069551FA3DDE126617B0480B4E575F35], Granted Authorities=[ROLE_USER]]
2025-06-26 15:12:06 [http-nio-8080-exec-8] DEBUG o.s.s.web.DefaultRedirectStrategy - Redirecting to /culinary/
2025-06-26 15:12:06 [http-nio-8080-exec-10] DEBUG o.s.security.web.FilterChainProxy - Securing GET /
2025-06-26 15:12:06 [http-nio-8080-exec-10] DEBUG o.s.security.web.FilterChainProxy - Secured GET /
2025-06-26 15:12:06 [http-nio-8080-exec-10] DEBUG o.s.security.web.FilterChainProxy - Securing GET /WEB-INF/views/mainPage.jsp
2025-06-26 15:12:06 [http-nio-8080-exec-10] DEBUG o.s.security.web.FilterChainProxy - Secured GET /WEB-INF/views/mainPage.jsp
2025-06-26 15:12:06 [http-nio-8080-exec-10] DEBUG o.s.s.w.c.HttpSessionSecurityContextRepository - Retrieved SecurityContextImpl [Authentication=UsernamePasswordAuthenticationToken [Principal=org.example.security.CustomUserDetails@5bc854f9, Credentials=[PROTECTED], Authenticated=true, Details=WebAuthenticationDetails [RemoteIpAddress=0:0:0:0:0:0:0:1, SessionId=069551FA3DDE126617B0480B4E575F35], Granted Authorities=[ROLE_USER]]]
2025-06-26 15:12:06 [http-nio-8080-exec-9] DEBUG o.s.security.web.FilterChainProxy - Securing GET /styles/normalize.8.0.1.css
2025-06-26 15:12:06 [http-nio-8080-exec-9] DEBUG o.s.security.web.FilterChainProxy - Secured GET /styles/normalize.8.0.1.css
2025-06-26 15:12:06 [http-nio-8080-exec-5] DEBUG o.s.security.web.FilterChainProxy - Securing GET /styles/reset.css
2025-06-26 15:12:06 [http-nio-8080-exec-5] DEBUG o.s.security.web.FilterChainProxy - Secured GET /styles/reset.css
2025-06-26 15:12:06 [http-nio-8080-exec-3] DEBUG o.s.security.web.FilterChainProxy - Securing GET /styles/header.css
2025-06-26 15:12:06 [http-nio-8080-exec-6] DEBUG o.s.security.web.FilterChainProxy - Securing GET /styles/global.css
2025-06-26 15:12:06 [http-nio-8080-exec-7] DEBUG o.s.security.web.FilterChainProxy - Securing GET /styles/mainPage.css
2025-06-26 15:12:06 [http-nio-8080-exec-3] DEBUG o.s.security.web.FilterChainProxy - Secured GET /styles/header.css
2025-06-26 15:12:06 [http-nio-8080-exec-6] DEBUG o.s.security.web.FilterChainProxy - Secured GET /styles/global.css
2025-06-26 15:12:06 [http-nio-8080-exec-1] DEBUG o.s.security.web.FilterChainProxy - Securing GET /styles/footer.css
2025-06-26 15:12:06 [http-nio-8080-exec-7] DEBUG o.s.security.web.FilterChainProxy - Secured GET /styles/mainPage.css
2025-06-26 15:12:06 [http-nio-8080-exec-1] DEBUG o.s.security.web.FilterChainProxy - Secured GET /styles/footer.css
2025-06-26 15:12:06 [http-nio-8080-exec-5] DEBUG o.s.s.w.c.HttpSessionSecurityContextRepository - Retrieved SecurityContextImpl [Authentication=UsernamePasswordAuthenticationToken [Principal=org.example.security.CustomUserDetails@5bc854f9, Credentials=[PROTECTED], Authenticated=true, Details=WebAuthenticationDetails [RemoteIpAddress=0:0:0:0:0:0:0:1, SessionId=069551FA3DDE126617B0480B4E575F35], Granted Authorities=[ROLE_USER]]]
2025-06-26 15:12:06 [http-nio-8080-exec-9] DEBUG o.s.s.w.c.HttpSessionSecurityContextRepository - Retrieved SecurityContextImpl [Authentication=UsernamePasswordAuthenticationToken [Principal=org.example.security.CustomUserDetails@5bc854f9, Credentials=[PROTECTED], Authenticated=true, Details=WebAuthenticationDetails [RemoteIpAddress=0:0:0:0:0:0:0:1, SessionId=069551FA3DDE126617B0480B4E575F35], Granted Authorities=[ROLE_USER]]]
2025-06-26 15:12:06 [http-nio-8080-exec-6] DEBUG o.s.s.w.c.HttpSessionSecurityContextRepository - Retrieved SecurityContextImpl [Authentication=UsernamePasswordAuthenticationToken [Principal=org.example.security.CustomUserDetails@5bc854f9, Credentials=[PROTECTED], Authenticated=true, Details=WebAuthenticationDetails [RemoteIpAddress=0:0:0:0:0:0:0:1, SessionId=069551FA3DDE126617B0480B4E575F35], Granted Authorities=[ROLE_USER]]]
2025-06-26 15:12:06 [http-nio-8080-exec-3] DEBUG o.s.s.w.c.HttpSessionSecurityContextRepository - Retrieved SecurityContextImpl [Authentication=UsernamePasswordAuthenticationToken [Principal=org.example.security.CustomUserDetails@5bc854f9, Credentials=[PROTECTED], Authenticated=true, Details=WebAuthenticationDetails [RemoteIpAddress=0:0:0:0:0:0:0:1, SessionId=069551FA3DDE126617B0480B4E575F35], Granted Authorities=[ROLE_USER]]]
2025-06-26 15:12:06 [http-nio-8080-exec-1] DEBUG o.s.s.w.c.HttpSessionSecurityContextRepository - Retrieved SecurityContextImpl [Authentication=UsernamePasswordAuthenticationToken [Principal=org.example.security.CustomUserDetails@5bc854f9, Credentials=[PROTECTED], Authenticated=true, Details=WebAuthenticationDetails [RemoteIpAddress=0:0:0:0:0:0:0:1, SessionId=069551FA3DDE126617B0480B4E575F35], Granted Authorities=[ROLE_USER]]]
2025-06-26 15:12:06 [http-nio-8080-exec-7] DEBUG o.s.s.w.c.HttpSessionSecurityContextRepository - Retrieved SecurityContextImpl [Authentication=UsernamePasswordAuthenticationToken [Principal=org.example.security.CustomUserDetails@5bc854f9, Credentials=[PROTECTED], Authenticated=true, Details=WebAuthenticationDetails [RemoteIpAddress=0:0:0:0:0:0:0:1, SessionId=069551FA3DDE126617B0480B4E575F35], Granted Authorities=[ROLE_USER]]]
2025-06-26 15:12:06 [http-nio-8080-exec-8] DEBUG o.s.security.web.FilterChainProxy - Securing GET /image?file=1750635976463_%D0%A1%D0%BD%D0%B8%D0%BC%D0%BE%D0%BA%20%D1%8D%D0%BA%D1%80%D0%B0%D0%BD%D0%B0%202025-03-16%20%D0%B2%2011.03.50.png
2025-06-26 15:12:06 [http-nio-8080-exec-2] DEBUG o.s.security.web.FilterChainProxy - Securing GET /image?file=1750635278979_%D0%A1%D0%BD%D0%B8%D0%BC%D0%BE%D0%BA%20%D1%8D%D0%BA%D1%80%D0%B0%D0%BD%D0%B0%202025-02-20%20%D0%B2%2015.38.15.png
2025-06-26 15:12:06 [http-nio-8080-exec-4] DEBUG o.s.security.web.FilterChainProxy - Securing GET /image?file=1750687597303_%D0%A1%D0%BD%D0%B8%D0%BC%D0%BE%D0%BA%20%D1%8D%D0%BA%D1%80%D0%B0%D0%BD%D0%B0%202025-03-16%20%D0%B2%2019.33.55.png
2025-06-26 15:12:06 [http-nio-8080-exec-8] DEBUG o.s.security.web.FilterChainProxy - Secured GET /image?file=1750635976463_%D0%A1%D0%BD%D0%B8%D0%BC%D0%BE%D0%BA%20%D1%8D%D0%BA%D1%80%D0%B0%D0%BD%D0%B0%202025-03-16%20%D0%B2%2011.03.50.png
2025-06-26 15:12:06 [http-nio-8080-exec-2] DEBUG o.s.security.web.FilterChainProxy - Secured GET /image?file=1750635278979_%D0%A1%D0%BD%D0%B8%D0%BC%D0%BE%D0%BA%20%D1%8D%D0%BA%D1%80%D0%B0%D0%BD%D0%B0%202025-02-20%20%D0%B2%2015.38.15.png
2025-06-26 15:12:06 [http-nio-8080-exec-4] DEBUG o.s.security.web.FilterChainProxy - Secured GET /image?file=1750687597303_%D0%A1%D0%BD%D0%B8%D0%BC%D0%BE%D0%BA%20%D1%8D%D0%BA%D1%80%D0%B0%D0%BD%D0%B0%202025-03-16%20%D0%B2%2019.33.55.png
2025-06-26 15:12:06 [http-nio-8080-exec-8] DEBUG o.s.s.w.c.HttpSessionSecurityContextRepository - Retrieved SecurityContextImpl [Authentication=UsernamePasswordAuthenticationToken [Principal=org.example.security.CustomUserDetails@5bc854f9, Credentials=[PROTECTED], Authenticated=true, Details=WebAuthenticationDetails [RemoteIpAddress=0:0:0:0:0:0:0:1, SessionId=069551FA3DDE126617B0480B4E575F35], Granted Authorities=[ROLE_USER]]]
2025-06-26 15:12:06 [http-nio-8080-exec-4] DEBUG o.s.s.w.c.HttpSessionSecurityContextRepository - Retrieved SecurityContextImpl [Authentication=UsernamePasswordAuthenticationToken [Principal=org.example.security.CustomUserDetails@5bc854f9, Credentials=[PROTECTED], Authenticated=true, Details=WebAuthenticationDetails [RemoteIpAddress=0:0:0:0:0:0:0:1, SessionId=069551FA3DDE126617B0480B4E575F35], Granted Authorities=[ROLE_USER]]]
2025-06-26 15:12:06 [http-nio-8080-exec-2] DEBUG o.s.s.w.c.HttpSessionSecurityContextRepository - Retrieved SecurityContextImpl [Authentication=UsernamePasswordAuthenticationToken [Principal=org.example.security.CustomUserDetails@5bc854f9, Credentials=[PROTECTED], Authenticated=true, Details=WebAuthenticationDetails [RemoteIpAddress=0:0:0:0:0:0:0:1, SessionId=069551FA3DDE126617B0480B4E575F35], Granted Authorities=[ROLE_USER]]]
2025-06-26 15:12:07 [http-nio-8080-exec-10] DEBUG o.s.security.web.FilterChainProxy - Securing GET /recipe/create
2025-06-26 15:12:07 [http-nio-8080-exec-10] DEBUG o.s.s.w.c.HttpSessionSecurityContextRepository - Retrieved SecurityContextImpl [Authentication=UsernamePasswordAuthenticationToken [Principal=org.example.security.CustomUserDetails@5bc854f9, Credentials=[PROTECTED], Authenticated=true, Details=WebAuthenticationDetails [RemoteIpAddress=0:0:0:0:0:0:0:1, SessionId=069551FA3DDE126617B0480B4E575F35], Granted Authorities=[ROLE_USER]]]
2025-06-26 15:12:07 [http-nio-8080-exec-10] DEBUG o.s.security.web.FilterChainProxy - Secured GET /recipe/create
2025-06-26 15:12:07 [http-nio-8080-exec-10] DEBUG o.s.security.web.FilterChainProxy - Securing GET /WEB-INF/views/createRecipe.jsp
2025-06-26 15:12:07 [http-nio-8080-exec-10] DEBUG o.s.security.web.FilterChainProxy - Secured GET /WEB-INF/views/createRecipe.jsp
2025-06-26 15:12:07 [http-nio-8080-exec-5] DEBUG o.s.security.web.FilterChainProxy - Securing GET /styles/normalize.8.0.1.css
2025-06-26 15:12:07 [http-nio-8080-exec-5] DEBUG o.s.security.web.FilterChainProxy - Secured GET /styles/normalize.8.0.1.css
2025-06-26 15:12:07 [http-nio-8080-exec-5] DEBUG o.s.s.w.c.HttpSessionSecurityContextRepository - Retrieved SecurityContextImpl [Authentication=UsernamePasswordAuthenticationToken [Principal=org.example.security.CustomUserDetails@5bc854f9, Credentials=[PROTECTED], Authenticated=true, Details=WebAuthenticationDetails [RemoteIpAddress=0:0:0:0:0:0:0:1, SessionId=069551FA3DDE126617B0480B4E575F35], Granted Authorities=[ROLE_USER]]]
2025-06-26 15:12:07 [http-nio-8080-exec-9] DEBUG o.s.security.web.FilterChainProxy - Securing GET /styles/reset.css
2025-06-26 15:12:07 [http-nio-8080-exec-1] DEBUG o.s.security.web.FilterChainProxy - Securing GET /styles/createRecipe.css
2025-06-26 15:12:07 [http-nio-8080-exec-3] DEBUG o.s.security.web.FilterChainProxy - Securing GET /styles/header.css
2025-06-26 15:12:07 [http-nio-8080-exec-1] DEBUG o.s.security.web.FilterChainProxy - Secured GET /styles/createRecipe.css
2025-06-26 15:12:07 [http-nio-8080-exec-6] DEBUG o.s.security.web.FilterChainProxy - Securing GET /styles/footer.css
2025-06-26 15:12:07 [http-nio-8080-exec-3] DEBUG o.s.security.web.FilterChainProxy - Secured GET /styles/header.css
2025-06-26 15:12:07 [http-nio-8080-exec-9] DEBUG o.s.security.web.FilterChainProxy - Secured GET /styles/reset.css
2025-06-26 15:12:07 [http-nio-8080-exec-6] DEBUG o.s.security.web.FilterChainProxy - Secured GET /styles/footer.css
2025-06-26 15:12:07 [http-nio-8080-exec-7] DEBUG o.s.security.web.FilterChainProxy - Securing GET /styles/global.css
2025-06-26 15:12:07 [http-nio-8080-exec-7] DEBUG o.s.security.web.FilterChainProxy - Secured GET /styles/global.css
2025-06-26 15:12:07 [http-nio-8080-exec-3] DEBUG o.s.s.w.c.HttpSessionSecurityContextRepository - Retrieved SecurityContextImpl [Authentication=UsernamePasswordAuthenticationToken [Principal=org.example.security.CustomUserDetails@5bc854f9, Credentials=[PROTECTED], Authenticated=true, Details=WebAuthenticationDetails [RemoteIpAddress=0:0:0:0:0:0:0:1, SessionId=069551FA3DDE126617B0480B4E575F35], Granted Authorities=[ROLE_USER]]]
2025-06-26 15:12:07 [http-nio-8080-exec-1] DEBUG o.s.s.w.c.HttpSessionSecurityContextRepository - Retrieved SecurityContextImpl [Authentication=UsernamePasswordAuthenticationToken [Principal=org.example.security.CustomUserDetails@5bc854f9, Credentials=[PROTECTED], Authenticated=true, Details=WebAuthenticationDetails [RemoteIpAddress=0:0:0:0:0:0:0:1, SessionId=069551FA3DDE126617B0480B4E575F35], Granted Authorities=[ROLE_USER]]]
2025-06-26 15:12:07 [http-nio-8080-exec-6] DEBUG o.s.s.w.c.HttpSessionSecurityContextRepository - Retrieved SecurityContextImpl [Authentication=UsernamePasswordAuthenticationToken [Principal=org.example.security.CustomUserDetails@5bc854f9, Credentials=[PROTECTED], Authenticated=true, Details=WebAuthenticationDetails [RemoteIpAddress=0:0:0:0:0:0:0:1, SessionId=069551FA3DDE126617B0480B4E575F35], Granted Authorities=[ROLE_USER]]]
2025-06-26 15:12:07 [http-nio-8080-exec-9] DEBUG o.s.s.w.c.HttpSessionSecurityContextRepository - Retrieved SecurityContextImpl [Authentication=UsernamePasswordAuthenticationToken [Principal=org.example.security.CustomUserDetails@5bc854f9, Credentials=[PROTECTED], Authenticated=true, Details=WebAuthenticationDetails [RemoteIpAddress=0:0:0:0:0:0:0:1, SessionId=069551FA3DDE126617B0480B4E575F35], Granted Authorities=[ROLE_USER]]]
2025-06-26 15:12:07 [http-nio-8080-exec-7] DEBUG o.s.s.w.c.HttpSessionSecurityContextRepository - Retrieved SecurityContextImpl [Authentication=UsernamePasswordAuthenticationToken [Principal=org.example.security.CustomUserDetails@5bc854f9, Credentials=[PROTECTED], Authenticated=true, Details=WebAuthenticationDetails [RemoteIpAddress=0:0:0:0:0:0:0:1, SessionId=069551FA3DDE126617B0480B4E575F35], Granted Authorities=[ROLE_USER]]]
2025-06-26 15:12:36 [http-nio-8080-exec-1] DEBUG o.s.security.web.FilterChainProxy - Securing POST /recipe/create
2025-06-26 15:12:36 [http-nio-8080-exec-1] DEBUG o.s.security.web.csrf.CsrfFilter - Invalid CSRF token found for http://localhost:8080/culinary/recipe/create
2025-06-26 15:12:36 [http-nio-8080-exec-1] DEBUG o.s.s.w.a.AccessDeniedHandlerImpl - Responding with 403 status code
2025-06-26 15:12:36 [http-nio-8080-exec-1] DEBUG o.s.security.web.FilterChainProxy - Securing POST /error
2025-06-26 15:12:36 [http-nio-8080-exec-1] DEBUG o.s.security.web.FilterChainProxy - Secured POST /error
2025-06-26 15:12:36 [http-nio-8080-exec-1] DEBUG o.s.s.w.c.HttpSessionSecurityContextRepository - Retrieved SecurityContextImpl [Authentication=UsernamePasswordAuthenticationToken [Principal=org.example.security.CustomUserDetails@5bc854f9, Credentials=[PROTECTED], Authenticated=true, Details=WebAuthenticationDetails [RemoteIpAddress=0:0:0:0:0:0:0:1, SessionId=069551FA3DDE126617B0480B4E575F35], Granted Authorities=[ROLE_USER]]]
2025-06-26 15:18:05 [HikariPool-1 housekeeper] WARN  com.zaxxer.hikari.pool.HikariPool - HikariPool-1 - Thread starvation or clock leap detected (housekeeper delta=4m16s717ms).
2025-06-26 15:19:02 [SpringApplicationShutdownHook] INFO  com.zaxxer.hikari.HikariDataSource - HikariPool-1 - Shutdown initiated...
2025-06-26 15:19:02 [SpringApplicationShutdownHook] INFO  com.zaxxer.hikari.HikariDataSource - HikariPool-1 - Shutdown completed.
2025-06-26 15:19:03 [main] INFO  o.e.CulinaryExchangeApplication - Starting CulinaryExchangeApplication using Java 21.0.7 with PID 56245 (/Users/pro/IdeaProjects/culinaryExchangeS2/CulinaryService/target/classes started by pro in /Users/pro/IdeaProjects/culinaryExchangeS2/CulinaryService)
2025-06-26 15:19:03 [main] DEBUG o.e.CulinaryExchangeApplication - Running with Spring Boot v3.3.0, Spring v6.1.8
2025-06-26 15:19:03 [main] INFO  o.e.CulinaryExchangeApplication - No active profile set, falling back to 1 default profile: "default"
2025-06-26 15:19:03 [main] INFO  o.a.catalina.core.StandardService - Starting service [Tomcat]
2025-06-26 15:19:03 [main] INFO  o.a.catalina.core.StandardEngine - Starting Servlet engine: [Apache Tomcat/10.1.24]
2025-06-26 15:19:03 [main] INFO  o.apache.jasper.servlet.TldScanner - At least one JAR was scanned for TLDs yet contained no TLDs. Enable debug logging for this logger for a complete list of JARs that were scanned but no TLDs were found in them. Skipping unneeded JARs during scanning can improve startup time and JSP compilation time.
2025-06-26 15:19:03 [main] INFO  o.a.c.c.C.[.[localhost].[/culinary] - Initializing Spring embedded WebApplicationContext
2025-06-26 15:19:04 [main] INFO  com.zaxxer.hikari.HikariDataSource - HikariPool-1 - Starting...
2025-06-26 15:19:04 [main] INFO  com.zaxxer.hikari.pool.HikariPool - HikariPool-1 - Added connection org.postgresql.jdbc.PgConnection@4861cca9
2025-06-26 15:19:04 [main] INFO  com.zaxxer.hikari.HikariDataSource - HikariPool-1 - Start completed.
2025-06-26 15:19:04 [main] INFO  org.flywaydb.core.FlywayExecutor - Database: jdbc:postgresql://localhost:5432/culinaryExchangeS2 (PostgreSQL 17.1)
2025-06-26 15:19:04 [main] WARN  o.f.c.i.database.base.Database - Flyway upgrade recommended: PostgreSQL 17.1 is newer than this version of Flyway and support has not been tested. The latest supported version of PostgreSQL is 16.
2025-06-26 15:19:04 [main] INFO  o.f.core.internal.command.DbValidate - Successfully validated 1 migration (execution time 00:00.011s)
2025-06-26 15:19:04 [main] INFO  o.f.core.internal.command.DbMigrate - Current version of schema "public": 1
2025-06-26 15:19:04 [main] INFO  o.f.core.internal.command.DbMigrate - Schema "public" is up to date. No migration necessary.
2025-06-26 15:19:04 [main] INFO  o.h.jpa.internal.util.LogHelper - HHH000204: Processing PersistenceUnitInfo [name: default]
2025-06-26 15:19:04 [main] INFO  org.hibernate.Version - HHH000412: Hibernate ORM core version 6.5.2.Final
2025-06-26 15:19:04 [main] INFO  o.h.c.i.RegionFactoryInitiator - HHH000026: Second-level cache disabled
2025-06-26 15:19:04 [main] WARN  org.hibernate.orm.deprecation - HHH90000025: PostgreSQLDialect does not need to be specified explicitly using 'hibernate.dialect' (remove the property setting and it will be selected by default)
2025-06-26 15:19:04 [main] INFO  o.h.e.t.j.p.i.JtaPlatformInitiator - HHH000489: No JTA platform available (set 'hibernate.transaction.jta.platform' to enable JTA platform integration)
2025-06-26 15:19:05 [main] WARN  o.s.b.a.o.j.JpaBaseConfiguration$JpaWebConfiguration - spring.jpa.open-in-view is enabled by default. Therefore, database queries may be performed during view rendering. Explicitly configure spring.jpa.open-in-view to disable this warning
2025-06-26 15:19:05 [main] INFO  o.s.s.web.DefaultSecurityFilterChain - Will secure any request with [org.springframework.security.web.session.DisableEncodeUrlFilter@6241ef96, org.springframework.security.web.context.request.async.WebAsyncManagerIntegrationFilter@5865b0f6, org.springframework.security.web.context.SecurityContextHolderFilter@53fa89e6, org.springframework.security.web.header.HeaderWriterFilter@49bf800f, org.springframework.web.filter.CorsFilter@5c7712f0, org.springframework.security.web.csrf.CsrfFilter@7caf0725, org.springframework.security.web.authentication.logout.LogoutFilter@639f7054, org.springframework.security.web.authentication.UsernamePasswordAuthenticationFilter@2c5b04c7, org.springframework.security.web.savedrequest.RequestCacheAwareFilter@da87122, org.springframework.security.web.servletapi.SecurityContextHolderAwareRequestFilter@729cb7b, org.springframework.security.web.authentication.AnonymousAuthenticationFilter@6ed836b3, org.springframework.security.web.access.ExceptionTranslationFilter@27c243a3, org.springframework.security.web.access.intercept.AuthorizationFilter@13e59265]
2025-06-26 15:19:05 [main] INFO  o.e.CulinaryExchangeApplication - Started CulinaryExchangeApplication in 2.141 seconds (process running for 2.368)
2025-06-26 15:19:12 [http-nio-8080-exec-1] INFO  o.a.c.c.C.[.[localhost].[/culinary] - Initializing Spring DispatcherServlet 'dispatcherServlet'
2025-06-26 15:19:12 [http-nio-8080-exec-1] DEBUG o.s.security.web.FilterChainProxy - Securing GET /recipe/create
2025-06-26 15:19:12 [http-nio-8080-exec-1] DEBUG o.s.s.w.a.AnonymousAuthenticationFilter - Set SecurityContextHolder to anonymous SecurityContext
2025-06-26 15:19:12 [http-nio-8080-exec-1] DEBUG o.s.s.w.s.HttpSessionRequestCache - Saved request http://localhost:8080/culinary/recipe/create?continue to session
2025-06-26 15:19:12 [http-nio-8080-exec-1] DEBUG o.s.s.web.DefaultRedirectStrategy - Redirecting to http://localhost:8080/culinary/login
2025-06-26 15:19:12 [http-nio-8080-exec-2] DEBUG o.s.security.web.FilterChainProxy - Securing GET /login
2025-06-26 15:19:12 [http-nio-8080-exec-2] DEBUG o.s.security.web.FilterChainProxy - Secured GET /login
2025-06-26 15:19:12 [http-nio-8080-exec-2] DEBUG o.s.security.web.FilterChainProxy - Securing GET /WEB-INF/views/login.jsp
2025-06-26 15:19:12 [http-nio-8080-exec-2] DEBUG o.s.security.web.FilterChainProxy - Secured GET /WEB-INF/views/login.jsp
2025-06-26 15:19:12 [http-nio-8080-exec-2] DEBUG o.s.s.w.a.AnonymousAuthenticationFilter - Set SecurityContextHolder to anonymous SecurityContext
2025-06-26 15:19:12 [http-nio-8080-exec-4] DEBUG o.s.security.web.FilterChainProxy - Securing GET /styles/normalize.8.0.1.css
2025-06-26 15:19:12 [http-nio-8080-exec-4] DEBUG o.s.security.web.FilterChainProxy - Secured GET /styles/normalize.8.0.1.css
2025-06-26 15:19:12 [http-nio-8080-exec-5] DEBUG o.s.security.web.FilterChainProxy - Securing GET /styles/reset.css
2025-06-26 15:19:12 [http-nio-8080-exec-7] DEBUG o.s.security.web.FilterChainProxy - Securing GET /styles/header.css
2025-06-26 15:19:12 [http-nio-8080-exec-7] DEBUG o.s.security.web.FilterChainProxy - Secured GET /styles/header.css
2025-06-26 15:19:12 [http-nio-8080-exec-5] DEBUG o.s.security.web.FilterChainProxy - Secured GET /styles/reset.css
2025-06-26 15:19:12 [http-nio-8080-exec-6] DEBUG o.s.security.web.FilterChainProxy - Securing GET /styles/login.css
2025-06-26 15:19:12 [http-nio-8080-exec-6] DEBUG o.s.security.web.FilterChainProxy - Secured GET /styles/login.css
2025-06-26 15:19:12 [http-nio-8080-exec-9] DEBUG o.s.security.web.FilterChainProxy - Securing GET /styles/global.css
2025-06-26 15:19:12 [http-nio-8080-exec-9] DEBUG o.s.security.web.FilterChainProxy - Secured GET /styles/global.css
2025-06-26 15:19:12 [http-nio-8080-exec-8] DEBUG o.s.security.web.FilterChainProxy - Securing GET /styles/footer.css
2025-06-26 15:19:12 [http-nio-8080-exec-8] DEBUG o.s.security.web.FilterChainProxy - Secured GET /styles/footer.css
2025-06-26 15:19:12 [http-nio-8080-exec-6] DEBUG o.s.s.w.a.AnonymousAuthenticationFilter - Set SecurityContextHolder to anonymous SecurityContext
2025-06-26 15:19:12 [http-nio-8080-exec-5] DEBUG o.s.s.w.a.AnonymousAuthenticationFilter - Set SecurityContextHolder to anonymous SecurityContext
2025-06-26 15:19:12 [http-nio-8080-exec-8] DEBUG o.s.s.w.a.AnonymousAuthenticationFilter - Set SecurityContextHolder to anonymous SecurityContext
2025-06-26 15:19:12 [http-nio-8080-exec-4] DEBUG o.s.s.w.a.AnonymousAuthenticationFilter - Set SecurityContextHolder to anonymous SecurityContext
2025-06-26 15:19:12 [http-nio-8080-exec-7] DEBUG o.s.s.w.a.AnonymousAuthenticationFilter - Set SecurityContextHolder to anonymous SecurityContext
2025-06-26 15:19:12 [http-nio-8080-exec-9] DEBUG o.s.s.w.a.AnonymousAuthenticationFilter - Set SecurityContextHolder to anonymous SecurityContext
2025-06-26 15:19:17 [http-nio-8080-exec-10] DEBUG o.s.security.web.FilterChainProxy - Securing POST /login
2025-06-26 15:19:17 [http-nio-8080-exec-10] DEBUG o.s.s.a.d.DaoAuthenticationProvider - Authenticated user
2025-06-26 15:19:17 [http-nio-8080-exec-10] DEBUG o.s.s.w.a.s.ChangeSessionIdAuthenticationStrategy - Changed session id from F5BCB6BAD446D81B01CE0C7516E65C32
2025-06-26 15:19:17 [http-nio-8080-exec-10] DEBUG o.s.s.w.c.CsrfAuthenticationStrategy - Replaced CSRF Token
2025-06-26 15:19:17 [http-nio-8080-exec-10] DEBUG o.s.s.w.c.HttpSessionSecurityContextRepository - Stored SecurityContextImpl [Authentication=UsernamePasswordAuthenticationToken [Principal=org.example.security.CustomUserDetails@63d72b6a, Credentials=[PROTECTED], Authenticated=true, Details=WebAuthenticationDetails [RemoteIpAddress=0:0:0:0:0:0:0:1, SessionId=F5BCB6BAD446D81B01CE0C7516E65C32], Granted Authorities=[ROLE_USER]]] to HttpSession [org.apache.catalina.session.StandardSessionFacade@79c7fa24]
2025-06-26 15:19:17 [http-nio-8080-exec-10] DEBUG o.s.s.w.a.UsernamePasswordAuthenticationFilter - Set SecurityContextHolder to UsernamePasswordAuthenticationToken [Principal=org.example.security.CustomUserDetails@63d72b6a, Credentials=[PROTECTED], Authenticated=true, Details=WebAuthenticationDetails [RemoteIpAddress=0:0:0:0:0:0:0:1, SessionId=F5BCB6BAD446D81B01CE0C7516E65C32], Granted Authorities=[ROLE_USER]]
2025-06-26 15:19:17 [http-nio-8080-exec-10] DEBUG o.s.s.web.DefaultRedirectStrategy - Redirecting to http://localhost:8080/culinary/recipe/create?continue
2025-06-26 15:19:17 [http-nio-8080-exec-1] DEBUG o.s.security.web.FilterChainProxy - Securing GET /recipe/create?continue
2025-06-26 15:19:17 [http-nio-8080-exec-1] DEBUG o.s.s.w.s.HttpSessionRequestCache - Loaded matching saved request http://localhost:8080/culinary/recipe/create?continue
2025-06-26 15:19:17 [http-nio-8080-exec-1] DEBUG o.s.s.w.c.HttpSessionSecurityContextRepository - Retrieved SecurityContextImpl [Authentication=UsernamePasswordAuthenticationToken [Principal=org.example.security.CustomUserDetails@63d72b6a, Credentials=[PROTECTED], Authenticated=true, Details=WebAuthenticationDetails [RemoteIpAddress=0:0:0:0:0:0:0:1, SessionId=F5BCB6BAD446D81B01CE0C7516E65C32], Granted Authorities=[ROLE_USER]]]
2025-06-26 15:19:17 [http-nio-8080-exec-1] DEBUG o.s.security.web.FilterChainProxy - Secured GET /recipe/create?continue
2025-06-26 15:19:17 [http-nio-8080-exec-1] DEBUG o.s.security.web.FilterChainProxy - Securing GET /WEB-INF/views/createRecipe.jsp?continue
2025-06-26 15:19:17 [http-nio-8080-exec-1] DEBUG o.s.security.web.FilterChainProxy - Secured GET /WEB-INF/views/createRecipe.jsp?continue
2025-06-26 15:19:17 [http-nio-8080-exec-3] DEBUG o.s.security.web.FilterChainProxy - Securing GET /styles/normalize.8.0.1.css
2025-06-26 15:19:17 [http-nio-8080-exec-2] DEBUG o.s.security.web.FilterChainProxy - Securing GET /styles/reset.css
2025-06-26 15:19:17 [http-nio-8080-exec-3] DEBUG o.s.security.web.FilterChainProxy - Secured GET /styles/normalize.8.0.1.css
2025-06-26 15:19:17 [http-nio-8080-exec-2] DEBUG o.s.security.web.FilterChainProxy - Secured GET /styles/reset.css
2025-06-26 15:19:17 [http-nio-8080-exec-5] DEBUG o.s.security.web.FilterChainProxy - Securing GET /styles/global.css
2025-06-26 15:19:17 [http-nio-8080-exec-5] DEBUG o.s.security.web.FilterChainProxy - Secured GET /styles/global.css
2025-06-26 15:19:17 [http-nio-8080-exec-8] DEBUG o.s.security.web.FilterChainProxy - Securing GET /styles/header.css
2025-06-26 15:19:17 [http-nio-8080-exec-6] DEBUG o.s.security.web.FilterChainProxy - Securing GET /styles/createRecipe.css
2025-06-26 15:19:17 [http-nio-8080-exec-7] DEBUG o.s.security.web.FilterChainProxy - Securing GET /styles/footer.css
2025-06-26 15:19:17 [http-nio-8080-exec-8] DEBUG o.s.security.web.FilterChainProxy - Secured GET /styles/header.css
2025-06-26 15:19:17 [http-nio-8080-exec-6] DEBUG o.s.security.web.FilterChainProxy - Secured GET /styles/createRecipe.css
2025-06-26 15:19:17 [http-nio-8080-exec-7] DEBUG o.s.security.web.FilterChainProxy - Secured GET /styles/footer.css
2025-06-26 15:19:17 [http-nio-8080-exec-3] DEBUG o.s.s.w.c.HttpSessionSecurityContextRepository - Retrieved SecurityContextImpl [Authentication=UsernamePasswordAuthenticationToken [Principal=org.example.security.CustomUserDetails@63d72b6a, Credentials=[PROTECTED], Authenticated=true, Details=WebAuthenticationDetails [RemoteIpAddress=0:0:0:0:0:0:0:1, SessionId=F5BCB6BAD446D81B01CE0C7516E65C32], Granted Authorities=[ROLE_USER]]]
2025-06-26 15:19:17 [http-nio-8080-exec-5] DEBUG o.s.s.w.c.HttpSessionSecurityContextRepository - Retrieved SecurityContextImpl [Authentication=UsernamePasswordAuthenticationToken [Principal=org.example.security.CustomUserDetails@63d72b6a, Credentials=[PROTECTED], Authenticated=true, Details=WebAuthenticationDetails [RemoteIpAddress=0:0:0:0:0:0:0:1, SessionId=F5BCB6BAD446D81B01CE0C7516E65C32], Granted Authorities=[ROLE_USER]]]
2025-06-26 15:19:17 [http-nio-8080-exec-2] DEBUG o.s.s.w.c.HttpSessionSecurityContextRepository - Retrieved SecurityContextImpl [Authentication=UsernamePasswordAuthenticationToken [Principal=org.example.security.CustomUserDetails@63d72b6a, Credentials=[PROTECTED], Authenticated=true, Details=WebAuthenticationDetails [RemoteIpAddress=0:0:0:0:0:0:0:1, SessionId=F5BCB6BAD446D81B01CE0C7516E65C32], Granted Authorities=[ROLE_USER]]]
2025-06-26 15:19:17 [http-nio-8080-exec-8] DEBUG o.s.s.w.c.HttpSessionSecurityContextRepository - Retrieved SecurityContextImpl [Authentication=UsernamePasswordAuthenticationToken [Principal=org.example.security.CustomUserDetails@63d72b6a, Credentials=[PROTECTED], Authenticated=true, Details=WebAuthenticationDetails [RemoteIpAddress=0:0:0:0:0:0:0:1, SessionId=F5BCB6BAD446D81B01CE0C7516E65C32], Granted Authorities=[ROLE_USER]]]
2025-06-26 15:19:17 [http-nio-8080-exec-7] DEBUG o.s.s.w.c.HttpSessionSecurityContextRepository - Retrieved SecurityContextImpl [Authentication=UsernamePasswordAuthenticationToken [Principal=org.example.security.CustomUserDetails@63d72b6a, Credentials=[PROTECTED], Authenticated=true, Details=WebAuthenticationDetails [RemoteIpAddress=0:0:0:0:0:0:0:1, SessionId=F5BCB6BAD446D81B01CE0C7516E65C32], Granted Authorities=[ROLE_USER]]]
2025-06-26 15:19:17 [http-nio-8080-exec-6] DEBUG o.s.s.w.c.HttpSessionSecurityContextRepository - Retrieved SecurityContextImpl [Authentication=UsernamePasswordAuthenticationToken [Principal=org.example.security.CustomUserDetails@63d72b6a, Credentials=[PROTECTED], Authenticated=true, Details=WebAuthenticationDetails [RemoteIpAddress=0:0:0:0:0:0:0:1, SessionId=F5BCB6BAD446D81B01CE0C7516E65C32], Granted Authorities=[ROLE_USER]]]
2025-06-26 15:19:40 [http-nio-8080-exec-2] DEBUG o.s.security.web.FilterChainProxy - Securing POST /recipe/create
2025-06-26 15:19:40 [http-nio-8080-exec-2] DEBUG o.s.s.w.c.HttpSessionSecurityContextRepository - Retrieved SecurityContextImpl [Authentication=UsernamePasswordAuthenticationToken [Principal=org.example.security.CustomUserDetails@63d72b6a, Credentials=[PROTECTED], Authenticated=true, Details=WebAuthenticationDetails [RemoteIpAddress=0:0:0:0:0:0:0:1, SessionId=F5BCB6BAD446D81B01CE0C7516E65C32], Granted Authorities=[ROLE_USER]]]
2025-06-26 15:19:40 [http-nio-8080-exec-2] DEBUG o.s.security.web.FilterChainProxy - Secured POST /recipe/create
2025-06-26 15:19:40 [http-nio-8080-exec-8] DEBUG o.s.security.web.FilterChainProxy - Securing GET /cookbook
2025-06-26 15:19:40 [http-nio-8080-exec-8] DEBUG o.s.s.w.c.HttpSessionSecurityContextRepository - Retrieved SecurityContextImpl [Authentication=UsernamePasswordAuthenticationToken [Principal=org.example.security.CustomUserDetails@63d72b6a, Credentials=[PROTECTED], Authenticated=true, Details=WebAuthenticationDetails [RemoteIpAddress=0:0:0:0:0:0:0:1, SessionId=F5BCB6BAD446D81B01CE0C7516E65C32], Granted Authorities=[ROLE_USER]]]
2025-06-26 15:19:40 [http-nio-8080-exec-8] DEBUG o.s.security.web.FilterChainProxy - Secured GET /cookbook
2025-06-26 15:19:40 [http-nio-8080-exec-8] DEBUG o.s.security.web.FilterChainProxy - Securing GET /WEB-INF/views/cookbook.jsp
2025-06-26 15:19:40 [http-nio-8080-exec-8] DEBUG o.s.security.web.FilterChainProxy - Secured GET /WEB-INF/views/cookbook.jsp
2025-06-26 15:19:40 [http-nio-8080-exec-7] DEBUG o.s.security.web.FilterChainProxy - Securing GET /styles/normalize.8.0.1.css
2025-06-26 15:19:40 [http-nio-8080-exec-6] DEBUG o.s.security.web.FilterChainProxy - Securing GET /styles/reset.css
2025-06-26 15:19:40 [http-nio-8080-exec-7] DEBUG o.s.security.web.FilterChainProxy - Secured GET /styles/normalize.8.0.1.css
2025-06-26 15:19:40 [http-nio-8080-exec-6] DEBUG o.s.security.web.FilterChainProxy - Secured GET /styles/reset.css
2025-06-26 15:19:40 [http-nio-8080-exec-9] DEBUG o.s.security.web.FilterChainProxy - Securing GET /styles/header.css
2025-06-26 15:19:40 [http-nio-8080-exec-4] DEBUG o.s.security.web.FilterChainProxy - Securing GET /styles/cookbook.css
2025-06-26 15:19:40 [http-nio-8080-exec-9] DEBUG o.s.security.web.FilterChainProxy - Secured GET /styles/header.css
2025-06-26 15:19:40 [http-nio-8080-exec-4] DEBUG o.s.security.web.FilterChainProxy - Secured GET /styles/cookbook.css
2025-06-26 15:19:40 [http-nio-8080-exec-5] DEBUG o.s.security.web.FilterChainProxy - Securing GET /styles/global.css
2025-06-26 15:19:40 [http-nio-8080-exec-5] DEBUG o.s.security.web.FilterChainProxy - Secured GET /styles/global.css
2025-06-26 15:19:40 [http-nio-8080-exec-3] DEBUG o.s.security.web.FilterChainProxy - Securing GET /styles/footer.css
2025-06-26 15:19:40 [http-nio-8080-exec-3] DEBUG o.s.security.web.FilterChainProxy - Secured GET /styles/footer.css
2025-06-26 15:19:40 [http-nio-8080-exec-7] DEBUG o.s.s.w.c.HttpSessionSecurityContextRepository - Retrieved SecurityContextImpl [Authentication=UsernamePasswordAuthenticationToken [Principal=org.example.security.CustomUserDetails@63d72b6a, Credentials=[PROTECTED], Authenticated=true, Details=WebAuthenticationDetails [RemoteIpAddress=0:0:0:0:0:0:0:1, SessionId=F5BCB6BAD446D81B01CE0C7516E65C32], Granted Authorities=[ROLE_USER]]]
2025-06-26 15:19:40 [http-nio-8080-exec-6] DEBUG o.s.s.w.c.HttpSessionSecurityContextRepository - Retrieved SecurityContextImpl [Authentication=UsernamePasswordAuthenticationToken [Principal=org.example.security.CustomUserDetails@63d72b6a, Credentials=[PROTECTED], Authenticated=true, Details=WebAuthenticationDetails [RemoteIpAddress=0:0:0:0:0:0:0:1, SessionId=F5BCB6BAD446D81B01CE0C7516E65C32], Granted Authorities=[ROLE_USER]]]
2025-06-26 15:19:40 [http-nio-8080-exec-4] DEBUG o.s.s.w.c.HttpSessionSecurityContextRepository - Retrieved SecurityContextImpl [Authentication=UsernamePasswordAuthenticationToken [Principal=org.example.security.CustomUserDetails@63d72b6a, Credentials=[PROTECTED], Authenticated=true, Details=WebAuthenticationDetails [RemoteIpAddress=0:0:0:0:0:0:0:1, SessionId=F5BCB6BAD446D81B01CE0C7516E65C32], Granted Authorities=[ROLE_USER]]]
2025-06-26 15:19:40 [http-nio-8080-exec-5] DEBUG o.s.s.w.c.HttpSessionSecurityContextRepository - Retrieved SecurityContextImpl [Authentication=UsernamePasswordAuthenticationToken [Principal=org.example.security.CustomUserDetails@63d72b6a, Credentials=[PROTECTED], Authenticated=true, Details=WebAuthenticationDetails [RemoteIpAddress=0:0:0:0:0:0:0:1, SessionId=F5BCB6BAD446D81B01CE0C7516E65C32], Granted Authorities=[ROLE_USER]]]
2025-06-26 15:19:40 [http-nio-8080-exec-3] DEBUG o.s.s.w.c.HttpSessionSecurityContextRepository - Retrieved SecurityContextImpl [Authentication=UsernamePasswordAuthenticationToken [Principal=org.example.security.CustomUserDetails@63d72b6a, Credentials=[PROTECTED], Authenticated=true, Details=WebAuthenticationDetails [RemoteIpAddress=0:0:0:0:0:0:0:1, SessionId=F5BCB6BAD446D81B01CE0C7516E65C32], Granted Authorities=[ROLE_USER]]]
2025-06-26 15:19:40 [http-nio-8080-exec-9] DEBUG o.s.s.w.c.HttpSessionSecurityContextRepository - Retrieved SecurityContextImpl [Authentication=UsernamePasswordAuthenticationToken [Principal=org.example.security.CustomUserDetails@63d72b6a, Credentials=[PROTECTED], Authenticated=true, Details=WebAuthenticationDetails [RemoteIpAddress=0:0:0:0:0:0:0:1, SessionId=F5BCB6BAD446D81B01CE0C7516E65C32], Granted Authorities=[ROLE_USER]]]
2025-06-26 15:19:40 [http-nio-8080-exec-1] DEBUG o.s.security.web.FilterChainProxy - Securing GET /image?file=1750687597303_%D0%A1%D0%BD%D0%B8%D0%BC%D0%BE%D0%BA%20%D1%8D%D0%BA%D1%80%D0%B0%D0%BD%D0%B0%202025-03-16%20%D0%B2%2019.33.55.png
2025-06-26 15:19:40 [http-nio-8080-exec-10] DEBUG o.s.security.web.FilterChainProxy - Securing GET /image?file=1750635976463_%D0%A1%D0%BD%D0%B8%D0%BC%D0%BE%D0%BA%20%D1%8D%D0%BA%D1%80%D0%B0%D0%BD%D0%B0%202025-03-16%20%D0%B2%2011.03.50.png
2025-06-26 15:19:40 [http-nio-8080-exec-1] DEBUG o.s.security.web.FilterChainProxy - Secured GET /image?file=1750687597303_%D0%A1%D0%BD%D0%B8%D0%BC%D0%BE%D0%BA%20%D1%8D%D0%BA%D1%80%D0%B0%D0%BD%D0%B0%202025-03-16%20%D0%B2%2019.33.55.png
2025-06-26 15:19:40 [http-nio-8080-exec-10] DEBUG o.s.security.web.FilterChainProxy - Secured GET /image?file=1750635976463_%D0%A1%D0%BD%D0%B8%D0%BC%D0%BE%D0%BA%20%D1%8D%D0%BA%D1%80%D0%B0%D0%BD%D0%B0%202025-03-16%20%D0%B2%2011.03.50.png
2025-06-26 15:19:40 [http-nio-8080-exec-1] DEBUG o.s.s.w.c.HttpSessionSecurityContextRepository - Retrieved SecurityContextImpl [Authentication=UsernamePasswordAuthenticationToken [Principal=org.example.security.CustomUserDetails@63d72b6a, Credentials=[PROTECTED], Authenticated=true, Details=WebAuthenticationDetails [RemoteIpAddress=0:0:0:0:0:0:0:1, SessionId=F5BCB6BAD446D81B01CE0C7516E65C32], Granted Authorities=[ROLE_USER]]]
2025-06-26 15:19:40 [http-nio-8080-exec-10] DEBUG o.s.s.w.c.HttpSessionSecurityContextRepository - Retrieved SecurityContextImpl [Authentication=UsernamePasswordAuthenticationToken [Principal=org.example.security.CustomUserDetails@63d72b6a, Credentials=[PROTECTED], Authenticated=true, Details=WebAuthenticationDetails [RemoteIpAddress=0:0:0:0:0:0:0:1, SessionId=F5BCB6BAD446D81B01CE0C7516E65C32], Granted Authorities=[ROLE_USER]]]
2025-06-26 15:19:45 [http-nio-8080-exec-3] DEBUG o.s.security.web.FilterChainProxy - Securing GET /recipe/9
2025-06-26 15:19:45 [http-nio-8080-exec-3] DEBUG o.s.security.web.FilterChainProxy - Secured GET /recipe/9
2025-06-26 15:19:45 [http-nio-8080-exec-3] DEBUG o.s.s.w.c.HttpSessionSecurityContextRepository - Retrieved SecurityContextImpl [Authentication=UsernamePasswordAuthenticationToken [Principal=org.example.security.CustomUserDetails@63d72b6a, Credentials=[PROTECTED], Authenticated=true, Details=WebAuthenticationDetails [RemoteIpAddress=0:0:0:0:0:0:0:1, SessionId=F5BCB6BAD446D81B01CE0C7516E65C32], Granted Authorities=[ROLE_USER]]]
2025-06-26 15:19:45 [http-nio-8080-exec-3] DEBUG o.s.security.web.FilterChainProxy - Securing GET /WEB-INF/views/showRecipe.jsp
2025-06-26 15:19:45 [http-nio-8080-exec-3] DEBUG o.s.security.web.FilterChainProxy - Secured GET /WEB-INF/views/showRecipe.jsp
2025-06-26 15:19:45 [http-nio-8080-exec-1] DEBUG o.s.security.web.FilterChainProxy - Securing GET /styles/reset.css
2025-06-26 15:19:45 [http-nio-8080-exec-7] DEBUG o.s.security.web.FilterChainProxy - Securing GET /styles/showRecipe.css
2025-06-26 15:19:45 [http-nio-8080-exec-2] DEBUG o.s.security.web.FilterChainProxy - Securing GET /styles/header.css
2025-06-26 15:19:45 [http-nio-8080-exec-9] DEBUG o.s.security.web.FilterChainProxy - Securing GET /styles/normalize.8.0.1.css
2025-06-26 15:19:45 [http-nio-8080-exec-10] DEBUG o.s.security.web.FilterChainProxy - Securing GET /styles/footer.css
2025-06-26 15:19:45 [http-nio-8080-exec-6] DEBUG o.s.security.web.FilterChainProxy - Securing GET /styles/global.css
2025-06-26 15:19:45 [http-nio-8080-exec-1] DEBUG o.s.security.web.FilterChainProxy - Secured GET /styles/reset.css
2025-06-26 15:19:45 [http-nio-8080-exec-2] DEBUG o.s.security.web.FilterChainProxy - Secured GET /styles/header.css
2025-06-26 15:19:45 [http-nio-8080-exec-7] DEBUG o.s.security.web.FilterChainProxy - Secured GET /styles/showRecipe.css
2025-06-26 15:19:45 [http-nio-8080-exec-6] DEBUG o.s.security.web.FilterChainProxy - Secured GET /styles/global.css
2025-06-26 15:19:45 [http-nio-8080-exec-10] DEBUG o.s.security.web.FilterChainProxy - Secured GET /styles/footer.css
2025-06-26 15:19:45 [http-nio-8080-exec-9] DEBUG o.s.security.web.FilterChainProxy - Secured GET /styles/normalize.8.0.1.css
2025-06-26 15:19:45 [http-nio-8080-exec-9] DEBUG o.s.s.w.c.HttpSessionSecurityContextRepository - Retrieved SecurityContextImpl [Authentication=UsernamePasswordAuthenticationToken [Principal=org.example.security.CustomUserDetails@63d72b6a, Credentials=[PROTECTED], Authenticated=true, Details=WebAuthenticationDetails [RemoteIpAddress=0:0:0:0:0:0:0:1, SessionId=F5BCB6BAD446D81B01CE0C7516E65C32], Granted Authorities=[ROLE_USER]]]
2025-06-26 15:19:45 [http-nio-8080-exec-10] DEBUG o.s.s.w.c.HttpSessionSecurityContextRepository - Retrieved SecurityContextImpl [Authentication=UsernamePasswordAuthenticationToken [Principal=org.example.security.CustomUserDetails@63d72b6a, Credentials=[PROTECTED], Authenticated=true, Details=WebAuthenticationDetails [RemoteIpAddress=0:0:0:0:0:0:0:1, SessionId=F5BCB6BAD446D81B01CE0C7516E65C32], Granted Authorities=[ROLE_USER]]]
2025-06-26 15:19:45 [http-nio-8080-exec-6] DEBUG o.s.s.w.c.HttpSessionSecurityContextRepository - Retrieved SecurityContextImpl [Authentication=UsernamePasswordAuthenticationToken [Principal=org.example.security.CustomUserDetails@63d72b6a, Credentials=[PROTECTED], Authenticated=true, Details=WebAuthenticationDetails [RemoteIpAddress=0:0:0:0:0:0:0:1, SessionId=F5BCB6BAD446D81B01CE0C7516E65C32], Granted Authorities=[ROLE_USER]]]
2025-06-26 15:19:45 [http-nio-8080-exec-7] DEBUG o.s.s.w.c.HttpSessionSecurityContextRepository - Retrieved SecurityContextImpl [Authentication=UsernamePasswordAuthenticationToken [Principal=org.example.security.CustomUserDetails@63d72b6a, Credentials=[PROTECTED], Authenticated=true, Details=WebAuthenticationDetails [RemoteIpAddress=0:0:0:0:0:0:0:1, SessionId=F5BCB6BAD446D81B01CE0C7516E65C32], Granted Authorities=[ROLE_USER]]]
2025-06-26 15:19:45 [http-nio-8080-exec-2] DEBUG o.s.s.w.c.HttpSessionSecurityContextRepository - Retrieved SecurityContextImpl [Authentication=UsernamePasswordAuthenticationToken [Principal=org.example.security.CustomUserDetails@63d72b6a, Credentials=[PROTECTED], Authenticated=true, Details=WebAuthenticationDetails [RemoteIpAddress=0:0:0:0:0:0:0:1, SessionId=F5BCB6BAD446D81B01CE0C7516E65C32], Granted Authorities=[ROLE_USER]]]
2025-06-26 15:19:45 [http-nio-8080-exec-1] DEBUG o.s.s.w.c.HttpSessionSecurityContextRepository - Retrieved SecurityContextImpl [Authentication=UsernamePasswordAuthenticationToken [Principal=org.example.security.CustomUserDetails@63d72b6a, Credentials=[PROTECTED], Authenticated=true, Details=WebAuthenticationDetails [RemoteIpAddress=0:0:0:0:0:0:0:1, SessionId=F5BCB6BAD446D81B01CE0C7516E65C32], Granted Authorities=[ROLE_USER]]]
2025-06-26 15:20:22 [SpringApplicationShutdownHook] INFO  com.zaxxer.hikari.HikariDataSource - HikariPool-1 - Shutdown initiated...
2025-06-26 15:20:22 [SpringApplicationShutdownHook] INFO  com.zaxxer.hikari.HikariDataSource - HikariPool-1 - Shutdown completed.
